biosample	assembly_accession	bioproject	taxon	organism_name	infraspecific_name	taxid	species_taxid	seq_rel_date	asm_name	ftp_path	summary_source	refseq_category	genome_size	n_runs_available	run_accession	study_accession	instrument_model	library_selection	read_count	base_count	fastq_ftp	fastq_md5	fastq_bytes	estimated_coverage	selection_year_pool
SAMD00499712	GCF_059739495.1	PRJNA224116	Citrobacter spp.	Citrobacter freundii	strain=JBCDAAB-19-0172	546	546	2026-04-07	ASM5973949v1	https://ftp.ncbi.nlm.nih.gov/genomes/all/GCF/059/739/495/GCF_059739495.1_ASM5973949v1/	refseq	na	5092678	1	DRR388216	PRJDB10842	HiSeq X Five	RANDOM	1191554	359849308	ftp.sra.ebi.ac.uk/vol1/fastq/DRR388/DRR388216/DRR388216_1.fastq.gz;ftp.sra.ebi.ac.uk/vol1/fastq/DRR388/DRR388216/DRR388216_2.fastq.gz	9313bb9ba5933643712c84ae97d68153;fdfeae6f0d582022953f2255a7066e4f	63418127;63571667	70.7	2024+
SAMN10435561	GCF_016505445.2	PRJNA224116	Citrobacter spp.	Citrobacter braakii	strain=CB00017	57706	57706	2025-10-06	ASM1650544v2	https://ftp.ncbi.nlm.nih.gov/genomes/all/GCF/016/505/445/GCF_016505445.2_ASM1650544v2/	refseq	na	5148049	1	SRR8199041	PRJNA475751	NextSeq 500	RANDOM	2074794	626587788	ftp.sra.ebi.ac.uk/vol1/fastq/SRR819/001/SRR8199041/SRR8199041_1.fastq.gz;ftp.sra.ebi.ac.uk/vol1/fastq/SRR819/001/SRR8199041/SRR8199041_2.fastq.gz	64489b5cd9c655e678b770db52fdf5b3;dd8aa54201b45082814ac0d5bbb130cd	181462038;181640852	121.7	2024+
SAMN10435572	GCF_016505285.2	PRJNA224116	Citrobacter spp.	Citrobacter freundii	strain=CB00028	546	546	2025-10-06	ASM1650528v2	https://ftp.ncbi.nlm.nih.gov/genomes/all/GCF/016/505/285/GCF_016505285.2_ASM1650528v2/	refseq	na	5663418	1	SRR8198953	PRJNA475751	NextSeq 500	RANDOM	974175	294200850	ftp.sra.ebi.ac.uk/vol1/fastq/SRR819/003/SRR8198953/SRR8198953_1.fastq.gz;ftp.sra.ebi.ac.uk/vol1/fastq/SRR819/003/SRR8198953/SRR8198953_2.fastq.gz	b8819260fcdb0912c9f9228656589e3c;f80629866ca3cfe1d85b5f53613a962c	85675911;86950975	51.9	2024+
SAMN15488622	GCF_029719225.1	PRJNA224116	Citrobacter spp.	Citrobacter portucalensis	strain=RHB38-SO-C05	1639133	1639133	2023-04-13	ASM2971922v1	https://ftp.ncbi.nlm.nih.gov/genomes/all/GCF/029/719/225/GCF_029719225.1_ASM2971922v1/	refseq	na	5265547	1	SRR12184067	PRJNA605147	Illumina HiSeq 4000	RANDOM	2229900	673155119	ftp.sra.ebi.ac.uk/vol1/fastq/SRR121/067/SRR12184067/SRR12184067_1.fastq.gz;ftp.sra.ebi.ac.uk/vol1/fastq/SRR121/067/SRR12184067/SRR12184067_2.fastq.gz	f8f72f1b69d8bd45e6f67a9dd9505bbe;8e1988cdc7e30abfe820c935aeb920d0	136517799;139212576	127.8	2023 fallback
SAMN22837217	GCF_036785855.1	PRJNA224116	Citrobacter spp.	Citrobacter portucalensis	strain=CAVp365	1639133	1639133	2024-02-22	ASM3678585v1	https://ftp.ncbi.nlm.nih.gov/genomes/all/GCF/036/785/855/GCF_036785855.1_ASM3678585v1/	refseq	na	4932743	1	SRR16694229	PRJNA411762	Illumina HiSeq 4000	RANDOM	3192032	478356750	ftp.sra.ebi.ac.uk/vol1/fastq/SRR166/029/SRR16694229/SRR16694229_1.fastq.gz;ftp.sra.ebi.ac.uk/vol1/fastq/SRR166/029/SRR16694229/SRR16694229_2.fastq.gz	30698a01867b3d64ae9e3976b7968e13;07869747bb98288edd0780c09da9eb20	120113210;130158119	97.0	2024+
SAMN26198497	GCF_040591245.1	PRJNA224116	Citrobacter spp.	Citrobacter portucalensis	strain=19MO02SH04	1639133	1639133	2024-07-10	ASM4059124v1	https://ftp.ncbi.nlm.nih.gov/genomes/all/GCF/040/591/245/GCF_040591245.1_ASM4059124v1/	refseq	na	5205676	1	SRR18507812	PRJNA800017	Illumina MiSeq	RANDOM PCR	814634	373940579	ftp.sra.ebi.ac.uk/vol1/fastq/SRR185/012/SRR18507812/SRR18507812_1.fastq.gz;ftp.sra.ebi.ac.uk/vol1/fastq/SRR185/012/SRR18507812/SRR18507812_2.fastq.gz	5af094236d5aa25c99bf237e0f4544c1;02fc349442e0738699396813b5971244	133031681;168808299	71.8	2024+
SAMN26198498	GCF_040585435.1	PRJNA224116	Citrobacter spp.	Citrobacter portucalensis	strain=19MO02SH05	1639133	1639133	2024-07-10	ASM4058543v1	https://ftp.ncbi.nlm.nih.gov/genomes/all/GCF/040/585/435/GCF_040585435.1_ASM4058543v1/	refseq	na	5048679	1	SRR18507811	PRJNA800017	Illumina MiSeq	RANDOM PCR	858147	439614110	ftp.sra.ebi.ac.uk/vol1/fastq/SRR185/011/SRR18507811/SRR18507811_1.fastq.gz;ftp.sra.ebi.ac.uk/vol1/fastq/SRR185/011/SRR18507811/SRR18507811_2.fastq.gz	85284369ce1731d5eec91fb62037a0f3;c6b9909d73bf683f811997d99ade268f	162912403;202169561	87.1	2024+
SAMN26796377	GCF_059230765.1	PRJNA224116	Citrobacter spp.	Citrobacter freundii	strain=F51220114	546	546	2026-07-11	ASM5923076v1	https://ftp.ncbi.nlm.nih.gov/genomes/all/GCF/059/230/765/GCF_059230765.1_ASM5923076v1/	refseq	na	6123619	1	SRR18369960	PRJNA799063	Illumina MiSeq	RANDOM	8121522	2209360718	ftp.sra.ebi.ac.uk/vol1/fastq/SRR183/060/SRR18369960/SRR18369960_1.fastq.gz;ftp.sra.ebi.ac.uk/vol1/fastq/SRR183/060/SRR18369960/SRR18369960_2.fastq.gz	0d2362bc52c269dcbbea8162463f7bdd;f3883935d12b24ad1ed08836f9b90d61	519608438;540232940	360.8	2024+
SAMN26796439	GCF_059232575.1	PRJNA224116	Citrobacter spp.	Citrobacter braakii	strain=V22220114	57706	57706	2026-07-11	ASM5923257v1	https://ftp.ncbi.nlm.nih.gov/genomes/all/GCF/059/232/575/GCF_059232575.1_ASM5923257v1/	refseq	na	5346041	1	SRR18370082	PRJNA799063	Illumina MiSeq	RANDOM	18509609	5276138558	ftp.sra.ebi.ac.uk/vol1/fastq/SRR183/082/SRR18370082/SRR18370082_1.fastq.gz;ftp.sra.ebi.ac.uk/vol1/fastq/SRR183/082/SRR18370082/SRR18370082_2.fastq.gz	36977e657f8dfafd3970f3c04a088574;ecb9ea07895f8200c55f4eee3b437ae9	1230089367;1273641372	986.9	2024+
SAMN29503689	GCF_055901395.1	PRJNA224116	Citrobacter spp.	Citrobacter freundii	strain=31A20CPO001	546	546	2026-03-15	ASM5590139v1	https://ftp.ncbi.nlm.nih.gov/genomes/all/GCF/055/901/395/GCF_055901395.1_ASM5590139v1/	refseq	na	6042633	1	SRR20994883	PRJNA855907	NextSeq 550	RANDOM	2059770	618590053	ftp.sra.ebi.ac.uk/vol1/fastq/SRR209/083/SRR20994883/SRR20994883_1.fastq.gz;ftp.sra.ebi.ac.uk/vol1/fastq/SRR209/083/SRR20994883/SRR20994883_2.fastq.gz	17e13bd6dd78a9eee4c03e18d30fdbac;255040e23b21db409929afe086fcc1a9	180538168;184446346	102.4	2024+
SAMN29503815	GCF_055901255.1	PRJNA224116	Citrobacter spp.	Citrobacter freundii	strain=41A20CPO009	546	546	2026-03-15	ASM5590125v1	https://ftp.ncbi.nlm.nih.gov/genomes/all/GCF/055/901/255/GCF_055901255.1_ASM5590125v1/	refseq	na	5276614	1	SRR20994628	PRJNA855907	NextSeq 550	RANDOM	2096870	623760542	ftp.sra.ebi.ac.uk/vol1/fastq/SRR209/028/SRR20994628/SRR20994628_1.fastq.gz;ftp.sra.ebi.ac.uk/vol1/fastq/SRR209/028/SRR20994628/SRR20994628_2.fastq.gz	4e5cc05f0df60f424be7666017e8b02f;92a6757bf72c3eabebd13ce3e5610612	179894364;184076425	118.2	2024+
SAMN30974101	GCF_030179595.1	PRJNA224116	Citrobacter spp.	Citrobacter portucalensis	strain=2017-45-163	1639133	1639133	2023-06-06	ASM3017959v1	https://ftp.ncbi.nlm.nih.gov/genomes/all/GCF/030/179/595/GCF_030179595.1_ASM3017959v1/	refseq	na	5571345	1	SRR21682084	PRJNA288601	Illumina MiSeq	RANDOM	737099	331390508	ftp.sra.ebi.ac.uk/vol1/fastq/SRR216/084/SRR21682084/SRR21682084_1.fastq.gz;ftp.sra.ebi.ac.uk/vol1/fastq/SRR216/084/SRR21682084/SRR21682084_2.fastq.gz	c5eff4faae9e0d7d00ea4655177f49c8;471283101fc55eb9d8849703c45d9a4b	117050424;136149428	59.5	2023 fallback
SAMN41071142	GCF_046272115.1	PRJNA224116	Citrobacter spp.	Citrobacter braakii	strain=GTVSS-028	57706	57706	2024-12-25	ASM4627211v1	https://ftp.ncbi.nlm.nih.gov/genomes/all/GCF/046/272/115/GCF_046272115.1_ASM4627211v1/	refseq	na	4918772	1	SRR9043684	PRJNA1101017	Illumina MiSeq	RANDOM	702938	332187841	ftp.sra.ebi.ac.uk/vol1/fastq/SRR904/004/SRR9043684/SRR9043684_1.fastq.gz;ftp.sra.ebi.ac.uk/vol1/fastq/SRR904/004/SRR9043684/SRR9043684_2.fastq.gz	41ae295d5f492b5dc5c03cdcc6c3d8dd;93d17e01a7856eb014f779b905b40b78	112880807;130326163	67.5	2024+
SAMN44510955	GCF_044537545.1	PRJNA224116	Citrobacter spp.	Citrobacter amalonaticus	na	35703	35703	2025-02-11	ASM4453754v2	https://ftp.ncbi.nlm.nih.gov/genomes/all/GCF/044/537/545/GCF_044537545.1_ASM4453754v2/	refseq	na	4795544	1	SRR31169678	PRJNA288601	Illumina MiSeq	RANDOM	793100	382293841	ftp.sra.ebi.ac.uk/vol1/fastq/SRR311/078/SRR31169678/SRR31169678_1.fastq.gz;ftp.sra.ebi.ac.uk/vol1/fastq/SRR311/078/SRR31169678/SRR31169678_2.fastq.gz	cb13cf9871bb8c29d9d0b0267b3d7c35;4a9be1bb2602223b88d6c26a6b21b933	158598480;158318575	79.7	2024+
SAMN46343359	GCF_055901195.1	PRJNA224116	Citrobacter spp.	Citrobacter europaeus	na	1914243	1914243	2026-03-15	ASM5590119v1	https://ftp.ncbi.nlm.nih.gov/genomes/all/GCF/055/901/195/GCF_055901195.1_ASM5590119v1/	refseq	na	5339633	1	SRR32113942	PRJNA855907	NextSeq 2000	RANDOM	1569130	435272860	ftp.sra.ebi.ac.uk/vol1/fastq/SRR321/042/SRR32113942/SRR32113942_1.fastq.gz;ftp.sra.ebi.ac.uk/vol1/fastq/SRR321/042/SRR32113942/SRR32113942_2.fastq.gz	9a456edfa75c03db259102032e1b4701;696d7c1084406bf40aa303eb5325a4d4	113733760;120259342	81.5	2024+
SAMN47788335	GCF_053349155.1	PRJNA224116	Citrobacter spp.	Citrobacter portucalensis	strain=CB00420	1639133	1639133	2025-11-06	ASM5334915v1	https://ftp.ncbi.nlm.nih.gov/genomes/all/GCF/053/349/155/GCF_053349155.1_ASM5334915v1/	refseq	na	5262860	1	SRR32985655	PRJNA981541	NextSeq 550	RANDOM	2712997	801763505	ftp.sra.ebi.ac.uk/vol1/fastq/SRR329/055/SRR32985655/SRR32985655_1.fastq.gz;ftp.sra.ebi.ac.uk/vol1/fastq/SRR329/055/SRR32985655/SRR32985655_2.fastq.gz	696eba63c3bbc2253eeeadd615283730;b41d3dad4929ae6ef672713db06d7e16	251624878;258493591	152.3	2024+
SAMN48451385	GCF_052421625.1	PRJNA224116	Citrobacter spp.	Citrobacter portucalensis	strain=KOS1-1	1639133	1639133	2025-09-03	KOS1-1	https://ftp.ncbi.nlm.nih.gov/genomes/all/GCF/052/421/625/GCF_052421625.1_KOS1-1/	refseq	na	5556809	1	SRR36203182	PRJNA1165690	Illumina MiSeq	RANDOM	741626	446458852	ftp.sra.ebi.ac.uk/vol1/fastq/SRR362/082/SRR36203182/SRR36203182_1.fastq.gz;ftp.sra.ebi.ac.uk/vol1/fastq/SRR362/082/SRR36203182/SRR36203182_2.fastq.gz	c4f0a30d73cfa90588dfe24bc10973c5;c9d8febc92313337a507763289b9656c	148848286;178486477	80.3	2024+
SAMN49850453	GCF_052605825.1	PRJNA224116	Citrobacter spp.	Citrobacter koseri	strain=UTI-18-27	545	545	2025-09-14	ASM5260582v1	https://ftp.ncbi.nlm.nih.gov/genomes/all/GCF/052/605/825/GCF_052605825.1_ASM5260582v1/	refseq	na	4657969	1	SRR34429648	PRJNA1288503	Illumina MiSeq	RANDOM	681005	195623961	ftp.sra.ebi.ac.uk/vol1/fastq/SRR344/048/SRR34429648/SRR34429648_1.fastq.gz;ftp.sra.ebi.ac.uk/vol1/fastq/SRR344/048/SRR34429648/SRR34429648_2.fastq.gz	eecfe693c7c3c795d41451f18e942c04;8a737128dee573c592342a2a710c6561	53651644;53177607	42.0	2024+
SAMN49850454	GCF_052605815.1	PRJNA224116	Citrobacter spp.	Citrobacter koseri	strain=UTI-22-01	545	545	2025-09-14	ASM5260581v1	https://ftp.ncbi.nlm.nih.gov/genomes/all/GCF/052/605/815/GCF_052605815.1_ASM5260581v1/	refseq	na	4799402	1	SRR34431961	PRJNA1288503	Illumina MiSeq	RANDOM	1429837	424886306	ftp.sra.ebi.ac.uk/vol1/fastq/SRR344/061/SRR34431961/SRR34431961_1.fastq.gz;ftp.sra.ebi.ac.uk/vol1/fastq/SRR344/061/SRR34431961/SRR34431961_2.fastq.gz	1d90cc9f4b9862d91b0421a605bbcf5e;e041edb8b4f8f7b6302e96ac764a1872	100565190;109298951	88.5	2024+
SAMN49850455	GCF_052605965.1	PRJNA224116	Citrobacter spp.	Citrobacter koseri	strain=UTI-23-21	545	545	2025-09-14	ASM5260596v1	https://ftp.ncbi.nlm.nih.gov/genomes/all/GCF/052/605/965/GCF_052605965.1_ASM5260596v1/	refseq	na	4701703	1	SRR34431959	PRJNA1288503	Illumina MiSeq	RANDOM	3136211	804797531	ftp.sra.ebi.ac.uk/vol1/fastq/SRR344/059/SRR34431959/SRR34431959_1.fastq.gz;ftp.sra.ebi.ac.uk/vol1/fastq/SRR344/059/SRR34431959/SRR34431959_2.fastq.gz	558138c74d4205202fee01e4f0afc6f2;b42234cb2ce11b5d34e376ab2420a751	181543410;184305133	171.2	2024+
SAMN49850456	GCF_052466555.1	PRJNA224116	Citrobacter spp.	Citrobacter koseri	strain=UTI-23-42	545	545	2025-09-05	ASM5246655v1	https://ftp.ncbi.nlm.nih.gov/genomes/all/GCF/052/466/555/GCF_052466555.1_ASM5246655v1/	refseq	na	4796128	1	SRR34446478	PRJNA1288503	Illumina MiSeq	size fractionation	1809226	535271846	ftp.sra.ebi.ac.uk/vol1/fastq/SRR344/078/SRR34446478/SRR34446478_1.fastq.gz;ftp.sra.ebi.ac.uk/vol1/fastq/SRR344/078/SRR34446478/SRR34446478_2.fastq.gz	f978db8785db94a15542cbd8c45334b7;0d7f6dc9747b9620648381149df63de9	121168002;124860811	111.6	2024+
SAMN49850457	GCF_052466285.1	PRJNA224116	Citrobacter spp.	Citrobacter koseri	strain=UTI-23-58	545	545	2025-09-05	ASM5246628v1	https://ftp.ncbi.nlm.nih.gov/genomes/all/GCF/052/466/285/GCF_052466285.1_ASM5246628v1/	refseq	na	4734987	1	SRR34446476	PRJNA1288503	Illumina MiSeq	size fractionation	1151064	335658109	ftp.sra.ebi.ac.uk/vol1/fastq/SRR344/076/SRR34446476/SRR34446476_1.fastq.gz;ftp.sra.ebi.ac.uk/vol1/fastq/SRR344/076/SRR34446476/SRR34446476_2.fastq.gz	6a29d3903d50f2e8536896cfc56cec52;4ab4d70a3b195a5c861feee5e79d2038	80320336;82563898	70.9	2024+
SAMN49850458	GCF_052466275.1	PRJNA224116	Citrobacter spp.	Citrobacter koseri	strain=UTI-24-29	545	545	2025-09-05	ASM5246627v1	https://ftp.ncbi.nlm.nih.gov/genomes/all/GCF/052/466/275/GCF_052466275.1_ASM5246627v1/	refseq	na	4707797	1	SRR34446474	PRJNA1288503	Illumina MiSeq	size fractionation	2564781	742549669	ftp.sra.ebi.ac.uk/vol1/fastq/SRR344/074/SRR34446474/SRR34446474_1.fastq.gz;ftp.sra.ebi.ac.uk/vol1/fastq/SRR344/074/SRR34446474/SRR34446474_2.fastq.gz	2e0e59aeef7ab0e4730a8573c052adb4;489dc77f730f66107ba6114f7f92f443	92037118;98458536	157.7	2024+
SAMN50713126	GCF_056155525.1	PRJNA224116	Citrobacter spp.	Citrobacter portucalensis	strain=MEI2O2-23	1639133	1639133	2026-03-20	ASM5615552v1	https://ftp.ncbi.nlm.nih.gov/genomes/all/GCF/056/155/525/GCF_056155525.1_ASM5615552v1/	refseq	na	4926006	1	SRR35156810	PRJNA1308800	Illumina NovaSeq 6000	size fractionation	1565811	472874922	ftp.sra.ebi.ac.uk/vol1/fastq/SRR351/010/SRR35156810/SRR35156810_1.fastq.gz;ftp.sra.ebi.ac.uk/vol1/fastq/SRR351/010/SRR35156810/SRR35156810_2.fastq.gz	c685a15bb11c231e41a490ea4b89b9fc;134bd9d59901f7712d38208b1d3f37d3	110864094;117486128	96.0	2024+
SAMN51335551	GCF_053699675.1	PRJNA224116	Citrobacter spp.	Citrobacter freundii	strain=16AR1712	546	546	2025-11-25	ASM5369967v1	https://ftp.ncbi.nlm.nih.gov/genomes/all/GCF/053/699/675/GCF_053699675.1_ASM5369967v1/	refseq	na	5371108	1	SRR35395875	PRJNA1328436	NextSeq 550	PCR	1177323	426299824	ftp.sra.ebi.ac.uk/vol1/fastq/SRR353/075/SRR35395875/SRR35395875_1.fastq.gz;ftp.sra.ebi.ac.uk/vol1/fastq/SRR353/075/SRR35395875/SRR35395875_2.fastq.gz	de2d50ad2d4a259301dbb221a733e401;1350b86490ca771f16ab72c39afc395e	161691758;178708599	79.4	2024+
SAMN35677795	GCF_030410235.2	PRJNA224116	Enterobacter spp.	Enterobacter roggenkampii	strain=EB00178	1812935	1812935	2025-11-06	ASM3041023v2	https://ftp.ncbi.nlm.nih.gov/genomes/all/GCF/030/410/235/GCF_030410235.2_ASM3041023v2/	refseq	na	4939809	1	SRR24877840	PRJNA981541	NextSeq 550	RANDOM PCR	2825326	833017557	ftp.sra.ebi.ac.uk/vol1/fastq/SRR248/040/SRR24877840/SRR24877840_1.fastq.gz;ftp.sra.ebi.ac.uk/vol1/fastq/SRR248/040/SRR24877840/SRR24877840_2.fastq.gz	9efb3bbddedb3596b90dc9e072d2e1ec;91716b0b69ab024de70379290dc934fe	164680380;164932053	168.6	2024+
SAMN39334912	GCF_035556915.1	PRJNA224116	Enterobacter spp.	Enterobacter asburiae	strain=2024CK-00035	61645	61645	2024-03-31	ASM3555691v2	https://ftp.ncbi.nlm.nih.gov/genomes/all/GCF/035/556/915/GCF_035556915.1_ASM3555691v2/	refseq	na	4878836	1	SRR27482357	PRJNA288601	Illumina MiSeq	RANDOM	998824	476979793	ftp.sra.ebi.ac.uk/vol1/fastq/SRR274/057/SRR27482357/SRR27482357_1.fastq.gz;ftp.sra.ebi.ac.uk/vol1/fastq/SRR274/057/SRR27482357/SRR27482357_2.fastq.gz	9d39cad91e6ac997bbb3f6d150fb186d;f6547aee584c265263e73c058d8954fe	90263374;90336599	97.8	2024+
SAMN39551827	GCF_043972705.1	PRJNA224116	Enterobacter spp.	Enterobacter cloacae subsp. dissolvens	strain=ECC-068	69219	550	2024-10-28	ASM4397270v1	https://ftp.ncbi.nlm.nih.gov/genomes/all/GCF/043/972/705/GCF_043972705.1_ASM4397270v1/	refseq	na	5252967	1	SRR38979965	PRJNA1067818	Illumina NovaSeq 6000	RANDOM	5431507	1629452100	ftp.sra.ebi.ac.uk/vol1/fastq/SRR389/065/SRR38979965/SRR38979965_1.fastq.gz;ftp.sra.ebi.ac.uk/vol1/fastq/SRR389/065/SRR38979965/SRR38979965_2.fastq.gz	051eba3eed9c59c365f745fb35944310;30630dd07bcad4fec15534baaf12d68b	365948754;385513731	310.2	2024+
SAMN39551828	GCF_043972695.1	PRJNA224116	Enterobacter spp.	Enterobacter quasiroggenkampii	strain=ECC-072	2497436	2497436	2024-10-28	ASM4397269v1	https://ftp.ncbi.nlm.nih.gov/genomes/all/GCF/043/972/695/GCF_043972695.1_ASM4397269v1/	refseq	reference genome	4726897	1	SRR38980052	PRJNA1067818	Illumina NovaSeq 6000	RANDOM	4737624	1421287200	ftp.sra.ebi.ac.uk/vol1/fastq/SRR389/052/SRR38980052/SRR38980052_1.fastq.gz;ftp.sra.ebi.ac.uk/vol1/fastq/SRR389/052/SRR38980052/SRR38980052_2.fastq.gz	e236d96f6773ce1f8b41cb8b82c3628b;2cb3eab99c228de1ea62a6859821f673	316153041;339207797	300.7	2024+
SAMN39551830	GCF_043972035.1	PRJNA224116	Enterobacter spp.	Enterobacter kobei	strain=ECC-083	208224	208224	2024-10-28	ASM4397203v1	https://ftp.ncbi.nlm.nih.gov/genomes/all/GCF/043/972/035/GCF_043972035.1_ASM4397203v1/	refseq	na	4740490	1	SRR38980050	PRJNA1067818	Illumina NovaSeq 6000	RANDOM	4523483	1357044900	ftp.sra.ebi.ac.uk/vol1/fastq/SRR389/050/SRR38980050/SRR38980050_1.fastq.gz;ftp.sra.ebi.ac.uk/vol1/fastq/SRR389/050/SRR38980050/SRR38980050_2.fastq.gz	d86fa2d7dfb04219e0c077a08ef2f2cf;352305ebfe922d975e4d9ae38b0e008a	304902985;324506161	286.3	2024+
SAMN39551832	GCF_043971375.1	PRJNA224116	Enterobacter spp.	Enterobacter chengduensis	strain=ECC-093	2494701	2494701	2024-10-28	ASM4397137v1	https://ftp.ncbi.nlm.nih.gov/genomes/all/GCF/043/971/375/GCF_043971375.1_ASM4397137v1/	refseq	na	5087745	1	SRR38980048	PRJNA1067818	Illumina NovaSeq 6000	RANDOM	4445932	1333779600	ftp.sra.ebi.ac.uk/vol1/fastq/SRR389/048/SRR38980048/SRR38980048_1.fastq.gz;ftp.sra.ebi.ac.uk/vol1/fastq/SRR389/048/SRR38980048/SRR38980048_2.fastq.gz	cf7bb890cec8a04781ba78a05d1ed79a;f7f34dfbcb054772a34331907d65c04b	298978128;314000128	262.2	2024+
SAMN39551833	GCF_043971365.1	PRJNA224116	Enterobacter spp.	Enterobacter bugandensis	strain=ECC-097	881260	881260	2024-10-28	ASM4397136v1	https://ftp.ncbi.nlm.nih.gov/genomes/all/GCF/043/971/365/GCF_043971365.1_ASM4397136v1/	refseq	na	4885375	1	SRR38980047	PRJNA1067818	Illumina NovaSeq 6000	RANDOM	4398147	1319444100	ftp.sra.ebi.ac.uk/vol1/fastq/SRR389/047/SRR38980047/SRR38980047_1.fastq.gz;ftp.sra.ebi.ac.uk/vol1/fastq/SRR389/047/SRR38980047/SRR38980047_2.fastq.gz	020e1913ac1c0004493527f03d129722;8331884726726542c86394e03c7de5a0	295163963;306588194	270.1	2024+
SAMN39551834	GCF_043971355.1	PRJNA224116	Enterobacter spp.	Enterobacter hormaechei subsp. xiangfangensis	strain=ECC-101	1296536	158836	2024-10-28	ASM4397135v1	https://ftp.ncbi.nlm.nih.gov/genomes/all/GCF/043/971/355/GCF_043971355.1_ASM4397135v1/	refseq	na	4747581	1	SRR38980046	PRJNA1067818	Illumina NovaSeq 6000	RANDOM	4731889	1419566700	ftp.sra.ebi.ac.uk/vol1/fastq/SRR389/046/SRR38980046/SRR38980046_1.fastq.gz;ftp.sra.ebi.ac.uk/vol1/fastq/SRR389/046/SRR38980046/SRR38980046_2.fastq.gz	b78509fa7f486954d23740556b206adf;a558dbe6e570352bd8589cbeb2c8adcb	320794357;339184868	299.0	2024+
SAMN39551839	GCF_043970025.1	PRJNA224116	Enterobacter spp.	Enterobacter soli	strain=ECC-115	885040	885040	2024-10-28	ASM4397002v1	https://ftp.ncbi.nlm.nih.gov/genomes/all/GCF/043/970/025/GCF_043970025.1_ASM4397002v1/	refseq	na	5684917	1	SRR38980040	PRJNA1067818	Illumina NovaSeq 6000	RANDOM	4336663	1300998900	ftp.sra.ebi.ac.uk/vol1/fastq/SRR389/040/SRR38980040/SRR38980040_1.fastq.gz;ftp.sra.ebi.ac.uk/vol1/fastq/SRR389/040/SRR38980040/SRR38980040_2.fastq.gz	6a8f7f178a3157a6acb73b0e40b03a3a;a90a55887a21d93b96bc2ad72258f967	294163282;307086236	228.9	2024+
SAMN39551846	GCF_043968675.1	PRJNA224116	Enterobacter spp.	Enterobacter sp. ECC-175	strain=ECC-175	3116479	3116479	2024-10-28	ASM4396867v1	https://ftp.ncbi.nlm.nih.gov/genomes/all/GCF/043/968/675/GCF_043968675.1_ASM4396867v1/	refseq	na	4603544	1	SRR38980033	PRJNA1067818	Illumina NovaSeq 6000	RANDOM	5107516	1532254800	ftp.sra.ebi.ac.uk/vol1/fastq/SRR389/033/SRR38980033/SRR38980033_1.fastq.gz;ftp.sra.ebi.ac.uk/vol1/fastq/SRR389/033/SRR38980033/SRR38980033_2.fastq.gz	fe6ee85f46479efa446cc772f8fe6857;9f31a5acb722227c59bd1e380bfe9834	340295448;366563717	332.8	2024+
SAMN39551854	GCF_043966805.1	PRJNA224116	Enterobacter spp.	Enterobacter sp. ECC-219	strain=ECC-219	3116480	3116480	2024-10-28	ASM4396680v1	https://ftp.ncbi.nlm.nih.gov/genomes/all/GCF/043/966/805/GCF_043966805.1_ASM4396680v1/	refseq	na	5027913	1	SRR38980024	PRJNA1067818	Illumina NovaSeq 6000	RANDOM	3898776	1169632800	ftp.sra.ebi.ac.uk/vol1/fastq/SRR389/024/SRR38980024/SRR38980024_1.fastq.gz;ftp.sra.ebi.ac.uk/vol1/fastq/SRR389/024/SRR38980024/SRR38980024_2.fastq.gz	a846d85306a8df73dd10cb74f3f07e02;ba02a09e5ace611617d380a77bd0901e	258441598;273841975	232.6	2024+
SAMN39551859	GCF_043965265.1	PRJNA224116	Enterobacter spp.	Enterobacter sp. ECC-249	strain=ECC-249	3116481	3116481	2024-10-28	ASM4396526v1	https://ftp.ncbi.nlm.nih.gov/genomes/all/GCF/043/965/265/GCF_043965265.1_ASM4396526v1/	refseq	na	4762192	1	SRR38980018	PRJNA1067818	Illumina NovaSeq 6000	RANDOM	5153623	1546086900	ftp.sra.ebi.ac.uk/vol1/fastq/SRR389/018/SRR38980018/SRR38980018_1.fastq.gz;ftp.sra.ebi.ac.uk/vol1/fastq/SRR389/018/SRR38980018/SRR38980018_2.fastq.gz	bd868f328376a2ac4485ad0db28f1697;bd8b3f7268ac011be1a311fcdf099007	335477943;355312555	324.7	2024+
SAMN39551862	GCF_043964395.1	PRJNA224116	Enterobacter spp.	Enterobacter sichuanensis	strain=ECC-263	2071710	2071710	2024-10-28	ASM4396439v1	https://ftp.ncbi.nlm.nih.gov/genomes/all/GCF/043/964/395/GCF_043964395.1_ASM4396439v1/	refseq	na	5009678	1	SRR38980015	PRJNA1067818	Illumina NovaSeq 6000	RANDOM	4738415	1421524500	ftp.sra.ebi.ac.uk/vol1/fastq/SRR389/015/SRR38980015/SRR38980015_1.fastq.gz;ftp.sra.ebi.ac.uk/vol1/fastq/SRR389/015/SRR38980015/SRR38980015_2.fastq.gz	52343e0cee6177ca5ddf64f551923bd1;178e28f241e58abd3f29f3203661a58b	318698752;339845791	283.8	2024+
SAMN41071126	GCF_046272195.1	PRJNA224116	Enterobacter spp.	Enterobacter cancerogenus	strain=GTVSS-029	69218	69218	2024-12-25	ASM4627219v1	https://ftp.ncbi.nlm.nih.gov/genomes/all/GCF/046/272/195/GCF_046272195.1_ASM4627219v1/	refseq	na	4992345	1	SRR9043660	PRJNA1101017	Illumina MiSeq	RANDOM	952831	438880229	ftp.sra.ebi.ac.uk/vol1/fastq/SRR904/000/SRR9043660/SRR9043660_1.fastq.gz;ftp.sra.ebi.ac.uk/vol1/fastq/SRR904/000/SRR9043660/SRR9043660_2.fastq.gz	47ec9302f47719afc781bd2c0976eb81;ccb70aae47b06299be6a1378e314517f	148312657;170208283	87.9	2024+
SAMN41479334	GCF_039734725.1	PRJNA224116	Enterobacter spp.	Enterobacter hormaechei	strain=2024CK-00699	158836	158836	2024-08-15	ASM3973472v2	https://ftp.ncbi.nlm.nih.gov/genomes/all/GCF/039/734/725/GCF_039734725.1_ASM3973472v2/	refseq	na	4911077	1	SRR29108369	PRJNA288601	Illumina MiSeq	RANDOM	983233	473306517	ftp.sra.ebi.ac.uk/vol1/fastq/SRR291/069/SRR29108369/SRR29108369_1.fastq.gz;ftp.sra.ebi.ac.uk/vol1/fastq/SRR291/069/SRR29108369/SRR29108369_2.fastq.gz	6af0629ec4e0440d90a0c0daa47b05f9;037cb6a3a290ae5b1713d65dbabd0e74	182082588;205298308	96.4	2024+
SAMN42392509	GCF_040834065.1	PRJNA224116	Enterobacter spp.	Enterobacter asburiae	strain=STS63-C	61645	61645	2024-07-24	ASM4083406v1	https://ftp.ncbi.nlm.nih.gov/genomes/all/GCF/040/834/065/GCF_040834065.1_ASM4083406v1/	refseq	na	4849319	1	SRR29859766	PRJNA1134078	Illumina MiniSeq	RANDOM	706491	209106755	ftp.sra.ebi.ac.uk/vol1/fastq/SRR298/066/SRR29859766/SRR29859766_1.fastq.gz;ftp.sra.ebi.ac.uk/vol1/fastq/SRR298/066/SRR29859766/SRR29859766_2.fastq.gz	57d690318d826d9fa96f32e0453d9738;fccb411a2859ea5e8a38767faf798f7c	58774692;61033430	43.1	2024+
SAMN43047201	GCF_041110985.1	PRJNA224116	Enterobacter spp.	Enterobacter ludwigii	strain=2024CK-01200	299767	299767	2024-09-19	2024CK-01200	https://ftp.ncbi.nlm.nih.gov/genomes/all/GCF/041/110/985/GCF_041110985.1_2024CK-01200/	refseq	na	4912422	1	SRR30148243	PRJNA288601	Illumina MiSeq	RANDOM	1149254	550060473	ftp.sra.ebi.ac.uk/vol1/fastq/SRR301/043/SRR30148243/SRR30148243_1.fastq.gz;ftp.sra.ebi.ac.uk/vol1/fastq/SRR301/043/SRR30148243/SRR30148243_2.fastq.gz	528df4a5d7f0f4a6e9b25e0b42b7ec31;8b5bb4ba5ebbe318027cc072b3a5d8d3	191605784;217742928	112.0	2024+
SAMN45712690	GCF_046015545.1	PRJNA224116	Enterobacter spp.	Enterobacter cloacae	strain=2024HL-01379	550	550	2025-11-14	ASM4601554v2	https://ftp.ncbi.nlm.nih.gov/genomes/all/GCF/046/015/545/GCF_046015545.1_ASM4601554v2/	refseq	na	4902387	1	SRR31682154	PRJNA288601	NextSeq 500	RANDOM	1587198	463453204	ftp.sra.ebi.ac.uk/vol1/fastq/SRR316/054/SRR31682154/SRR31682154_1.fastq.gz;ftp.sra.ebi.ac.uk/vol1/fastq/SRR316/054/SRR31682154/SRR31682154_2.fastq.gz	9ce02df1bb52caded28a2f152f5bc3e6;9c6e36ec5879beb355c9cfbac44af794	133637462;134732976	94.5	2024+
SAMN47788336	GCF_053349035.1	PRJNA224116	Enterobacter spp.	Enterobacter hormaechei	strain=EB00226	158836	158836	2025-11-06	ASM5334903v1	https://ftp.ncbi.nlm.nih.gov/genomes/all/GCF/053/349/035/GCF_053349035.1_ASM5334903v1/	refseq	na	4866281	1	SRR32985652	PRJNA981541	NextSeq 550	RANDOM	1315149	388402026	ftp.sra.ebi.ac.uk/vol1/fastq/SRR329/052/SRR32985652/SRR32985652_1.fastq.gz;ftp.sra.ebi.ac.uk/vol1/fastq/SRR329/052/SRR32985652/SRR32985652_2.fastq.gz	53d8f66fb714cefc0b6790ed6c65e778;3ea4e46b8776223c9b7b7e2103ae801e	129688092;122649606	79.8	2024+
SAMN48790648	GCF_050847275.1	PRJNA224116	Enterobacter spp.	Enterobacter wuhouensis	strain=TMH.P3	2529381	2529381	2025-06-08	Toby_E_wuhouensis_TMH.P3	https://ftp.ncbi.nlm.nih.gov/genomes/all/GCF/050/847/275/GCF_050847275.1_Toby_E_wuhouensis_TMH.P3/	refseq	na	4932189	1	SRR35788626	PRJNA1269548	Illumina NovaSeq 6000	RANDOM	3990995	1995497500	ftp.sra.ebi.ac.uk/vol1/fastq/SRR357/026/SRR35788626/SRR35788626_1.fastq.gz;ftp.sra.ebi.ac.uk/vol1/fastq/SRR357/026/SRR35788626/SRR35788626_2.fastq.gz	15f9cd98b55ca852223073b027b2fd30;ebdd78a404a27972298b28f5b6cd837b	431147932;430557296	404.6	2024+
SAMN48790898	GCF_050847315.1	PRJNA224116	Enterobacter spp.	Enterobacter sp. TMH.L2	strain=TMH.L2	3434464	3434464	2025-06-08	Toby_Enterobacter_sp_TMH.L2	https://ftp.ncbi.nlm.nih.gov/genomes/all/GCF/050/847/315/GCF_050847315.1_Toby_Enterobacter_sp_TMH.L2/	refseq	na	4811582	1	SRR35788874	PRJNA1269553	Illumina NovaSeq 6000	RANDOM	4673317	2336658500	ftp.sra.ebi.ac.uk/vol1/fastq/SRR357/074/SRR35788874/SRR35788874_1.fastq.gz;ftp.sra.ebi.ac.uk/vol1/fastq/SRR357/074/SRR35788874/SRR35788874_2.fastq.gz	6a0e50d11ce179171008e2a5156d4ade;4bb0c3dd9be75dd5ee8fb3268b296693	506364231;508166630	485.6	2024+
SAMN50584031	GCF_056665855.1	PRJNA224116	Enterobacter spp.	Enterobacter hormaechei	strain=H70375	158836	158836	2026-04-09	ASM5666585v1	https://ftp.ncbi.nlm.nih.gov/genomes/all/GCF/056/665/855/GCF_056665855.1_ASM5666585v1/	refseq	na	5218827	1	SRR34970225	PRJNA1305022	NextSeq 550	RANDOM	1786142	496977725	ftp.sra.ebi.ac.uk/vol1/fastq/SRR349/025/SRR34970225/SRR34970225_1.fastq.gz;ftp.sra.ebi.ac.uk/vol1/fastq/SRR349/025/SRR34970225/SRR34970225_2.fastq.gz	1145ff90a0e117ec5ae2ebc3ce0c95d9;e2167b46265a88b5dddf20e4043833fb	155437383;158014021	95.2	2024+
SAMN51335576	GCF_053698775.1	PRJNA224116	Enterobacter spp.	Enterobacter chengduensis	strain=22AR0003	2494701	2494701	2025-11-25	ASM5369877v1	https://ftp.ncbi.nlm.nih.gov/genomes/all/GCF/053/698/775/GCF_053698775.1_ASM5369877v1/	refseq	na	4967054	1	SRR35395857	PRJNA1328436	NextSeq 550	PCR	1402835	416690121	ftp.sra.ebi.ac.uk/vol1/fastq/SRR353/057/SRR35395857/SRR35395857_1.fastq.gz;ftp.sra.ebi.ac.uk/vol1/fastq/SRR353/057/SRR35395857/SRR35395857_2.fastq.gz	b3577e9d3924e15ea2936bed530085e4;c927ab51549d98e5a5eb1e87f9bd7034	133276516;135748519	83.9	2024+
SAMN54531395	GCF_056990835.1	PRJNA224116	Enterobacter spp.	Enterobacter mori	strain=LHT.M17	539813	539813	2026-04-29	ASM5699083v1	https://ftp.ncbi.nlm.nih.gov/genomes/all/GCF/056/990/835/GCF_056990835.1_ASM5699083v1/	refseq	na	4822997	1	SRR38980074	PRJNA1400206	Illumina NovaSeq 6000	RANDOM	4460234	2230117000	ftp.sra.ebi.ac.uk/vol1/fastq/SRR389/074/SRR38980074/SRR38980074_1.fastq.gz;ftp.sra.ebi.ac.uk/vol1/fastq/SRR389/074/SRR38980074/SRR38980074_2.fastq.gz	01b36d07b64173a201d8464b4adc4617;554cb9df00b8025b9106971fa1e0ff02	494373319;494940388	462.4	2024+
SAMN56510720	GCF_056270465.1	PRJNA224116	Enterobacter spp.	Enterobacter mori	strain=AHL	539813	539813	2026-03-23	ASM5627046v1	https://ftp.ncbi.nlm.nih.gov/genomes/all/GCF/056/270/465/GCF_056270465.1_ASM5627046v1/	refseq	na	4852987	1	SRR38979290	PRJNA1437421	Illumina NovaSeq 6000	RANDOM	5463694	2731847000	ftp.sra.ebi.ac.uk/vol1/fastq/SRR389/090/SRR38979290/SRR38979290_1.fastq.gz;ftp.sra.ebi.ac.uk/vol1/fastq/SRR389/090/SRR38979290/SRR38979290_2.fastq.gz	ef8f7ffa32180855201a662a2f57a963;91d54b911f9a82b437800ae39907062b	582222892;585186486	562.9	2024+
SAMD00577373	GCF_030295805.1	PRJNA224116	Enterococcus faecalis	Enterococcus faecalis	strain=L6D	1351	1351	2023-02-21	ASM3029580v1	https://ftp.ncbi.nlm.nih.gov/genomes/all/GCF/030/295/805/GCF_030295805.1_ASM3029580v1/	refseq	na	3041860	1	DRR510786	PRJDB15240	Illumina MiSeq	cDNA	716084	223659442	ftp.sra.ebi.ac.uk/vol1/fastq/DRR510/DRR510786/DRR510786_1.fastq.gz;ftp.sra.ebi.ac.uk/vol1/fastq/DRR510/DRR510786/DRR510786_2.fastq.gz	58e583fbd77d27fbb371cff94ca6ab1e;7e6b6c9f3db9448b6aeb47785d054912	46659042;46818520	73.5	2023 fallback
SAMD00748008	GCF_040371495.1	PRJNA224116	Enterococcus faecalis	Enterococcus faecalis	strain=EF01	1351	1351	2024-03-08	ASM4037149v1	https://ftp.ncbi.nlm.nih.gov/genomes/all/GCF/040/371/495/GCF_040371495.1_ASM4037149v1/	refseq	na	3224075	1	DRR532495	PRJDB17563	Illumina MiSeq	unspecified	2433235	1474540410	ftp.sra.ebi.ac.uk/vol1/fastq/DRR532/DRR532495/DRR532495_1.fastq.gz;ftp.sra.ebi.ac.uk/vol1/fastq/DRR532/DRR532495/DRR532495_2.fastq.gz	51fd596bed6c41864e05c250716ca64f;f001c595f087dbadb0eef3892f4f3159	256785879;262163165	457.4	2024+
SAMN26198730	GCF_040586835.1	PRJNA224116	Enterococcus faecalis	Enterococcus faecalis	strain=19CA02SA02	1351	1351	2024-07-10	ASM4058683v1	https://ftp.ncbi.nlm.nih.gov/genomes/all/GCF/040/586/835/GCF_040586835.1_ASM4058683v1/	refseq	na	2819902	1	SRR18507859	PRJNA800017	Illumina MiSeq	RANDOM PCR	1035149	505518755	ftp.sra.ebi.ac.uk/vol1/fastq/SRR185/059/SRR18507859/SRR18507859_1.fastq.gz;ftp.sra.ebi.ac.uk/vol1/fastq/SRR185/059/SRR18507859/SRR18507859_2.fastq.gz	8c324aaad61f2ada96bff60af7735867;34c103f810791b080e2466bd5b635b0c	161567906;189349592	179.3	2024+
SAMN33741191	GCF_030020745.1	PRJNA224116	Enterococcus faecalis	Enterococcus faecalis	strain=EfsC8	1351	1351	2023-05-16	ASM3002074v1	https://ftp.ncbi.nlm.nih.gov/genomes/all/GCF/030/020/745/GCF_030020745.1_ASM3002074v1/	refseq	na	2753347	1	SRR24894210	PRJNA944190	NextSeq 500	RANDOM	883769	264237852	ftp.sra.ebi.ac.uk/vol1/fastq/SRR248/010/SRR24894210/SRR24894210_1.fastq.gz;ftp.sra.ebi.ac.uk/vol1/fastq/SRR248/010/SRR24894210/SRR24894210_2.fastq.gz	50f5115394b58f41cd1cbceaa8e3bccf;80c03bc710ba7470db3848e171602010	54290086;54267828	96.0	2023 fallback
SAMN33741207	GCF_030020515.1	PRJNA224116	Enterococcus faecalis	Enterococcus faecalis	strain=EfsC108	1351	1351	2023-05-16	ASM3002051v1	https://ftp.ncbi.nlm.nih.gov/genomes/all/GCF/030/020/515/GCF_030020515.1_ASM3002051v1/	refseq	na	2764125	1	SRR24894202	PRJNA944190	NextSeq 500	RANDOM	5135792	1529097004	ftp.sra.ebi.ac.uk/vol1/fastq/SRR248/002/SRR24894202/SRR24894202_1.fastq.gz;ftp.sra.ebi.ac.uk/vol1/fastq/SRR248/002/SRR24894202/SRR24894202_2.fastq.gz	e53ceab32a31cff62e34f4da07874623;de3c8bb24e106a459f4632402b426f06	310640543;310651016	553.2	2023 fallback
SAMN33741209	GCF_030020475.1	PRJNA224116	Enterococcus faecalis	Enterococcus faecalis	strain=EfsC116	1351	1351	2023-05-16	ASM3002047v1	https://ftp.ncbi.nlm.nih.gov/genomes/all/GCF/030/020/475/GCF_030020475.1_ASM3002047v1/	refseq	na	3090966	1	SRR24894200	PRJNA944190	NextSeq 500	RANDOM	5335580	1586167079	ftp.sra.ebi.ac.uk/vol1/fastq/SRR248/000/SRR24894200/SRR24894200_1.fastq.gz;ftp.sra.ebi.ac.uk/vol1/fastq/SRR248/000/SRR24894200/SRR24894200_2.fastq.gz	80d2ef0bb11481f7dbe0c18913a94b0b;c96cc1dc1fdb49e8a8ebcf05e25afbaa	322208143;322028404	513.2	2023 fallback
SAMN33741222	GCF_030020155.1	PRJNA224116	Enterococcus faecalis	Enterococcus faecalis	strain=EfsPNK7	1351	1351	2023-05-16	ASM3002015v1	https://ftp.ncbi.nlm.nih.gov/genomes/all/GCF/030/020/155/GCF_030020155.1_ASM3002015v1/	refseq	na	2918219	1	SRR24894185	PRJNA944190	NextSeq 500	RANDOM	3513057	975904506	ftp.sra.ebi.ac.uk/vol1/fastq/SRR248/085/SRR24894185/SRR24894185_1.fastq.gz;ftp.sra.ebi.ac.uk/vol1/fastq/SRR248/085/SRR24894185/SRR24894185_2.fastq.gz	7eb84e9435918989bc81511a3b17a06a;86ea557ec9618cd5fbb058e7cb760a32	203463040;203551708	334.4	2023 fallback
SAMN35638176	GCF_030264755.1	PRJNA224116	Enterococcus faecalis	Enterococcus faecalis	strain=90_2023	1351	1351	2023-06-13	ASM3026475v1	https://ftp.ncbi.nlm.nih.gov/genomes/all/GCF/030/264/755/GCF_030264755.1_ASM3026475v1/	refseq	na	2902787	1	SRR24834282	PRJNA980555	Illumina MiniSeq	RANDOM	770833	229846180	ftp.sra.ebi.ac.uk/vol1/fastq/SRR248/082/SRR24834282/SRR24834282_1.fastq.gz;ftp.sra.ebi.ac.uk/vol1/fastq/SRR248/082/SRR24834282/SRR24834282_2.fastq.gz	74076956abf4f4e611f0bfb1f596c5f3;06d701f5f5ec5982b681db23fe7a1e44	46333256;46319766	79.2	2023 fallback
SAMN37639060	GCF_032680945.1	PRJNA224116	Enterococcus faecalis	Enterococcus faecalis	strain=ES-397	1351	1351	2023-10-15	ASM3268094v1	https://ftp.ncbi.nlm.nih.gov/genomes/all/GCF/032/680/945/GCF_032680945.1_ASM3268094v1/	refseq	na	3272531	1	SRR26748299	PRJNA1023047	Illumina MiSeq	RANDOM	1234030	736436923	ftp.sra.ebi.ac.uk/vol1/fastq/SRR267/099/SRR26748299/SRR26748299_1.fastq.gz;ftp.sra.ebi.ac.uk/vol1/fastq/SRR267/099/SRR26748299/SRR26748299_2.fastq.gz	239c32ee62cea5c01ac6f8fc2d0021f4;fe09dfaad612b52fcf8107f6df6f680b	240461725;297695153	225.0	2023 fallback
SAMN38203345	GCF_033815825.1	PRJNA224116	Enterococcus faecalis	Enterococcus faecalis	strain=ES-110-1	1351	1351	2023-11-20	ASM3381582v1	https://ftp.ncbi.nlm.nih.gov/genomes/all/GCF/033/815/825/GCF_033815825.1_ASM3381582v1/	refseq	na	2813578	1	SRR27204781	PRJNA1039159	Illumina MiSeq	RANDOM	1567896	936106961	ftp.sra.ebi.ac.uk/vol1/fastq/SRR272/081/SRR27204781/SRR27204781_1.fastq.gz;ftp.sra.ebi.ac.uk/vol1/fastq/SRR272/081/SRR27204781/SRR27204781_2.fastq.gz	cba5a84df005da887f866c1990dd605c;e984ef1596b40de5599a8aa4bfb280a1	171581261;172439716	332.7	2023 fallback
SAMN38231263	GCF_037198295.1	PRJNA224116	Enterococcus faecalis	Enterococcus faecalis	strain=B05	1351	1351	2024-03-16	ASM3719829v1	https://ftp.ncbi.nlm.nih.gov/genomes/all/GCF/037/198/295/GCF_037198295.1_ASM3719829v1/	refseq	na	2745741	1	SRR27322848	PRJNA1039877	Illumina NovaSeq 6000	RANDOM	3182079	954623700	ftp.sra.ebi.ac.uk/vol1/fastq/SRR273/048/SRR27322848/SRR27322848_1.fastq.gz;ftp.sra.ebi.ac.uk/vol1/fastq/SRR273/048/SRR27322848/SRR27322848_2.fastq.gz	9ff41e09b130c1608ba1cedb155ac4ff;fd58619335bbefdeee9ce74b85f5d7f3	161240895;161694710	347.7	2024+
SAMN38673182	GCF_034642355.1	PRJNA224116	Enterococcus faecalis	Enterococcus faecalis	strain=HRH55	1351	1351	2023-12-26	ASM3464235v1	https://ftp.ncbi.nlm.nih.gov/genomes/all/GCF/034/642/355/GCF_034642355.1_ASM3464235v1/	refseq	na	2979264	1	SRR27089223	PRJNA1049017	Illumina NovaSeq 6000	RANDOM	5223914	1533192929	ftp.sra.ebi.ac.uk/vol1/fastq/SRR270/023/SRR27089223/SRR27089223_1.fastq.gz;ftp.sra.ebi.ac.uk/vol1/fastq/SRR270/023/SRR27089223/SRR27089223_2.fastq.gz	8a4d539f4fe070788bf56d75c7995863;2ca382ab203c6d96f1388a3b08287094	287523062;286757811	514.6	2023 fallback
SAMN39634308	GCF_036352235.1	PRJNA224116	Enterococcus faecalis	Enterococcus faecalis	strain=IDRL-7538	1351	1351	2024-02-04	ASM3635223v1	https://ftp.ncbi.nlm.nih.gov/genomes/all/GCF/036/352/235/GCF_036352235.1_ASM3635223v1/	refseq	na	3161211	1	SRR27764009	PRJNA1069998	Illumina MiSeq	other	2046501	894628669	ftp.sra.ebi.ac.uk/vol1/fastq/SRR277/009/SRR27764009/SRR27764009_1.fastq.gz;ftp.sra.ebi.ac.uk/vol1/fastq/SRR277/009/SRR27764009/SRR27764009_2.fastq.gz	e371087c33b3e257615dfe74083b6ac3;e48e036abef54633bfb67959159d4229	172447335;172464371	283.0	2024+
SAMN39634309	GCF_036352195.1	PRJNA224116	Enterococcus faecalis	Enterococcus faecalis	strain=IDRL-7639	1351	1351	2024-02-04	ASM3635219v1	https://ftp.ncbi.nlm.nih.gov/genomes/all/GCF/036/352/195/GCF_036352195.1_ASM3635219v1/	refseq	na	2652177	1	SRR27764008	PRJNA1069998	Illumina MiSeq	other	2313303	1036640258	ftp.sra.ebi.ac.uk/vol1/fastq/SRR277/008/SRR27764008/SRR27764008_1.fastq.gz;ftp.sra.ebi.ac.uk/vol1/fastq/SRR277/008/SRR27764008/SRR27764008_2.fastq.gz	cbb5dcb3d2c012a58db809f039ead25a;7fc09519950603bc3f94317a6093b0fa	198501219;198823248	390.9	2024+
SAMN39634310	GCF_036352215.1	PRJNA224116	Enterococcus faecalis	Enterococcus faecalis	strain=IDRL-9065	1351	1351	2024-02-04	ASM3635221v1	https://ftp.ncbi.nlm.nih.gov/genomes/all/GCF/036/352/215/GCF_036352215.1_ASM3635221v1/	refseq	na	3105522	1	SRR27764007	PRJNA1069998	Illumina MiSeq	other	2777289	1127260812	ftp.sra.ebi.ac.uk/vol1/fastq/SRR277/007/SRR27764007/SRR27764007_1.fastq.gz;ftp.sra.ebi.ac.uk/vol1/fastq/SRR277/007/SRR27764007/SRR27764007_2.fastq.gz	1ebd4468490c7d974b6560a977745537;7f7432a7d175987b3cb1b50c7727cc79	220704989;220863892	363.0	2024+
SAMN39888444	GCF_036689605.1	PRJNA224116	Enterococcus faecalis	Enterococcus faecalis	strain=HRH46	1351	1351	2024-02-18	ASM3668960v1	https://ftp.ncbi.nlm.nih.gov/genomes/all/GCF/036/689/605/GCF_036689605.1_ASM3668960v1/	refseq	na	3088074	1	SRR27916213	PRJNA1049017	Illumina NovaSeq 6000	RANDOM	4224213	1241005550	ftp.sra.ebi.ac.uk/vol1/fastq/SRR279/013/SRR27916213/SRR27916213_1.fastq.gz;ftp.sra.ebi.ac.uk/vol1/fastq/SRR279/013/SRR27916213/SRR27916213_2.fastq.gz	2c93904ed47ab6ff4d72160b6504cc10;642eef3fdb146c46020e9a9c513ba67b	234280998;233404288	401.9	2024+
SAMN39939912	GCF_036793375.1	PRJNA224116	Enterococcus faecalis	Enterococcus faecalis	strain=N23-3408	1351	1351	2024-02-22	ASM3679337v1	https://ftp.ncbi.nlm.nih.gov/genomes/all/GCF/036/793/375/GCF_036793375.1_ASM3679337v1/	refseq	na	2863896	1	SRR27962679	PRJNA1076362	Illumina MiniSeq	RANDOM	1042402	309912327	ftp.sra.ebi.ac.uk/vol1/fastq/SRR279/079/SRR27962679/SRR27962679_1.fastq.gz;ftp.sra.ebi.ac.uk/vol1/fastq/SRR279/079/SRR27962679/SRR27962679_2.fastq.gz	d95b6b5a0b6ad6bc792b042f92c133d3;158cc35a9d1aa15063ada7d8baa6bf5d	62901135;62878249	108.2	2024+
SAMN40323370	GCF_055814325.1	PRJNA224116	Enterococcus faecalis	Enterococcus faecalis	strain=1604D004	1351	1351	2026-03-12	ASM5581432v1	https://ftp.ncbi.nlm.nih.gov/genomes/all/GCF/055/814/325/GCF_055814325.1_ASM5581432v1/	refseq	na	3301871	1	SRR30712544	PRJNA779404	Illumina MiSeq	RANDOM	1116965	331884580	ftp.sra.ebi.ac.uk/vol1/fastq/SRR307/044/SRR30712544/SRR30712544_1.fastq.gz;ftp.sra.ebi.ac.uk/vol1/fastq/SRR307/044/SRR30712544/SRR30712544_2.fastq.gz	1e94f03ed4c0b4f017436f6083d638c3;56281e734e529ee7ded4d6dd68613e59	119668027;126902704	100.5	2024+
SAMN46230708	GCF_053117695.1	PRJNA224116	Enterococcus faecalis	Enterococcus faecalis	strain=4153	1351	1351	2025-10-17	ASM5311769v1	https://ftp.ncbi.nlm.nih.gov/genomes/all/GCF/053/117/695/GCF_053117695.1_ASM5311769v1/	refseq	na	3032491	1	SRR31974493	PRJNA1209846	Illumina NovaSeq 6000	unspecified	1199574	488351991	ftp.sra.ebi.ac.uk/vol1/fastq/SRR319/093/SRR31974493/SRR31974493_1.fastq.gz;ftp.sra.ebi.ac.uk/vol1/fastq/SRR319/093/SRR31974493/SRR31974493_2.fastq.gz	81b43a61cd67ccc49889b45fdff6cd1e;8fca6a17f899a9083eb4db27d85139fa	210805386;189924640	161.0	2024+
SAMN46230709	GCF_053117685.1	PRJNA224116	Enterococcus faecalis	Enterococcus faecalis	strain=4638	1351	1351	2025-10-17	ASM5311768v1	https://ftp.ncbi.nlm.nih.gov/genomes/all/GCF/053/117/685/GCF_053117685.1_ASM5311768v1/	refseq	na	3077672	1	SRR31974491	PRJNA1209846	Illumina NovaSeq 6000	unspecified	252341	112174231	ftp.sra.ebi.ac.uk/vol1/fastq/SRR319/091/SRR31974491/SRR31974491_1.fastq.gz;ftp.sra.ebi.ac.uk/vol1/fastq/SRR319/091/SRR31974491/SRR31974491_2.fastq.gz	2a4e2fde86ac3ea5988c36ae5a9faa81;bec9b3fcaedd22a6b080d53563d563b0	49445630;44843221	36.4	2024+
SAMN46230710	GCF_053117675.1	PRJNA224116	Enterococcus faecalis	Enterococcus faecalis	strain=4774	1351	1351	2025-10-17	ASM5311767v1	https://ftp.ncbi.nlm.nih.gov/genomes/all/GCF/053/117/675/GCF_053117675.1_ASM5311767v1/	refseq	na	3024060	1	SRR31974489	PRJNA1209846	Illumina NovaSeq 6000	unspecified	1109202	525068604	ftp.sra.ebi.ac.uk/vol1/fastq/SRR319/089/SRR31974489/SRR31974489_1.fastq.gz;ftp.sra.ebi.ac.uk/vol1/fastq/SRR319/089/SRR31974489/SRR31974489_2.fastq.gz	5df3bdf6a57357a2e591d8bd7689f61c;c2a34ab7b906774829990856213dc8cc	153289330;149129241	173.6	2024+
SAMN47264607	GCF_049262565.1	PRJNA224116	Enterococcus faecalis	Enterococcus faecalis	strain=UMB6935B	1351	1351	2025-04-03	ASM4926256v1	https://ftp.ncbi.nlm.nih.gov/genomes/all/GCF/049/262/565/GCF_049262565.1_ASM4926256v1/	refseq	na	2998769	1	SRR32614272	PRJNA316969	Illumina NovaSeq X Plus	RANDOM	3270734	949141943	ftp.sra.ebi.ac.uk/vol1/fastq/SRR326/072/SRR32614272/SRR32614272_1.fastq.gz;ftp.sra.ebi.ac.uk/vol1/fastq/SRR326/072/SRR32614272/SRR32614272_2.fastq.gz	da037fa7e043f6a37949b3ee137bd986;2db63c204fb4c7b5d85359f76c5a0fe0	214590904;220367558	316.5	2024+
SAMN48387103	GCF_050429065.1	PRJNA224116	Enterococcus faecalis	Enterococcus faecalis	strain=CI-1049	1351	1351	2025-05-19	ASM5042906v1	https://ftp.ncbi.nlm.nih.gov/genomes/all/GCF/050/429/065/GCF_050429065.1_ASM5042906v1/	refseq	na	3050661	1	SRR33468775	PRJNA1260167	Illumina HiSeq 2000	RANDOM	1944692	574725300	ftp.sra.ebi.ac.uk/vol1/fastq/SRR334/075/SRR33468775/SRR33468775_1.fastq.gz;ftp.sra.ebi.ac.uk/vol1/fastq/SRR334/075/SRR33468775/SRR33468775_2.fastq.gz	f547a9063aa07a72bfde174b67bc203d;468a637a72b4c205d2d6f73ec685e3d2	182906123;192192559	188.4	2024+
SAMN48387105	GCF_050428545.1	PRJNA224116	Enterococcus faecalis	Enterococcus faecalis	strain=CI-8010	1351	1351	2025-05-19	ASM5042854v1	https://ftp.ncbi.nlm.nih.gov/genomes/all/GCF/050/428/545/GCF_050428545.1_ASM5042854v1/	refseq	na	3178663	1	SRR33468773	PRJNA1260167	Illumina HiSeq 2000	RANDOM	1915749	566544291	ftp.sra.ebi.ac.uk/vol1/fastq/SRR334/073/SRR33468773/SRR33468773_1.fastq.gz;ftp.sra.ebi.ac.uk/vol1/fastq/SRR334/073/SRR33468773/SRR33468773_2.fastq.gz	72cce46f230b22a73f9ce9721edfb2dd;c5155332ba444040b92464e6bc7e440b	181773616;189900471	178.2	2024+
SAMN48387112	GCF_050426975.1	PRJNA224116	Enterococcus faecalis	Enterococcus faecalis	strain=Efa-W5	1351	1351	2025-05-19	ASM5042697v1	https://ftp.ncbi.nlm.nih.gov/genomes/all/GCF/050/426/975/GCF_050426975.1_ASM5042697v1/	refseq	na	3007472	1	SRR33468767	PRJNA1260167	Illumina HiSeq 2000	RANDOM	1959539	574726922	ftp.sra.ebi.ac.uk/vol1/fastq/SRR334/067/SRR33468767/SRR33468767_1.fastq.gz;ftp.sra.ebi.ac.uk/vol1/fastq/SRR334/067/SRR33468767/SRR33468767_2.fastq.gz	c1507df3b1cd63be646b37dbb5f26d98;60ea2294e33d45d1cfb2937c93e3482f	182785844;193057022	191.1	2024+
SAMD00565567	GCF_040372185.1	PRJNA224116	Enterococcus faecium	Enterococcus faecium	strain=JARB-OU2352	1352	1352	2024-03-14	ASM4037218v1	https://ftp.ncbi.nlm.nih.gov/genomes/all/GCF/040/372/185/GCF_040372185.1_ASM4037218v1/	refseq	na	3105137	1	DRR427953	PRJDB14951	Illumina MiSeq	RANDOM	502685	246095781	ftp.sra.ebi.ac.uk/vol1/fastq/DRR427/DRR427953/DRR427953_1.fastq.gz;ftp.sra.ebi.ac.uk/vol1/fastq/DRR427/DRR427953/DRR427953_2.fastq.gz	83a39166d372fd6e5271f4407a216419;3e44aa31222a3f35acd3b2e2b23767ab	44360966;44502521	79.3	2024+
SAMD00577372	GCF_030295785.1	PRJNA224116	Enterococcus faecium	Enterococcus faecium	strain=K6D	1352	1352	2023-02-21	ASM3029578v1	https://ftp.ncbi.nlm.nih.gov/genomes/all/GCF/030/295/785/GCF_030295785.1_ASM3029578v1/	refseq	na	2840077	1	DRR510783	PRJDB15240	Illumina MiSeq	cDNA	884626	346908197	ftp.sra.ebi.ac.uk/vol1/fastq/DRR510/DRR510783/DRR510783_1.fastq.gz;ftp.sra.ebi.ac.uk/vol1/fastq/DRR510/DRR510783/DRR510783_2.fastq.gz	7905c95cf4fec0820cc66f54bfc653e7;5762aed49e4df8848f0d3357c7025c6e	69101674;69298501	122.1	2023 fallback
SAMD00623430	GCF_033130085.1	PRJNA224116	Enterococcus faecium	Enterococcus faecium	strain=8419	1352	1352	2023-06-24	ASM3313008v1	https://ftp.ncbi.nlm.nih.gov/genomes/all/GCF/033/130/085/GCF_033130085.1_ASM3313008v1/	refseq	na	3094047	1	DRR488523	PRJDB16035	Illumina NovaSeq 6000	PCR	3549863	1065087012	ftp.sra.ebi.ac.uk/vol1/fastq/DRR488/DRR488523/DRR488523_1.fastq.gz;ftp.sra.ebi.ac.uk/vol1/fastq/DRR488/DRR488523/DRR488523_2.fastq.gz	de1fa0e888ca61e0322301906cefd9cf;2da887871937423423856bc035b2657d	210633105;210758361	344.2	2023 fallback
SAMEA117852477	GCF_965641755.1	PRJNA224116	Enterococcus faecium	Enterococcus faecium	na	1352	1352	2025-07-08	GPT24-06	https://ftp.ncbi.nlm.nih.gov/genomes/all/GCF/965/641/755/GCF_965641755.1_GPT24-06/	refseq	na	2995648	1	ERR15204808	PRJEB86006	NextSeq 500	RANDOM	1522204	225225744	ftp.sra.ebi.ac.uk/vol1/fastq/ERR152/008/ERR15204808/ERR15204808_1.fastq.gz;ftp.sra.ebi.ac.uk/vol1/fastq/ERR152/008/ERR15204808/ERR15204808_2.fastq.gz	92751fdad046ba3db81ccdb98b8fb464;616655d8b86143940af297db415bc37f	72954219;74665392	75.2	2024+
SAMN23424528	GCF_028335525.1	PRJNA224116	Enterococcus faecium	Enterococcus faecium	strain=K162-1	1352	1352	2023-01-31	ASM2833552v1	https://ftp.ncbi.nlm.nih.gov/genomes/all/GCF/028/335/525/GCF_028335525.1_ASM2833552v1/	refseq	na	2862866	1	SRR23190409	PRJNA783265	Illumina MiniSeq	RANDOM	1277729	376636623	ftp.sra.ebi.ac.uk/vol1/fastq/SRR231/009/SRR23190409/SRR23190409_1.fastq.gz;ftp.sra.ebi.ac.uk/vol1/fastq/SRR231/009/SRR23190409/SRR23190409_2.fastq.gz	1d101eaac89d836e93452c5f6976e8c3;25d8f3fa257869697615952d8c8c8251	99761661;100617530	131.6	2023 fallback
SAMN23424532	GCF_028335465.1	PRJNA224116	Enterococcus faecium	Enterococcus faecium	strain=K69-1a	1352	1352	2023-01-31	ASM2833546v1	https://ftp.ncbi.nlm.nih.gov/genomes/all/GCF/028/335/465/GCF_028335465.1_ASM2833546v1/	refseq	na	2916853	1	SRR23190405	PRJNA783265	Illumina MiniSeq	RANDOM	896720	264140487	ftp.sra.ebi.ac.uk/vol1/fastq/SRR231/005/SRR23190405/SRR23190405_1.fastq.gz;ftp.sra.ebi.ac.uk/vol1/fastq/SRR231/005/SRR23190405/SRR23190405_2.fastq.gz	25ab6505f65d9b7d8c953e56bc58365f;699f81dc720a4add1ec59e008df847a8	70069837;69544971	90.6	2023 fallback
SAMN23424534	GCF_028335245.1	PRJNA224116	Enterococcus faecium	Enterococcus faecium	strain=R39-1	1352	1352	2023-01-31	ASM2833524v1	https://ftp.ncbi.nlm.nih.gov/genomes/all/GCF/028/335/245/GCF_028335245.1_ASM2833524v1/	refseq	na	2735269	1	SRR23190403	PRJNA783265	Illumina MiniSeq	RANDOM	924048	271446182	ftp.sra.ebi.ac.uk/vol1/fastq/SRR231/003/SRR23190403/SRR23190403_1.fastq.gz;ftp.sra.ebi.ac.uk/vol1/fastq/SRR231/003/SRR23190403/SRR23190403_2.fastq.gz	7139a3a2ef017b2b4e079f9ab1432a9c;e8de218a119ff9907275ca0d03a76f47	72215188;73194567	99.2	2023 fallback
SAMN30692055	GCF_052828105.1	PRJNA224116	Enterococcus faecium	Enterococcus faecium	strain=VRED06-10	1352	1352	2025-09-25	ASM5282810v1	https://ftp.ncbi.nlm.nih.gov/genomes/all/GCF/052/828/105/GCF_052828105.1_ASM5282810v1/	refseq	na	3233380	1	SRR21444828	PRJNA877253	Illumina MiSeq	RANDOM	691639	394700185	ftp.sra.ebi.ac.uk/vol1/fastq/SRR214/028/SRR21444828/SRR21444828_1.fastq.gz;ftp.sra.ebi.ac.uk/vol1/fastq/SRR214/028/SRR21444828/SRR21444828_2.fastq.gz	74877bddd67920f5f39de0fd73970774;f3e38b274754c041c45ef280f9e7aafb	116095471;141895399	122.1	2024+
SAMN36766197	GCF_038441145.1	PRJNA224116	Enterococcus faecium	Enterococcus faecium	strain=2016S01-202	1352	1352	2024-04-23	ASM3844114v1	https://ftp.ncbi.nlm.nih.gov/genomes/all/GCF/038/441/145/GCF_038441145.1_ASM3844114v1/	refseq	na	3182089	1	SRR26465558	PRJNA1000275	Illumina iSeq 100	RANDOM	771353	227978547	ftp.sra.ebi.ac.uk/vol1/fastq/SRR264/058/SRR26465558/SRR26465558_1.fastq.gz;ftp.sra.ebi.ac.uk/vol1/fastq/SRR264/058/SRR26465558/SRR26465558_2.fastq.gz	94ed6cf91543e9efa15e0c944f1b5c3f;15ae9fade3a7bbcaf5a0c44b02d13a72	44136071;44064554	71.6	2024+
SAMN36766202	GCF_038441015.1	PRJNA224116	Enterococcus faecium	Enterococcus faecium	strain=2016N17-104	1352	1352	2024-04-23	ASM3844101v1	https://ftp.ncbi.nlm.nih.gov/genomes/all/GCF/038/441/015/GCF_038441015.1_ASM3844101v1/	refseq	na	3173327	1	SRR26465442	PRJNA1000275	Illumina iSeq 100	RANDOM	1093574	322885605	ftp.sra.ebi.ac.uk/vol1/fastq/SRR264/042/SRR26465442/SRR26465442_1.fastq.gz;ftp.sra.ebi.ac.uk/vol1/fastq/SRR264/042/SRR26465442/SRR26465442_2.fastq.gz	0dda708d8448bd96da79024ebfd03afd;90945eaa5f41e356f368330fe85eba55	62636708;62300832	101.7	2024+
SAMN36766205	GCF_038436665.1	PRJNA224116	Enterococcus faecium	Enterococcus faecium	strain=2016C10-291	1352	1352	2024-04-23	ASM3843666v1	https://ftp.ncbi.nlm.nih.gov/genomes/all/GCF/038/436/665/GCF_038436665.1_ASM3843666v1/	refseq	na	3176325	1	SRR26465519	PRJNA1000275	Illumina iSeq 100	RANDOM	737833	218440331	ftp.sra.ebi.ac.uk/vol1/fastq/SRR264/019/SRR26465519/SRR26465519_1.fastq.gz;ftp.sra.ebi.ac.uk/vol1/fastq/SRR264/019/SRR26465519/SRR26465519_2.fastq.gz	c4658e70d9297971995edebf049a8949;63f52d9e2f11a272d1c7a04b4b69268c	42487695;42490872	68.8	2024+
SAMN38999337	GCF_045924105.1	PRJNA224116	Enterococcus faecium	Enterococcus faecium	strain=C1299	1352	1352	2024-12-10	C1299	https://ftp.ncbi.nlm.nih.gov/genomes/all/GCF/045/924/105/GCF_045924105.1_C1299/	refseq	na	2790004	1	SRR28281488	PRJNA1055432	Illumina NovaSeq 6000	PCR	6557996	1980514792	ftp.sra.ebi.ac.uk/vol1/fastq/SRR282/088/SRR28281488/SRR28281488_1.fastq.gz;ftp.sra.ebi.ac.uk/vol1/fastq/SRR282/088/SRR28281488/SRR28281488_2.fastq.gz	31263cf48ae712b7851efaac13766d34;7362f9ff6da56d1c312c686c823c5be1	488292742;505372878	709.9	2024+
SAMN38999338	GCF_045923915.1	PRJNA224116	Enterococcus faecium	Enterococcus faecium	strain=C1151	1352	1352	2024-12-10	C1151	https://ftp.ncbi.nlm.nih.gov/genomes/all/GCF/045/923/915/GCF_045923915.1_C1151/	refseq	na	3145209	1	SRR28281486	PRJNA1055432	Illumina NovaSeq 6000	PCR	12843206	3878648212	ftp.sra.ebi.ac.uk/vol1/fastq/SRR282/086/SRR28281486/SRR28281486_1.fastq.gz;ftp.sra.ebi.ac.uk/vol1/fastq/SRR282/086/SRR28281486/SRR28281486_2.fastq.gz	e6939b9d6b91511cf8e501caf21071eb;76d712326a2b5f3561f5de493fcc8da6	911929464;943820187	1233.2	2024+
SAMN40323371	GCF_055814315.1	PRJNA224116	Enterococcus faecium	Enterococcus faecium	strain=1304D004	1352	1352	2026-03-12	ASM5581431v1	https://ftp.ncbi.nlm.nih.gov/genomes/all/GCF/055/814/315/GCF_055814315.1_ASM5581431v1/	refseq	na	3047464	1	SRR30712552	PRJNA779404	Illumina MiSeq	RANDOM	536524	159139680	ftp.sra.ebi.ac.uk/vol1/fastq/SRR307/052/SRR30712552/SRR30712552_1.fastq.gz;ftp.sra.ebi.ac.uk/vol1/fastq/SRR307/052/SRR30712552/SRR30712552_2.fastq.gz	325057cbadeddd12c1b1971f87e8727b;0aff6edda10c6bac601e6bf91206efaa	55778554;61319590	52.2	2024+
SAMN46716616	GCF_050908925.1	PRJNA224116	Enterococcus faecium	Enterococcus faecium	strain=VR2	1352	1352	2025-06-12	ASM5090892v1	https://ftp.ncbi.nlm.nih.gov/genomes/all/GCF/050/908/925/GCF_050908925.1_ASM5090892v1/	refseq	na	3191134	1	SRR32263293	PRJNA1220344	Illumina NovaSeq 6000	RANDOM	5009443	1512851786	ftp.sra.ebi.ac.uk/vol1/fastq/SRR322/093/SRR32263293/SRR32263293_1.fastq.gz;ftp.sra.ebi.ac.uk/vol1/fastq/SRR322/093/SRR32263293/SRR32263293_2.fastq.gz	ba2a176fc9351238bc425ed19b09030a;a50b1534dc676c9f860543623313cc9d	395449512;424067177	474.1	2024+
SAMN46716619	GCF_050908935.1	PRJNA224116	Enterococcus faecium	Enterococcus faecium	strain=VR5	1352	1352	2025-06-12	ASM5090893v1	https://ftp.ncbi.nlm.nih.gov/genomes/all/GCF/050/908/935/GCF_050908935.1_ASM5090893v1/	refseq	na	3153179	1	SRR32263246	PRJNA1220344	Illumina NovaSeq 6000	RANDOM	3590338	1084282076	ftp.sra.ebi.ac.uk/vol1/fastq/SRR322/046/SRR32263246/SRR32263246_1.fastq.gz;ftp.sra.ebi.ac.uk/vol1/fastq/SRR322/046/SRR32263246/SRR32263246_2.fastq.gz	6d288cba719405eac8b47934023e2112;2403ff241c47b5f61077a68cbd731d61	289741205;330572692	343.9	2024+
SAMN46716648	GCF_050909075.1	PRJNA224116	Enterococcus faecium	Enterococcus faecium	strain=VR64	1352	1352	2025-06-12	ASM5090907v1	https://ftp.ncbi.nlm.nih.gov/genomes/all/GCF/050/909/075/GCF_050909075.1_ASM5090907v1/	refseq	na	3216789	1	SRR32263256	PRJNA1220344	Illumina NovaSeq 6000	RANDOM	2048151	618541602	ftp.sra.ebi.ac.uk/vol1/fastq/SRR322/056/SRR32263256/SRR32263256_1.fastq.gz;ftp.sra.ebi.ac.uk/vol1/fastq/SRR322/056/SRR32263256/SRR32263256_2.fastq.gz	bffb30994cc6aa013d483b32b5f13739;800e7b9931569eb6e877d4ebae5bfb5a	164961655;191661868	192.3	2024+
SAMN46716649	GCF_050909085.1	PRJNA224116	Enterococcus faecium	Enterococcus faecium	strain=VR67	1352	1352	2025-06-12	ASM5090908v1	https://ftp.ncbi.nlm.nih.gov/genomes/all/GCF/050/909/085/GCF_050909085.1_ASM5090908v1/	refseq	na	3108658	1	SRR32263254	PRJNA1220344	Illumina NovaSeq 6000	RANDOM	2176810	657396620	ftp.sra.ebi.ac.uk/vol1/fastq/SRR322/054/SRR32263254/SRR32263254_1.fastq.gz;ftp.sra.ebi.ac.uk/vol1/fastq/SRR322/054/SRR32263254/SRR32263254_2.fastq.gz	19c9c29835299d9915a413d8dfbb75a5;581fe6ec1f0a62e23cef7eb31e2acbb7	174810325;202168360	211.5	2024+
SAMN48144070	GCF_052055575.1	PRJNA224116	Enterococcus faecium	Enterococcus faecium	strain=VRE_01	1352	1352	2025-08-14	ASM5205557v1	https://ftp.ncbi.nlm.nih.gov/genomes/all/GCF/052/055/575/GCF_052055575.1_ASM5205557v1/	refseq	na	3202935	1	SRR36372753	PRJNA1230056	Illumina MiSeq	RANDOM	2601494	772279658	ftp.sra.ebi.ac.uk/vol1/fastq/SRR363/053/SRR36372753/SRR36372753_1.fastq.gz;ftp.sra.ebi.ac.uk/vol1/fastq/SRR363/053/SRR36372753/SRR36372753_2.fastq.gz	97cbd73ba8ff915b189d6f6aa0643649;1bc8c7e704bcf3ebee33faa192e694cb	261467249;315850827	241.1	2024+
SAMN48144087	GCF_059845355.1	PRJNA224116	Enterococcus faecium	Enterococcus faecium	strain=VRE_19	1352	1352	2026-08-05	ASM5984535v1	https://ftp.ncbi.nlm.nih.gov/genomes/all/GCF/059/845/355/GCF_059845355.1_ASM5984535v1/	refseq	na	2693763	1	SRR36372744	PRJNA1230056	Illumina MiSeq	RANDOM	1947335	578861533	ftp.sra.ebi.ac.uk/vol1/fastq/SRR363/044/SRR36372744/SRR36372744_1.fastq.gz;ftp.sra.ebi.ac.uk/vol1/fastq/SRR363/044/SRR36372744/SRR36372744_2.fastq.gz	7b6dfe798c20222e9bd4dc143e2b9f39;71a9f6b65e2d9f887b84e5e76d392255	185348493;196922705	214.9	2024+
SAMN48324061	GCF_050320245.1	PRJNA224116	Enterococcus faecium	Enterococcus faecium	strain=RY7682	1352	1352	2025-05-12	Efm_RY7682	https://ftp.ncbi.nlm.nih.gov/genomes/all/GCF/050/320/245/GCF_050320245.1_Efm_RY7682/	refseq	na	3093064	1	SRR33418247	PRJNA978117	Illumina NovaSeq 6000	RANDOM	13419587	4052715274	ftp.sra.ebi.ac.uk/vol1/fastq/SRR334/047/SRR33418247/SRR33418247_1.fastq.gz;ftp.sra.ebi.ac.uk/vol1/fastq/SRR334/047/SRR33418247/SRR33418247_2.fastq.gz	9865f258818e3df7ad3f753dcd19a851;05573651e091c9e29d1d21bd51c66c4d	931169337;969114516	1310.3	2024+
SAMN48541670	GCF_050563495.1	PRJNA224116	Enterococcus faecium	Enterococcus faecium	strain=8019	1352	1352	2025-05-25	VRE_8019	https://ftp.ncbi.nlm.nih.gov/genomes/all/GCF/050/563/495/GCF_050563495.1_VRE_8019/	refseq	na	3160420	1	SRR33609566	PRJNA978117	Illumina NovaSeq 6000	RANDOM	13817856	4172992512	ftp.sra.ebi.ac.uk/vol1/fastq/SRR336/066/SRR33609566/SRR33609566_1.fastq.gz;ftp.sra.ebi.ac.uk/vol1/fastq/SRR336/066/SRR33609566/SRR33609566_2.fastq.gz	7d1ad449a13b595c36cc0fb9ebb09df6;f2e2eeb9f44f20d6d69ec4c65452ae5f	989331444;1025397684	1320.4	2024+
SAMN48668204	GCF_050598045.1	PRJNA224116	Enterococcus faecium	Enterococcus faecium	strain=RY7541	1352	1352	2025-05-28	RY7541	https://ftp.ncbi.nlm.nih.gov/genomes/all/GCF/050/598/045/GCF_050598045.1_RY7541/	refseq	na	3205644	1	SRR33657924	PRJNA978117	Illumina NovaSeq 6000	RANDOM	12104686	3655615172	ftp.sra.ebi.ac.uk/vol1/fastq/SRR336/024/SRR33657924/SRR33657924_1.fastq.gz;ftp.sra.ebi.ac.uk/vol1/fastq/SRR336/024/SRR33657924/SRR33657924_2.fastq.gz	bd4116a955d92c15b854c76394690fde;ff95292bbcb2eda9d7b83675a5099b98	868038474;907777652	1140.4	2024+
SAMN49384630	GCF_052161595.1	PRJNA224116	Enterococcus faecium	Enterococcus faecium	strain=N21-03014	1352	1352	2025-08-20	ASM5216159v1	https://ftp.ncbi.nlm.nih.gov/genomes/all/GCF/052/161/595/GCF_052161595.1_ASM5216159v1/	refseq	na	3368470	1	SRR34033188	PRJNA1279082	Illumina Genome Analyzer II	RANDOM	1312978	394570859	ftp.sra.ebi.ac.uk/vol1/fastq/SRR340/088/SRR34033188/SRR34033188_1.fastq.gz;ftp.sra.ebi.ac.uk/vol1/fastq/SRR340/088/SRR34033188/SRR34033188_2.fastq.gz	85c05d35f1d11f3a80b12152a8ee411d;5b8badc6e54fdaf8534a9a69bf136162	118075690;120422640	117.1	2024+
SAMN49947234	GCF_051522895.1	PRJNA224116	Enterococcus faecium	Enterococcus faecium	strain=PM1	1352	1352	2025-07-24	ASM5152289v1	https://ftp.ncbi.nlm.nih.gov/genomes/all/GCF/051/522/895/GCF_051522895.1_ASM5152289v1/	refseq	na	2682594	1	SRR34843312	PRJNA1291100	Illumina NovaSeq 6000	RANDOM	11377416	3413224800	ftp.sra.ebi.ac.uk/vol1/fastq/SRR348/012/SRR34843312/SRR34843312_1.fastq.gz;ftp.sra.ebi.ac.uk/vol1/fastq/SRR348/012/SRR34843312/SRR34843312_2.fastq.gz	45ce5243d583a79a5418ba18a4695f19;17b877ced9555550f966fcd96829569e	816876725;841598088	1272.4	2024+
SAMN13382572	GCF_022790305.2	PRJNA224116	Klebsiella pneumoniae	Klebsiella pneumoniae	strain=2016-733	573	573	2024-09-12	KGMAR-2016-733	https://ftp.ncbi.nlm.nih.gov/genomes/all/GCF/022/790/305/GCF_022790305.2_KGMAR-2016-733/	refseq	na	5829750	1	SRR18543904	PRJNA591480	Illumina MiSeq	unspecified	938259	421075845	ftp.sra.ebi.ac.uk/vol1/fastq/SRR185/004/SRR18543904/SRR18543904_1.fastq.gz;ftp.sra.ebi.ac.uk/vol1/fastq/SRR185/004/SRR18543904/SRR18543904_2.fastq.gz	3ae96e7f5fe050297fd106240372b1ff;f7480ba443981b9b0fc73211b96e692a	134429229;159794668	72.2	2024+
SAMN13382579	GCF_022790205.2	PRJNA224116	Klebsiella pneumoniae	Klebsiella pneumoniae	strain=2016-1076	573	573	2024-09-12	KGMAR-2016-1076	https://ftp.ncbi.nlm.nih.gov/genomes/all/GCF/022/790/205/GCF_022790205.2_KGMAR-2016-1076/	refseq	na	5605568	1	SRR18543897	PRJNA591480	Illumina MiSeq	unspecified	862191	402948075	ftp.sra.ebi.ac.uk/vol1/fastq/SRR185/097/SRR18543897/SRR18543897_1.fastq.gz;ftp.sra.ebi.ac.uk/vol1/fastq/SRR185/097/SRR18543897/SRR18543897_2.fastq.gz	1f0914bdd3d84736af326a84aac6f887;305573c82888396a90348ea2747f05ce	128491984;156083303	71.9	2024+
SAMN13382581	GCF_022790165.2	PRJNA224116	Klebsiella pneumoniae	Klebsiella pneumoniae	strain=2016-1178	573	573	2024-09-12	KGMAR-2016-1178	https://ftp.ncbi.nlm.nih.gov/genomes/all/GCF/022/790/165/GCF_022790165.2_KGMAR-2016-1178/	refseq	na	5467427	1	SRR18543894	PRJNA591480	Illumina MiSeq	unspecified	1458873	587320977	ftp.sra.ebi.ac.uk/vol1/fastq/SRR185/094/SRR18543894/SRR18543894_1.fastq.gz;ftp.sra.ebi.ac.uk/vol1/fastq/SRR185/094/SRR18543894/SRR18543894_2.fastq.gz	adc1061da94aefc6163fe00ba3caedf2;a129dcd6278b3b582dac5c93cc8e72d5	186750500;215023436	107.4	2024+
SAMN13382597	GCF_022789975.2	PRJNA224116	Klebsiella pneumoniae	Klebsiella pneumoniae	strain=2016-1397	573	573	2024-09-12	KGMAR-2016-1397	https://ftp.ncbi.nlm.nih.gov/genomes/all/GCF/022/789/975/GCF_022789975.2_KGMAR-2016-1397/	refseq	na	5531954	1	SRR18543877	PRJNA591480	Illumina MiSeq	unspecified	728921	333499573	ftp.sra.ebi.ac.uk/vol1/fastq/SRR185/077/SRR18543877/SRR18543877_1.fastq.gz;ftp.sra.ebi.ac.uk/vol1/fastq/SRR185/077/SRR18543877/SRR18543877_2.fastq.gz	0813f83dbd5f52ce1dd472a966263798;04a95a1cd78b336871261caebc1ac418	105766766;128044798	60.3	2024+
SAMN17766463	GCF_022789885.2	PRJNA224116	Klebsiella pneumoniae	Klebsiella pneumoniae	strain=2019-400-2	573	573	2024-09-12	KGMAR-2019-400-2	https://ftp.ncbi.nlm.nih.gov/genomes/all/GCF/022/789/885/GCF_022789885.2_KGMAR-2019-400-2/	refseq	na	5508626	1	SRR18543872	PRJNA591480	Illumina MiSeq	unspecified	493997	236232872	ftp.sra.ebi.ac.uk/vol1/fastq/SRR185/072/SRR18543872/SRR18543872_1.fastq.gz;ftp.sra.ebi.ac.uk/vol1/fastq/SRR185/072/SRR18543872/SRR18543872_2.fastq.gz	41098c918af4b26e083ca7488c3a94d4;3ab88273be39b0c2a0d107b87a1e206c	65731402;80840320	42.9	2024+
SAMN17766480	GCF_022789585.2	PRJNA224116	Klebsiella pneumoniae	Klebsiella pneumoniae	strain=2019-1766	573	573	2024-09-12	KGMAR-2019-1766	https://ftp.ncbi.nlm.nih.gov/genomes/all/GCF/022/789/585/GCF_022789585.2_KGMAR-2019-1766/	refseq	na	5446408	1	SRR18543828	PRJNA591480	Illumina MiSeq	unspecified	574494	276531389	ftp.sra.ebi.ac.uk/vol1/fastq/SRR185/028/SRR18543828/SRR18543828_1.fastq.gz;ftp.sra.ebi.ac.uk/vol1/fastq/SRR185/028/SRR18543828/SRR18543828_2.fastq.gz	dc24b7f65038c071e1beb87a0ee87d58;3da5b437bdf7eaa00aa088a4dbc21737	80358485;95778338	50.8	2024+
SAMN17766507	GCF_022789185.2	PRJNA224116	Klebsiella pneumoniae	Klebsiella pneumoniae	strain=2020-428	573	573	2024-09-05	ASM2278918v2	https://ftp.ncbi.nlm.nih.gov/genomes/all/GCF/022/789/185/GCF_022789185.2_ASM2278918v2/	refseq	na	5600078	1	SRR18543848	PRJNA591480	Illumina MiSeq	unspecified	1294340	567427057	ftp.sra.ebi.ac.uk/vol1/fastq/SRR185/048/SRR18543848/SRR18543848_1.fastq.gz;ftp.sra.ebi.ac.uk/vol1/fastq/SRR185/048/SRR18543848/SRR18543848_2.fastq.gz	fb18c2ecd691e64cae708be80fd0486e;04557f7d807553c1a7bbd34c249a6554	159300471;200524804	101.3	2024+
SAMN26567300	GCF_044356415.1	PRJNA224116	Klebsiella pneumoniae	Klebsiella pneumoniae	strain=FUJ80038	573	573	2024-11-04	ASM4435641v1	https://ftp.ncbi.nlm.nih.gov/genomes/all/GCF/044/356/415/GCF_044356415.1_ASM4435641v1/	refseq	na	5701916	1	SRR18297524	PRJNA814816	Illumina MiSeq	RANDOM	3183481	928882800	ftp.sra.ebi.ac.uk/vol1/fastq/SRR182/024/SRR18297524/SRR18297524_1.fastq.gz;ftp.sra.ebi.ac.uk/vol1/fastq/SRR182/024/SRR18297524/SRR18297524_2.fastq.gz	a5d11dc5c69af30067de1f7935004e3f;a6a71cbaf760086c225755a34ac4a175	211058208;212252067	162.9	2024+
SAMN26567301	GCF_044355935.1	PRJNA224116	Klebsiella pneumoniae	Klebsiella pneumoniae	strain=FUJ80050	573	573	2024-11-04	ASM4435593v1	https://ftp.ncbi.nlm.nih.gov/genomes/all/GCF/044/355/935/GCF_044355935.1_ASM4435593v1/	refseq	na	5955631	1	SRR18297551	PRJNA814816	Illumina MiSeq	RANDOM	786846	439502911	ftp.sra.ebi.ac.uk/vol1/fastq/SRR182/051/SRR18297551/SRR18297551_1.fastq.gz;ftp.sra.ebi.ac.uk/vol1/fastq/SRR182/051/SRR18297551/SRR18297551_2.fastq.gz	7c9cac0a72d9fa0e40404a99c160299a;50b7729604f1cf89e58a16d8a9139a29	157704210;190000662	73.8	2024+
SAMN28626304	GCF_041860965.1	PRJNA224116	Klebsiella pneumoniae	Klebsiella pneumoniae	strain=Kpn116	573	573	2024-09-07	ASM4186096v1	https://ftp.ncbi.nlm.nih.gov/genomes/all/GCF/041/860/965/GCF_041860965.1_ASM4186096v1/	refseq	na	5350119	1	SRR19372359	PRJNA835677	Illumina MiSeq	RANDOM	880216	386143065	ftp.sra.ebi.ac.uk/vol1/fastq/SRR193/059/SRR19372359/SRR19372359_1.fastq.gz;ftp.sra.ebi.ac.uk/vol1/fastq/SRR193/059/SRR19372359/SRR19372359_2.fastq.gz	7ce9ab60cafac55b9a052840846bcb1b;e55ccf3d1fbcb6a39ed9d6f37f4479b6	105412054;132012664	72.2	2024+
SAMN32542113	GCF_040763125.1	PRJNA224116	Klebsiella pneumoniae	Klebsiella pneumoniae	strain=TC_KPN04	573	573	2024-07-18	ASM4076312v1	https://ftp.ncbi.nlm.nih.gov/genomes/all/GCF/040/763/125/GCF_040763125.1_ASM4076312v1/	refseq	na	5592654	3	SRR27241775	PRJNA803387	Illumina HiSeq 4000	unspecified	5650852	1706557304	ftp.sra.ebi.ac.uk/vol1/fastq/SRR272/075/SRR27241775/SRR27241775_1.fastq.gz;ftp.sra.ebi.ac.uk/vol1/fastq/SRR272/075/SRR27241775/SRR27241775_2.fastq.gz	691ff2d6ae2d5debd9d606f168f76a55;8ce23cf145b296a4cb0d61cff9f442e3	328105545;328209385	305.1	2024+
SAMN32676082	GCF_041861285.1	PRJNA224116	Klebsiella pneumoniae	Klebsiella pneumoniae	strain=Kpn152	573	573	2024-09-07	ASM4186128v1	https://ftp.ncbi.nlm.nih.gov/genomes/all/GCF/041/861/285/GCF_041861285.1_ASM4186128v1/	refseq	na	5512026	1	SRR23048635	PRJNA922900	Illumina MiSeq	RANDOM	969557	498200613	ftp.sra.ebi.ac.uk/vol1/fastq/SRR230/035/SRR23048635/SRR23048635_1.fastq.gz;ftp.sra.ebi.ac.uk/vol1/fastq/SRR230/035/SRR23048635/SRR23048635_2.fastq.gz	e154e351e9d41b701074e0f7891ebb0e;c0ee7868009e822d3f3f4595413c6368	146302883;187061767	90.4	2024+
SAMN36766227	GCF_049617425.1	PRJNA224116	Klebsiella pneumoniae	Klebsiella pneumoniae	strain=2018S07-013	573	573	2025-04-15	ASM4961742v1	https://ftp.ncbi.nlm.nih.gov/genomes/all/GCF/049/617/425/GCF_049617425.1_ASM4961742v1/	refseq	na	5636403	1	SRR26465494	PRJNA1000275	Illumina iSeq 100	RANDOM	755111	223703210	ftp.sra.ebi.ac.uk/vol1/fastq/SRR264/094/SRR26465494/SRR26465494_1.fastq.gz;ftp.sra.ebi.ac.uk/vol1/fastq/SRR264/094/SRR26465494/SRR26465494_2.fastq.gz	644322768de63065513b1e7146f579f7;da668dcb42dfcb831002172ea3ea5908	43679059;43705279	39.7	2024+
SAMN39724761	GCF_037024235.1	PRJNA224116	Klebsiella pneumoniae	Klebsiella pneumoniae	strain=kp10	573	573	2024-03-05	ASM3702423v1	https://ftp.ncbi.nlm.nih.gov/genomes/all/GCF/037/024/235/GCF_037024235.1_ASM3702423v1/	refseq	na	5706426	1	SRR27830828	PRJNA1072014	Illumina HiSeq 2000	RANDOM	3849743	1162622386	ftp.sra.ebi.ac.uk/vol1/fastq/SRR278/028/SRR27830828/SRR27830828_1.fastq.gz;ftp.sra.ebi.ac.uk/vol1/fastq/SRR278/028/SRR27830828/SRR27830828_2.fastq.gz	5770506673057b1fc9d6c5052fbfd6f1;47a695a652fb16c89d78dbbf2218bb52	206825351;207592812	203.7	2024+
SAMN40123770	GCF_037279725.1	PRJNA224116	Klebsiella pneumoniae	Klebsiella pneumoniae	strain=GN02018	573	573	2024-03-18	ASM3727972v1	https://ftp.ncbi.nlm.nih.gov/genomes/all/GCF/037/279/725/GCF_037279725.1_ASM3727972v1/	refseq	na	6077327	1	SRR39132947	PRJNA1007270	NextSeq 2000	RANDOM	3401403	989835181	ftp.sra.ebi.ac.uk/vol1/fastq/SRR391/047/SRR39132947/SRR39132947_1.fastq.gz;ftp.sra.ebi.ac.uk/vol1/fastq/SRR391/047/SRR39132947/SRR39132947_2.fastq.gz	845b8eba6e335522f4881754a1204111;9e7d64853b6f279d7877d0143c27674f	237222600;242082320	162.9	2024+
SAMN43844647	GCA_060240615.1	PRJNA1163283	Klebsiella pneumoniae	Klebsiella pneumoniae	strain=P1134	573	573	2026-08-18	ASM6024061v1	https://ftp.ncbi.nlm.nih.gov/genomes/all/GCA/060/240/615/GCA_060240615.1_ASM6024061v1/	genbank	na	5661635	1	SRR35037079	PRJNA1163283	NextSeq 550	RANDOM	2106929	590391881	ftp.sra.ebi.ac.uk/vol1/fastq/SRR350/079/SRR35037079/SRR35037079_1.fastq.gz;ftp.sra.ebi.ac.uk/vol1/fastq/SRR350/079/SRR35037079/SRR35037079_2.fastq.gz	d31c21537ddaee051a52fae539e1001e;0410145084bf4be018270e2001a7989e	170044017;170265383	104.3	2024+
SAMN46544982	GCF_051549705.1	PRJNA224116	Klebsiella pneumoniae	Klebsiella pneumoniae	strain=KP2208042	573	573	2025-07-28	ASM5154970v1	https://ftp.ncbi.nlm.nih.gov/genomes/all/GCF/051/549/705/GCF_051549705.1_ASM5154970v1/	refseq	na	6175718	1	SRR33047861	PRJNA1219142	Illumina MiSeq	RANDOM	656426	372677589	ftp.sra.ebi.ac.uk/vol1/fastq/SRR330/061/SRR33047861/SRR33047861_1.fastq.gz;ftp.sra.ebi.ac.uk/vol1/fastq/SRR330/061/SRR33047861/SRR33047861_2.fastq.gz	1b82f9128aec49bc4da97868e7c16ec2;47110021931745a2a4865b68bea2daf2	136356410;164111581	60.3	2024+
SAMN46778011	GCF_051414815.1	PRJNA224116	Klebsiella pneumoniae	Klebsiella pneumoniae	na	573	573	2025-07-19	KpMVS2	https://ftp.ncbi.nlm.nih.gov/genomes/all/GCF/051/414/815/GCF_051414815.1_KpMVS2/	refseq	na	5767637	1	SRR32399094	PRJNA1084250	Illumina HiSeq 2500	RANDOM	1558406	309554732	ftp.sra.ebi.ac.uk/vol1/fastq/SRR323/094/SRR32399094/SRR32399094_1.fastq.gz;ftp.sra.ebi.ac.uk/vol1/fastq/SRR323/094/SRR32399094/SRR32399094_2.fastq.gz	14b4ade75630fb39723feb274bda2d83;b9cc9d2f6cf6a2265c16904cdcba569e	105195135;108722691	53.7	2024+
SAMN46862811	GCF_053078555.1	PRJNA224116	Klebsiella pneumoniae	Klebsiella pneumoniae	strain=K-24287	573	573	2025-10-15	ASM5307855v1	https://ftp.ncbi.nlm.nih.gov/genomes/all/GCF/053/078/555/GCF_053078555.1_ASM5307855v1/	refseq	na	5460190	1	SRR32370176	PRJNA1224596	Illumina MiniSeq	RANDOM	1207924	359068560	ftp.sra.ebi.ac.uk/vol1/fastq/SRR323/076/SRR32370176/SRR32370176_1.fastq.gz;ftp.sra.ebi.ac.uk/vol1/fastq/SRR323/076/SRR32370176/SRR32370176_2.fastq.gz	ee7a50d6626299c31ac0326bd78a5bfd;4ea056dc37ca1cee70cc2a2246471cd7	97847304;97968926	65.8	2024+
SAMN46862817	GCF_053078505.1	PRJNA224116	Klebsiella pneumoniae	Klebsiella pneumoniae	strain=K-1013	573	573	2025-10-15	ASM5307850v1	https://ftp.ncbi.nlm.nih.gov/genomes/all/GCF/053/078/505/GCF_053078505.1_ASM5307850v1/	refseq	na	5442862	1	SRR32370170	PRJNA1224596	Illumina MiniSeq	RANDOM	941870	280949780	ftp.sra.ebi.ac.uk/vol1/fastq/SRR323/070/SRR32370170/SRR32370170_1.fastq.gz;ftp.sra.ebi.ac.uk/vol1/fastq/SRR323/070/SRR32370170/SRR32370170_2.fastq.gz	a8f32f013fe8e0b6fbff1413ce997fe7;734db2faced948c30aa59c0b26896a5e	73528098;74298113	51.6	2024+
SAMN46862834	GCF_053078375.1	PRJNA224116	Klebsiella pneumoniae	Klebsiella pneumoniae	strain=K-1659	573	573	2025-10-15	ASM5307837v1	https://ftp.ncbi.nlm.nih.gov/genomes/all/GCF/053/078/375/GCF_053078375.1_ASM5307837v1/	refseq	na	5533194	1	SRR32370151	PRJNA1224596	Illumina MiniSeq	RANDOM	641930	191519598	ftp.sra.ebi.ac.uk/vol1/fastq/SRR323/051/SRR32370151/SRR32370151_1.fastq.gz;ftp.sra.ebi.ac.uk/vol1/fastq/SRR323/051/SRR32370151/SRR32370151_2.fastq.gz	ddb8d35b3959401d3bafe94ac53faf3b;05277f91bef7094e3eb3ccdb3a2f7ead	51298719;51214534	34.6	2024+
SAMN46862848	GCF_055824715.1	PRJNA224116	Klebsiella pneumoniae	Klebsiella pneumoniae	strain=K-163	573	573	2026-03-13	ASM5582471v1	https://ftp.ncbi.nlm.nih.gov/genomes/all/GCF/055/824/715/GCF_055824715.1_ASM5582471v1/	refseq	na	5400445	1	SRR32370132	PRJNA1224596	Illumina MiniSeq	RANDOM	660468	196978707	ftp.sra.ebi.ac.uk/vol1/fastq/SRR323/032/SRR32370132/SRR32370132_1.fastq.gz;ftp.sra.ebi.ac.uk/vol1/fastq/SRR323/032/SRR32370132/SRR32370132_2.fastq.gz	bfc8a713977289ba467c127561655c2d;d88c7ffcf25cd809525366b665d958ca	51670130;52113767	36.5	2024+
SAMN46897905	GCF_056867575.1	PRJNA224116	Klebsiella pneumoniae	Klebsiella pneumoniae	strain=ESMDKP01069R1	573	573	2026-04-23	ASM5686757v1	https://ftp.ncbi.nlm.nih.gov/genomes/all/GCF/056/867/575/GCF_056867575.1_ASM5686757v1/	refseq	na	5527658	1	SRR32397019	PRJNA1225662	Illumina NovaSeq X Plus	RANDOM	8831060	2649318000	ftp.sra.ebi.ac.uk/vol1/fastq/SRR323/019/SRR32397019/SRR32397019_1.fastq.gz;ftp.sra.ebi.ac.uk/vol1/fastq/SRR323/019/SRR32397019/SRR32397019_2.fastq.gz	bbea6f9d7cf179c2b198a30401b37e46;02b2064bcbce224f0884a6d4248e6d1d	510814466;514638487	479.3	2024+
SAMN48185768	GCF_051608075.1	PRJNA224116	Klebsiella pneumoniae	Klebsiella pneumoniae	strain=23AR0808	573	573	2025-07-30	ASM5160807v1	https://ftp.ncbi.nlm.nih.gov/genomes/all/GCF/051/608/075/GCF_051608075.1_ASM5160807v1/	refseq	na	5559722	1	SRR33346715	PRJNA1097666	NextSeq 550	RANDOM	3082703	895680441	ftp.sra.ebi.ac.uk/vol1/fastq/SRR333/015/SRR33346715/SRR33346715_1.fastq.gz;ftp.sra.ebi.ac.uk/vol1/fastq/SRR333/015/SRR33346715/SRR33346715_2.fastq.gz	a6680172e9b855fd0cd99a28ffffeb0f;b14f2ce41f7e81452b9dbd03959cffc1	295404957;303831138	161.1	2024+
SAMN48324032	GCF_053803415.1	PRJNA224116	Klebsiella pneumoniae	Klebsiella pneumoniae	strain=S778B	573	573	2025-12-02	ASM5380341v1	https://ftp.ncbi.nlm.nih.gov/genomes/all/GCF/053/803/415/GCF_053803415.1_ASM5380341v1/	refseq	na	5790886	1	SRR33418226	PRJNA1258574	Illumina NovaSeq 6000	RANDOM	1759883	527964900	ftp.sra.ebi.ac.uk/vol1/fastq/SRR334/026/SRR33418226/SRR33418226_1.fastq.gz;ftp.sra.ebi.ac.uk/vol1/fastq/SRR334/026/SRR33418226/SRR33418226_2.fastq.gz	5fdcb877bab000d55765e5d1900d2779;095cd51fb36b5d529fcb24b637143df8	132664493;142787123	91.2	2024+
SAMEA121008655	GCF_978045405.1	PRJNA224116	Serratia spp.	Serratia plymuthica	na	82996	82996	2026-01-22	ASM97804540v1	https://ftp.ncbi.nlm.nih.gov/genomes/all/GCF/978/045/405/GCF_978045405.1_ASM97804540v1/	refseq	na	5765014	1	ERR17019652	PRJEB106064	Illumina NovaSeq X	RANDOM	17296628	2611790828	ftp.sra.ebi.ac.uk/vol1/fastq/ERR170/052/ERR17019652/ERR17019652_1.fastq.gz;ftp.sra.ebi.ac.uk/vol1/fastq/ERR170/052/ERR17019652/ERR17019652_2.fastq.gz	83c24faeda873ec43d2bf62c98dca498;a88627a65c84780fbed8847bdd3a869c	640287918;671295021	453.0	2024+
SAMN26796324	GCF_030734145.1	PRJNA224116	Serratia spp.	Serratia marcescens	strain=F61211109	615	615	2023-08-15	ASM3073414v1	https://ftp.ncbi.nlm.nih.gov/genomes/all/GCF/030/734/145/GCF_030734145.1_ASM3073414v1/	refseq	na	5510834	1	SRR18370114	PRJNA799063	Illumina MiSeq	RANDOM	1245168	589689024	ftp.sra.ebi.ac.uk/vol1/fastq/SRR183/014/SRR18370114/SRR18370114_1.fastq.gz;ftp.sra.ebi.ac.uk/vol1/fastq/SRR183/014/SRR18370114/SRR18370114_2.fastq.gz	f53aec3b2355122b0014722360bed7db;32dcd1341bff12edf8e0a7aa7f16219d	205909791;228857184	107.0	2023 fallback
SAMN30974103	GCF_030179475.1	PRJNA224116	Serratia spp.	Serratia nevei	strain=2017-45-174	2703794	2703794	2023-06-06	ASM3017947v1	https://ftp.ncbi.nlm.nih.gov/genomes/all/GCF/030/179/475/GCF_030179475.1_ASM3017947v1/	refseq	na	5890971	1	SRR21682081	PRJNA288601	Illumina MiSeq	RANDOM	782908	359270142	ftp.sra.ebi.ac.uk/vol1/fastq/SRR216/081/SRR21682081/SRR21682081_1.fastq.gz;ftp.sra.ebi.ac.uk/vol1/fastq/SRR216/081/SRR21682081/SRR21682081_2.fastq.gz	4a9c058446b03ec70049587dbfbf43ea;0604991999d77e2053e1b6c0880dade1	125225579;156481735	61.0	2023 fallback
SAMN32762131	GCF_029962625.1	PRJNA224116	Serratia spp.	Serratia sp. K-E0102	strain=K-E0102	3021405	3021405	2023-05-10	ASM2996262v1	https://ftp.ncbi.nlm.nih.gov/genomes/all/GCF/029/962/625/GCF_029962625.1_ASM2996262v1/	refseq	na	5160726	1	SRR24391584	PRJNA924557	Illumina MiSeq	RANDOM	656234	380914637	ftp.sra.ebi.ac.uk/vol1/fastq/SRR243/084/SRR24391584/SRR24391584_1.fastq.gz;ftp.sra.ebi.ac.uk/vol1/fastq/SRR243/084/SRR24391584/SRR24391584_2.fastq.gz	54c8c4fbda2c9ba08c26aa099df6ff32;81e8610eba9c9581c29fb995b1758e0b	117856546;151444932	73.8	2023 fallback
SAMN33238824	GCF_028736255.1	PRJNA224116	Serratia spp.	Serratia ureilytica	strain=KML.E1	300181	300181	2023-02-19	ASM2873625v1	https://ftp.ncbi.nlm.nih.gov/genomes/all/GCF/028/736/255/GCF_028736255.1_ASM2873625v1/	refseq	na	5094661	2	SRR25592465	PRJNA933529	Illumina MiSeq	RANDOM	1823156	739632499	ftp.sra.ebi.ac.uk/vol1/fastq/SRR255/065/SRR25592465/SRR25592465_1.fastq.gz;ftp.sra.ebi.ac.uk/vol1/fastq/SRR255/065/SRR25592465/SRR25592465_2.fastq.gz	867c11892ba190fe8b4c24a83e3066e8;3b174c638d240c98509f6c07a874038e	144280297;145697218	145.2	2023 fallback
SAMN33404193	GCF_028994195.1	PRJNA224116	Serratia spp.	Serratia marcescens	strain=AHRB3	615	615	2023-03-05	ASM2899419v1	https://ftp.ncbi.nlm.nih.gov/genomes/all/GCF/028/994/195/GCF_028994195.1_ASM2899419v1/	refseq	na	5038633	1	SRR25511205	PRJNA937384	Illumina NovaSeq 6000	RANDOM	2021811	994369962	ftp.sra.ebi.ac.uk/vol1/fastq/SRR255/005/SRR25511205/SRR25511205_1.fastq.gz;ftp.sra.ebi.ac.uk/vol1/fastq/SRR255/005/SRR25511205/SRR25511205_2.fastq.gz	e7566aa56bc30c35d64aa89a00758be7;b1f62d0098a8d5e2958d8780ddd2691f	161266527;161698023	197.3	2023 fallback
SAMN33434791	GCF_029025665.1	PRJNA224116	Serratia spp.	Serratia marcescens	strain=RX11	615	615	2023-03-08	ASM2902566v1	https://ftp.ncbi.nlm.nih.gov/genomes/all/GCF/029/025/665/GCF_029025665.1_ASM2902566v1/	refseq	na	5041121	1	SRR25511191	PRJNA938405	Illumina NovaSeq 6000	RANDOM	2021635	969366228	ftp.sra.ebi.ac.uk/vol1/fastq/SRR255/091/SRR25511191/SRR25511191_1.fastq.gz;ftp.sra.ebi.ac.uk/vol1/fastq/SRR255/091/SRR25511191/SRR25511191_2.fastq.gz	6cda507f813539470c73b99d2639140b;13db931707e64a4e8ba570b2d18e320b	173151413;173157631	192.3	2023 fallback
SAMN35676739	GCF_030291735.1	PRJNA224116	Serratia spp.	Serratia marcescens	strain=ELP1.10	615	615	2023-06-20	ASM3029173v1	https://ftp.ncbi.nlm.nih.gov/genomes/all/GCF/030/291/735/GCF_030291735.1_ASM3029173v1/	refseq	reference genome	5160776	1	SRR25500207	PRJNA981493	Illumina NovaSeq 6000	RANDOM	2378070	1106181733	ftp.sra.ebi.ac.uk/vol1/fastq/SRR255/007/SRR25500207/SRR25500207_1.fastq.gz;ftp.sra.ebi.ac.uk/vol1/fastq/SRR255/007/SRR25500207/SRR25500207_2.fastq.gz	c5888284e633ba573f9a0c65a0a4b4b3;056f885f1ed6d6174ac3abc8832237e7	195843976;196332630	214.3	2023 fallback
SAMN38182635	GCF_036324685.1	PRJNA224116	Serratia spp.	Serratia marcescens	strain=2023CB-00608	615	615	2024-02-01	ASM3632468v1	https://ftp.ncbi.nlm.nih.gov/genomes/all/GCF/036/324/685/GCF_036324685.1_ASM3632468v1/	refseq	na	5380248	1	SRR26763635	PRJNA288601	Illumina MiSeq	RANDOM	1189204	580635427	ftp.sra.ebi.ac.uk/vol1/fastq/SRR267/035/SRR26763635/SRR26763635_1.fastq.gz;ftp.sra.ebi.ac.uk/vol1/fastq/SRR267/035/SRR26763635/SRR26763635_2.fastq.gz	8b4eff1166a64c464c58276a3fb594ce;fba9e4d75a468633b6f08afbccc7f151	108401775;108513983	107.9	2024+
SAMN38562723	GCF_034424255.1	PRJNA224116	Serratia spp.	Serratia marcescens subsp. marcescens ATCC 13880	strain=ATCC 13880	911022	615	2023-12-17	ASM3442425v1	https://ftp.ncbi.nlm.nih.gov/genomes/all/GCF/034/424/255/GCF_034424255.1_ASM3442425v1/	refseq	na	5160509	1	SRR27033699	PRJNA1047486	NextSeq 2000	RANDOM	3755783	1118982631	ftp.sra.ebi.ac.uk/vol1/fastq/SRR270/099/SRR27033699/SRR27033699_1.fastq.gz;ftp.sra.ebi.ac.uk/vol1/fastq/SRR270/099/SRR27033699/SRR27033699_2.fastq.gz	5a6de6a49694f5b513fb751bee71e393;81e94933e1ed6d84f72f18aed323dc3a	219418806;218337070	216.8	2023 fallback
SAMN39998258	GCF_036760465.1	PRJNA224116	Serratia spp.	Serratia marcescens	strain=2024CK-00127	615	615	2024-04-02	ASM3676046v2	https://ftp.ncbi.nlm.nih.gov/genomes/all/GCF/036/760/465/GCF_036760465.1_ASM3676046v2/	refseq	na	5167763	1	SRR28015239	PRJNA288601	Illumina MiSeq	RANDOM	589359	284458266	ftp.sra.ebi.ac.uk/vol1/fastq/SRR280/039/SRR28015239/SRR28015239_1.fastq.gz;ftp.sra.ebi.ac.uk/vol1/fastq/SRR280/039/SRR28015239/SRR28015239_2.fastq.gz	7487ffa4c6c0f978cd9804b0e7e87e0c;53bf5ca0140c6a672725cfbb31b7f50b	53354128;53408424	55.0	2024+
SAMN40123736	GCF_037226435.1	PRJNA224116	Serratia spp.	Serratia marcescens	strain=GN02991	615	615	2024-03-18	ASM3722643v1	https://ftp.ncbi.nlm.nih.gov/genomes/all/GCF/037/226/435/GCF_037226435.1_ASM3722643v1/	refseq	na	5082688	1	SRR39132975	PRJNA1007270	NextSeq 2000	RANDOM	3459101	1009848075	ftp.sra.ebi.ac.uk/vol1/fastq/SRR391/075/SRR39132975/SRR39132975_1.fastq.gz;ftp.sra.ebi.ac.uk/vol1/fastq/SRR391/075/SRR39132975/SRR39132975_2.fastq.gz	1a52f0aada4e0e251e3a9713d0068453;f55b4cc1526826c80ddffef88e41f22c	242183235;246154656	198.7	2024+
SAMN40123745	GCF_037228405.1	PRJNA224116	Serratia spp.	Serratia marcescens	strain=GN03465	615	615	2024-03-18	ASM3722840v1	https://ftp.ncbi.nlm.nih.gov/genomes/all/GCF/037/228/405/GCF_037228405.1_ASM3722840v1/	refseq	na	5332495	1	SRR39132974	PRJNA1007270	NextSeq 2000	RANDOM	3528290	1028278866	ftp.sra.ebi.ac.uk/vol1/fastq/SRR391/074/SRR39132974/SRR39132974_1.fastq.gz;ftp.sra.ebi.ac.uk/vol1/fastq/SRR391/074/SRR39132974/SRR39132974_2.fastq.gz	2cec98129b5b64eed64d7d14f6fee8be;694151b5118b12a3a28b871f5c2f9f69	244885024;249221239	192.8	2024+
SAMN42382017	GCF_049393775.1	PRJNA224116	Serratia spp.	Serratia nevei	strain=ARGA0009	2703794	2703794	2025-04-09	ASM4939377v1	https://ftp.ncbi.nlm.nih.gov/genomes/all/GCF/049/393/775/GCF_049393775.1_ASM4939377v1/	refseq	na	5324155	1	SRR29748721	PRJNA1133624	Illumina MiSeq	RANDOM	825393	244744254	ftp.sra.ebi.ac.uk/vol1/fastq/SRR297/021/SRR29748721/SRR29748721_1.fastq.gz;ftp.sra.ebi.ac.uk/vol1/fastq/SRR297/021/SRR29748721/SRR29748721_2.fastq.gz	fefdfd541f3992ebe8075326a64aba77;a1a117b39323f0ee9345b354b125e7fe	94579746;96149215	46.0	2024+
SAMN44589911	GCF_044865145.1	PRJNA224116	Serratia spp.	Serratia aquatilis	strain=2015-2462-01	1737515	1737515	2024-11-13	ASM4486514v1	https://ftp.ncbi.nlm.nih.gov/genomes/all/GCF/044/865/145/GCF_044865145.1_ASM4486514v1/	refseq	reference genome	5423522	1	SRR31242232	PRJNA1182266	Illumina MiSeq	RANDOM	1443968	838119581	ftp.sra.ebi.ac.uk/vol1/fastq/SRR312/032/SRR31242232/SRR31242232_1.fastq.gz;ftp.sra.ebi.ac.uk/vol1/fastq/SRR312/032/SRR31242232/SRR31242232_2.fastq.gz	76f62ecfed8eb2cc71db43a7a52698da;5d3dbc8a9eefbe917d47b1e0a84bd6ea	296222794;353387294	154.5	2024+
SAMN46474773	GCF_048537415.1	PRJNA224116	Serratia spp.	Serratia liquefaciens	strain=GTA-SR02	614	614	2025-03-10	GTA-SR02	https://ftp.ncbi.nlm.nih.gov/genomes/all/GCF/048/537/415/GCF_048537415.1_GTA-SR02/	refseq	na	5540843	1	SRR32566534	PRJNA1227994	Illumina MiSeq	RANDOM	3466147	1541240426	ftp.sra.ebi.ac.uk/vol1/fastq/SRR325/034/SRR32566534/SRR32566534_1.fastq.gz;ftp.sra.ebi.ac.uk/vol1/fastq/SRR325/034/SRR32566534/SRR32566534_2.fastq.gz	02839462e630b8b707ef683afb31eec9;fed5e8d594ced2b8e02d4b5b3cf74b7d	551883436;652040935	278.2	2024+
SAMN46474823	GCF_048537545.1	PRJNA224116	Serratia spp.	Serratia fonticola	strain=GTA-SR07	47917	47917	2025-03-10	GTA-SR07	https://ftp.ncbi.nlm.nih.gov/genomes/all/GCF/048/537/545/GCF_048537545.1_GTA-SR07/	refseq	na	5731051	1	SRR32566528	PRJNA1227994	Illumina MiSeq	RANDOM	2449827	864794114	ftp.sra.ebi.ac.uk/vol1/fastq/SRR325/028/SRR32566528/SRR32566528_1.fastq.gz;ftp.sra.ebi.ac.uk/vol1/fastq/SRR325/028/SRR32566528/SRR32566528_2.fastq.gz	cd3187f1c998f7be0c0ef15d06024399;ab152fdf15aadd3a2dcdaa5c8f027736	303533193;348469843	150.9	2024+
SAMN46474946	GCF_048537535.1	PRJNA224116	Serratia spp.	Serratia liquefaciens	strain=GTA-SR09	614	614	2025-03-10	GTA-SR09	https://ftp.ncbi.nlm.nih.gov/genomes/all/GCF/048/537/535/GCF_048537535.1_GTA-SR09/	refseq	na	5335811	1	SRR32566526	PRJNA1227994	Illumina MiSeq	RANDOM	1266771	625522745	ftp.sra.ebi.ac.uk/vol1/fastq/SRR325/026/SRR32566526/SRR32566526_1.fastq.gz;ftp.sra.ebi.ac.uk/vol1/fastq/SRR325/026/SRR32566526/SRR32566526_2.fastq.gz	e9d77e17a6bae3191efbc149232154d2;193482b19158ac1dcc8d56b125df1d89	228236843;272518952	117.2	2024+
SAMN46474952	GCF_048849215.1	PRJNA224116	Serratia spp.	Serratia nevei	strain=GTA-SR10	2703794	2703794	2025-03-10	GTA-SR10	https://ftp.ncbi.nlm.nih.gov/genomes/all/GCF/048/849/215/GCF_048849215.1_GTA-SR10/	refseq	na	5482452	1	SRR32566524	PRJNA1227994	Illumina MiSeq	RANDOM	1565765	809783968	ftp.sra.ebi.ac.uk/vol1/fastq/SRR325/024/SRR32566524/SRR32566524_1.fastq.gz;ftp.sra.ebi.ac.uk/vol1/fastq/SRR325/024/SRR32566524/SRR32566524_2.fastq.gz	07ff932df8c197710530e12c3cee632a;31f6bcb44dd0c74a2812e6acd0fc276f	297007926;352541223	147.7	2024+
SAMN46474961	GCF_048571855.1	PRJNA224116	Serratia spp.	Serratia nevei	strain=GTA-SR11	2703794	2703794	2025-03-14	GTA-SR11	https://ftp.ncbi.nlm.nih.gov/genomes/all/GCF/048/571/855/GCF_048571855.1_GTA-SR11/	refseq	na	5330521	1	SRR32566532	PRJNA1227994	Illumina MiSeq	RANDOM	1326027	683998941	ftp.sra.ebi.ac.uk/vol1/fastq/SRR325/032/SRR32566532/SRR32566532_1.fastq.gz;ftp.sra.ebi.ac.uk/vol1/fastq/SRR325/032/SRR32566532/SRR32566532_2.fastq.gz	5ce1566fee4c2bcdafe927b47c783bdb;ae281217d1128570868cf25c37f2da9c	254909614;296807597	128.3	2024+
SAMN47264642	GCF_048593445.1	PRJNA224116	Serratia spp.	Serratia ureilytica	strain=E8	300181	300181	2025-03-17	ASM4859344v1	https://ftp.ncbi.nlm.nih.gov/genomes/all/GCF/048/593/445/GCF_048593445.1_ASM4859344v1/	refseq	na	5138241	2	SRR32610445	PRJNA1233276	Illumina NovaSeq 6000	RANDOM	1935375	583163356	ftp.sra.ebi.ac.uk/vol1/fastq/SRR326/045/SRR32610445/SRR32610445_1.fastq.gz;ftp.sra.ebi.ac.uk/vol1/fastq/SRR326/045/SRR32610445/SRR32610445_2.fastq.gz	189baf5d14a82df2fc22a072ff38cc7c;9da9ae49f077601a3d858aa7966f7a69	129205075;142171226	113.5	2024+
SAMN48753775	GCF_050845915.1	PRJNA224116	Serratia spp.	Serratia nematodiphila	strain=G5.M166	458197	458197	2025-06-07	Charlene_S_nematodiphila_G5.M166	https://ftp.ncbi.nlm.nih.gov/genomes/all/GCF/050/845/915/GCF_050845915.1_Charlene_S_nematodiphila_G5.M166/	refseq	na	5325120	1	SRR34986795	PRJNA1268487	Illumina NovaSeq 6000	RANDOM	1869975	934987500	ftp.sra.ebi.ac.uk/vol1/fastq/SRR349/095/SRR34986795/SRR34986795_1.fastq.gz;ftp.sra.ebi.ac.uk/vol1/fastq/SRR349/095/SRR34986795/SRR34986795_2.fastq.gz	d26f0ae536fc57a537bbdcf8bdc3296c;60209d78258d3e98d41b29b6e25da04e	214798385;227453714	175.6	2024+
