taxon	model	n_total	n_scored	n_plasmid	TP	FP	TN	FN	PPV	PPV_ci95	recall	recall_ci95	F1	F1_ci95
Citrobacter spp.	v1.2-General	1540	1540	379	264	15	1146	115	0.946236559139785	[0.904469, 0.980394]	0.6965699208443272	[0.61456, 0.798838]	0.8024316109422494	[0.73953, 0.873239]
Citrobacter spp.	router	1540	1540	379	229	15	1146	150	0.9385245901639344	[0.892857, 0.97638]	0.604221635883905	[0.523656, 0.70139]	0.7351524879614768	[0.668831, 0.805612]
Enterobacter spp.	v1.2-General	1021	1021	150	102	7	864	48	0.9357798165137615	[0.8, 1.0]	0.68	[0.465717, 0.795928]	0.7876447876447877	[0.607952, 0.86188]
Enterobacter spp.	router	1021	1021	150	97	5	866	53	0.9509803921568627	[0.83098, 1.0]	0.6466666666666666	[0.409513, 0.762821]	0.7698412698412698	[0.559125, 0.849317]
Enterococcus faecalis	v1.2-General	837	837	141	63	6	690	78	0.9130434782608695	[0.811316, 0.987013]	0.44680851063829785	[0.329996, 0.567919]	0.6	[0.481005, 0.706897]
Enterococcus faecalis	router	837	837	141	52	2	694	89	0.9629629629629629	[0.899958, 1.0]	0.36879432624113473	[0.259254, 0.478876]	0.5333333333333333	[0.406339, 0.641668]
Enterococcus faecium	v1.2-General	3077	3077	851	486	5	2221	365	0.9898167006109979	[0.980609, 0.997512]	0.5710928319623971	[0.508447, 0.630507]	0.7242921013412816	[0.6714, 0.77123]
Enterococcus faecium	router	3077	3077	851	437	2	2224	414	0.9954441913439636	[0.988452, 1.0]	0.5135135135135135	[0.452951, 0.573865]	0.6775193798449614	[0.622979, 0.72799]
Klebsiella pneumoniae	v1.2-General	1904	1904	676	550	1	1227	126	0.9981851179673321	[0.994036, 1.0]	0.8136094674556213	[0.76725, 0.861067]	0.8964955175224124	[0.867898, 0.924735]
Klebsiella pneumoniae	router	1904	1904	676	520	1	1227	156	0.9980806142034548	[0.993671, 1.0]	0.7692307692307693	[0.72, 0.815938]	0.8688387635756056	[0.836988, 0.897738]
Serratia spp.	v1.2-General	992	992	44	21	1	947	23	0.9545454545454546	[0.933333, 1.0]	0.4772727272727273	[0.157895, 0.863636]	0.6363636363636365	[0.272727, 0.916667]
Serratia spp.	router	992	992	44	19	1	947	25	0.95	[0.926829, 1.0]	0.4318181818181818	[0.147059, 0.775]	0.59375	[0.25641, 0.857242]
