path	bytes	sha256
CITATION.cff	1579	11c45c51b9458df98d0689460fa45b54d3f7c7301468852546c9c511168d2b80
DATA_DICTIONARY.md	10539	56b51da901e7abfc4ee00d6083e3e5c62322970a5a8605e195b32b70900600ed
KNOWN_LIMITATIONS.md	3424	dde68f3eb4b43c44c5a609c54223a9b129584c92967021bf35dd0626ad0feeae
README.md	5508	c14c5e5ca1434fa78c3559d7e36e3e51e0884ddf1881cb35907d8bca69e3ddd0
REPRODUCIBILITY.md	5501	4a6758903969ba7bfa47fb186b95d890124c95d40fa90e306a748bc4cbc840eb
docs/closure/EVIDENCE_ARCHIVE_VERIFICATION.json	3854	6963b583ab60269d68386d9a607b461057f0be0b0e87eb93ba191486c9feba6f
docs/closure/OFF_SERVER_VERIFICATION.json	8108	4490a0b55e9572a51b8a0fcd1141afe154502c6b5fd53c068308441f01d40669
docs/closure/P113_CURRENT_STATE.json	1709	aef2d5c3eb65531421d239c33e64e2317a07a103079047b0e0ff7551573732af
docs/closure/PLASMIDCALL_EXECUTIVE_SUMMARY.md	6211	81b864cbe897cda3dae2e753ef43b88bd49c49a35a18345e7e9e7cc55497d3cf
docs/closure/PLASMIDCALL_FINAL_TECHNICAL_REPORT.md	26381	3fdb475a17c18fc5cf86c75e223b92798fc4c21d3b097d635cbe793125daaa5f
docs/closure/PLASMIDCALL_INTENDED_USE.md	3013	3ee51e97b0abc7cff6d62cd8aef746bf8b6409f70564db7a0476ca99a3924d7d
docs/closure/PLASMIDCALL_LIMITATIONS_AND_NONCLAIMS.md	8366	15901d7bf6ed80d0f901844138ca5f6a14a6c6c5008bcc840fe35db703900a11
docs/closure/PLASMIDCALL_SHUTDOWN_SAFE_RECEIPT.json	2781	c66974a8648dcc03418b48d8633d5a309692d3f823da2f0762c0c3f9797d67bc
docs/closure/PROJECT_STATE_RECONCILIATION.md	5380	78a06d062e3be42e008411550e7ad9b02a6da22fde94af4cf07b46263c380f66
docs/corrections/PLASMIDCALL_CORRECTION_ADDENDUM.md	15062	acb27a880b3d46e1a7f391b562fe89ca09e8fa567dda9296368634713a90f8eb
docs/manuscript/PLASMIDCALL_ARG_CONTEXT_BIOLOGY.json	9985	948ecc06e09f7baed7e96f4af192fbd2936c8afa51adba3dfc858b3ab7db3807
docs/manuscript/PLASMIDCALL_CANONICAL_NUMBERS.json	103277	0ae6359cc3e9e09400d2ba2fcfb43c37c8b2ad6ffef6e680f73e4625293aa3d6
docs/manuscript/PLASMIDCALL_CANONICAL_TABLES.json	39831	70cd1c9000fe7bbec9bf8b5ca3e59d66a29822bbbffb38e50a66904c03f857c6
docs/manuscript/PLASMIDCALL_CLAIM_AUDIT.tsv	13077	1ff2141dd594ce8a08303a8e01c25db04a9500b4c40870fba8e9df70ac24a20e
docs/manuscript/PLASMIDCALL_CLAIM_AUDIT_SUMMARY.md	11226	aeb3051ca43057c1d843c80f3546b09d57e46ba9397c031eddfd13ff3d75b3a6
docs/manuscript/PLASMIDCALL_CLAIM_TO_EVIDENCE_MATRIX.tsv	16931	766a0328e6462345aa70fcf0037fddc8654f08c6f47e355ffb2fdfa08ced33e3
docs/manuscript/PLASMIDCALL_FIRST_CLAIM_BASIS.json	2123	7d2aab50c2b309fef52952d6d11d30e444eec6097ddfc8f71021078672423dc5
docs/manuscript/PLASMIDCALL_MANUSCRIPT_ASSET_INDEX.tsv	1835	e2e3848688d4bebea7b5db5c5a9be5161a4f50e638294548244e122f158fbf8f
docs/manuscript/PLASMIDCALL_MANUSCRIPT_FINAL.md	74725	57e49f1e5df741b4b3e57ba3cf9c343b8fa36f15815713eeb171048000f5011f
docs/manuscript/PLASMIDCALL_MANUSCRIPT_RENDERED.md	81381	32222dc86ac58b02be060b47bfdf50ba8d80e829adec242da5ebe9b1c4767aa4
docs/manuscript/PLASMIDCALL_MANUSCRIPT_VERIFICATION.json	758	1031e2d9291272a39a9f371aeec53c9e3ed0ce631b01c7f1fc77723fe398313e
docs/manuscript/PLASMIDCALL_PRIOR_ART_FIRST_CLAIM_AUDIT.tsv	5182	7b98c8587f067e935ef5a17c5029e0c3faf3bcd2b45d87ca26f3be2834beb141
docs/manuscript/PLASMIDCALL_PRIOR_ART_MATRIX.tsv	5175	347c7616c0ecd2dbbf8e90036f77ed5f5143f85208767da68575c7f1b7affe32
docs/manuscript/PLASMIDCALL_REFERENCES.bib	14601	4735b3435c0b6d170346e60605a41bb01ecd8eba0d9d46e5a9b9a51234174952
docs/manuscript/PLASMIDCALL_REFERENCES.md	8052	75dcb63c12f40580d47504ca84ddf3a54398db888c4474d73d126bf85fc1e20d
docs/manuscript/PLASMIDCALL_REFERENCES.ris	11219	c8e63671d333766a8d0475ca746287db3109be42fa8d9c30c834a6aab6bb46d4
docs/manuscript/PLASMIDCALL_REFERENCE_AUDIT.tsv	6369	784e5970c671986d556bbe7232222b0a45ceaa49af4fdbe9a8d447c2fe58fbd2
docs/manuscript/PLASMIDCALL_REFERENCE_INDEX.json	921	cc8a38360b67386d281609bf82f3fddb446605f4f600e118dbd2543bead763e6
docs/manuscript/PLASMIDCALL_REFERENCE_ORDER.json	870	b0a26ec22437ac85a0eff3e9df96c7dfc2ba14ca89a36d339570deb6b3d1671e
docs/manuscript/PLASMIDCALL_SUPPLEMENTARY_INFORMATION.md	57327	ccb5a0eea21f5d94ab12e043aeaad5a8ffd723bcfbfa708b55c6c5daef16974f
docs/manuscript/PLASMIDCALL_TITLE_DECISION.md	12206	a7bac00c1e216eabad834abdfe3bdd045bd7cfedd5f0f20168661837a0b50dde
docs/manuscript/PREPRINT_VS_JOURNAL_DELTA.md	3227	f24f43a9737e21dfa05bf2b6b280aac1daeb0622530e01d7d745581939faf24c
docs/manuscript/PlasmidCall_bioRxiv_preprint.md	90430	48fc5ac0b32d272ae10340d6f7f3f43eb26444f9d5aecde076ac9a4c4ba51642
docs/manuscript/SI_NOTES.md	25371	3acd22cc0ca3c9a25b20491d3179653c5cc86eff63dfe3c5d371b1b670d4cd96
docs/manuscript/WORD_COUNTS.json	367	bd5a941cfa65e2007476aed9b2e9210badc69b9b792af3d719ee51f4dff7c16f
docs/manuscript/figures/FIGURE_CHECKSUMS.json	5928	81997f90491816261d99ba07efac94191feca5ad1c72fe3678577b38fe430fe6
docs/manuscript/figures/Figure1_study_design.pdf	71389	c0f258f803e858c2e3da3c8b5e2b4ccdc7691c1c6bd5c4bc40b7a538d003aebb
docs/manuscript/figures/Figure1_study_design.png	506870	25d27090833ec3037e854c59a54902615c06224691b6b7395e9f6629109902f5
docs/manuscript/figures/Figure1_study_design.svg	16776	cf06fa1f8f9d9704f6c636ded6ccd6006c4337163ef967518aec0db021d0998d
docs/manuscript/figures/Figure2_flow.pdf	55227	18519f11a1f411fbb54864826ccec0a52562404c8d512c7139a45eb2f3893420
docs/manuscript/figures/Figure2_flow.png	400395	62f6bf777de9e0a0f02392c9bf8c5ba3946569a510bb7e653c408c0ee54bf2eb
docs/manuscript/figures/Figure2_flow.svg	42287	6b8558a9a9361d353e7c4f3431a5f0317db120dc64164fe89b87cdd9e9d660c9
docs/manuscript/figures/Figure3_pooled_all_predictors.pdf	40900	d1984918d2b0052156832baca68572f21b28f299050164a64fb9141b29d0d36a
docs/manuscript/figures/Figure3_pooled_all_predictors.png	389009	c75c5289c5eca62477fbd5a5ea43589750f2b2c1b71f1de63b77d2af09061250
docs/manuscript/figures/Figure3_pooled_all_predictors.svg	32647	2c0987493844b3dc41d7f51f863b8b29f79ba1402614533a125ec5fd26cb07e4
docs/manuscript/figures/Figure4_arg_bearing.pdf	39840	582b4b94058811df4e6c394a4f22703add9d691434b286ad015a08c3fac6d106
docs/manuscript/figures/Figure4_arg_bearing.png	443192	4efe4396a56eb48ee70aadf450ea1129d814614e49fc2f88e0e18903999e77b6
docs/manuscript/figures/Figure4_arg_bearing.svg	30702	5a2818e92c8eb6f5221ea481fed5df0cb1627d55a7a2e9b9db39ff7ef255ab21
docs/manuscript/figures/Figure5_taxon.pdf	48454	2715f63240e1577194a2b70afdcc6dafdd0dc13fb2e9a955c73e9b5be9572fed
docs/manuscript/figures/Figure5_taxon.png	279550	463ece14022f5f06f1ba353aa99515a79eda7b530e8b337383c724c2d8829f95
docs/manuscript/figures/Figure5_taxon.svg	47357	481039190f43c27f69fd2c1f818e4cfaa2015cb44f46b03658b40f9d4c0d52a5
docs/manuscript/figures/Figure6_strata.pdf	44833	e16228e5e2315921594a87f03460832c99e314da15f350c86ce1e580f6882813
docs/manuscript/figures/Figure6_strata.png	490419	1b0da6fc07ab2ea7ba6df69c2e00cd5bb48c993abfd48a476906cd6c0afb8ec9
docs/manuscript/figures/Figure6_strata.svg	30396	a3884cb13e0836eb80f501ea4f5965467510f6785bc0a9ceeb05d452bdcdeba7
docs/manuscript/figures/Figure7_flow_and_coverage.pdf	48475	59f16e611183d9e3ac3098c672bc3364c95f436f3e6ef5b0e862fbbfdf0f4738
docs/manuscript/figures/Figure7_flow_and_coverage.png	443496	a08a96809f60d022a254daa10978b7743711fc03e3f2ee1be92077c528944776
docs/manuscript/figures/Figure7_flow_and_coverage.svg	34897	c4ff3f5355d01fa85fbf32e6fadc67df96927a0cf0cac54a712d4ee09b085199
docs/manuscript/figures/Figure8_arg_genomic_context.pdf	43518	28f73142b05893ed1d5eecaa141b1e8cdeebbf0c20cbd30df261b9b2fa4994e0
docs/manuscript/figures/Figure8_arg_genomic_context.png	600125	fb18a6a919ad8164506d2da86e8e607b740e1736c2e7b1beb06d7de71c7a7478
docs/manuscript/figures/Figure8_arg_genomic_context.svg	61373	72c1826bfdeba63e9b2d9a519270f366c417b33c95538be187fd06d11c1de447
docs/manuscript/figures/source_data/Figure1_study_design_source_data.tsv	1301	c0308469f5fd5a973404876ca07797e0bad6a6e36dc6fbf52911a3bc8c025ca8
docs/manuscript/figures/source_data/Figure2_flow_source_data.tsv	1728	2a4fbe173f219baf4c689405f59addaef075ea37bfe065e4ea2d1577ebba972e
docs/manuscript/figures/source_data/Figure3_pooled_all_predictors_source_data.tsv	3176	ca95ee16fd76c019731d67c386d87084e711227cae706df4c85f47c3b87a6763
docs/manuscript/figures/source_data/Figure4_arg_bearing_source_data.tsv	1868	c1301948498b690f98edbcfd554b86c164f0dd8d7c83098ffaf8238e6889cf2a
docs/manuscript/figures/source_data/Figure5_taxon_source_data.tsv	710	9a326212d18e45311d48a671ad06144f44848ec4c5aba1499cff40a73b7cc1f3
docs/manuscript/figures/source_data/Figure6_strata_source_data.tsv	951	b93cdeddc427ecdc7cac87ed7f13b68ba27314a725ace81dad2bef432d58df45
docs/manuscript/figures/source_data/Figure7_flow_and_coverage_source_data.tsv	869	ad9382ebf2621c32db992a249f1b250b96eb3cedc1b6660662e05e5285d70b49
docs/manuscript/figures/source_data/Figure8_arg_genomic_context_source_data.tsv	852	2133a627d05cef791a1250d72e66ad133675d918e5ccb89aeaa8ff30def12841
docs/manuscript/supplementary_data/SUPPLEMENTARY_DATA_CHECKSUMS.json	4685	6f5758b1915af67682c2093a6cded0f71da1267b5ca3100b0e1f22de5d105d72
docs/manuscript/supplementary_data/Supplementary_Data_1.tsv	62627	c026f5a3e4bb2e2370ee21772e0837e98c59a32410efc1141d28612c34ded05d
docs/manuscript/supplementary_data/Supplementary_Data_10.tsv	709	002e93f56c56286a8153b2c6f0dec16a47d66afb3686b9397a78c6294a36ffd1
docs/manuscript/supplementary_data/Supplementary_Data_11.tsv	654	68ecf520100fb7d042320042d0458da73432765c7d314a76b5acf5f94489b938
docs/manuscript/supplementary_data/Supplementary_Data_2.tsv	20273	290aa11c1c4a033ae03333170a720adb39789c19d7bf9f66372c1e7802939a7f
docs/manuscript/supplementary_data/Supplementary_Data_3.tsv	20849	166bee87f89d55a1b6957d01e014599f4ea00f9d9c2dd64c408913b5eb3aa808
docs/manuscript/supplementary_data/Supplementary_Data_4.tsv	22295	6bb77346e4573cb8747ae65f46e337c4fcfa4011bdc2fc711b7807c97a35ca82
docs/manuscript/supplementary_data/Supplementary_Data_5.tsv	30773	0e9f8cba9f0efac1f5b92a25eec972d0d7252f8be771ef571304b40e4a30485f
docs/manuscript/supplementary_data/Supplementary_Data_6.tsv	61383	50a88da31cd6d812d060b301dab27a37faf74790686d57966bb7480f12ca909f
docs/manuscript/supplementary_data/Supplementary_Data_7.tsv	14676	0ae172ba82c315463fd15b4e7fe23af3498ae9f8f1a8894f9f11127a2f3552b5
docs/manuscript/supplementary_data/Supplementary_Data_8.tsv	4167	986e27ac7163b2e8081830854d5ca594a3b2bcf820a2bc4c957cdae11ea9f595
docs/manuscript/supplementary_data/Supplementary_Data_9.tsv	67822	21d5d8af2b9a7839b367a9fdedbe47ada47598bd91d77c33a322ee6b74672ed9
docs/manuscript/tables/TABLE_CHECKSUMS.json	1765	20ed9237d91096325e909e47b2c0865f93963308c91d466abcceb77145c2f876
docs/manuscript/tables/Table1_cohort_and_truth.md	747	6d0edab668a677f39924c7f8af44d5c455f9fbf3180bc21a17dd031023560956
docs/manuscript/tables/Table1_cohort_and_truth.tsv	470	673657a043172e912d5f40b0feaf1776492973478eb803a4128b4f9f44dc5edd
docs/manuscript/tables/Table2_predictor_inventory.md	2261	5897116145cf5845e860929434536dd065e8f30a5f0b564622310d3c04299227
docs/manuscript/tables/Table2_predictor_inventory.tsv	7553	6cbd6ef2617cbd2f52c4426143063157bf34dddb1322170d674e0b057f9159bc
docs/manuscript/tables/Table3_arg_bearing.md	2021	848190d1ba1fee06662952fbf7a102cb0a791dfa3965ef63d6e779a4b64ca37e
docs/manuscript/tables/Table3_arg_bearing.tsv	2676	f34fcd766248a448586eed38b2103732317dbb16bf9ea4ad2044e2c69c52c4eb
docs/manuscript/tables/Table4_taxon_stratified.md	2799	f908d579822e01a34bd463063d7f02acb0c1cbf37a75215a833dd9541bb74317
docs/manuscript/tables/Table4_taxon_stratified.tsv	3544	9d5c376d9c2f68222405bdc2419470f2435fe6c729f888f3b2cec1c4b2e74ddd
docs/manuscript/tables/Table5_arg_genomic_context.md	1760	fae5a1e6bcec9ce2e3963c071dc8d85a5b7616dfa0d5984bb42d4880aaeed576
docs/manuscript/tables/Table5_arg_genomic_context.tsv	1244	60b0b998e27666103225a8a8205f1f7d40f5d29c7dab924d5d14f2db6d09fa13
docs/model_cards/MODEL_CARD_router_NOT_RECOMMENDED.md	1939	cf81125f34b24fa646083bdd56f994d6faf9cee276c38386d636edeb68554e22
docs/model_cards/MODEL_CARD_v1.1.md	1873	3fbb3ed691275e5bd9f177ac0db6a3418103fa8e49d4ec3878e9ed92da9d8b6e
docs/model_cards/MODEL_CARD_v1.2-General.md	4233	32d2139e2916d6879c6411ed085e0b52e77449d86f7ae437aa01d404e18d1133
docs/owner_review/BIORXIV_PREPRINT/BIORXIV_UPLOAD_CHECKLIST.md	2398	045471ee88c367f1864b1e2c0694315dd9618a037e39a8bee25a63381d1d32c7
docs/owner_review/BIORXIV_PREPRINT/LICENCE_DECISION_NOTE.md	2641	91e7c76def099f19c9efa4d4b30079383b0875dbed743f7364e2968242f050f5
docs/owner_review/BIORXIV_PREPRINT/PREPRINT_METADATA_SHEET.md	4637	80123dff98b1bf6a70d0571b572cc6ad2dc9dcf2e9935162d86fca415f84f436
docs/owner_review/BIORXIV_PREPRINT/PREPRINT_VS_JOURNAL_DELTA.md	3227	f24f43a9737e21dfa05bf2b6b280aac1daeb0622530e01d7d745581939faf24c
docs/owner_review/BIORXIV_PREPRINT/PlasmidCall_Supplementary_Information.docx	37214	e594d10d9e61b47d9a53c65cd01b56e4e45498fc877f5424172c633ab5224577
docs/owner_review/BIORXIV_PREPRINT/PlasmidCall_Supplementary_Information.md	57327	ccb5a0eea21f5d94ab12e043aeaad5a8ffd723bcfbfa708b55c6c5daef16974f
docs/owner_review/BIORXIV_PREPRINT/PlasmidCall_Supplementary_Information.pdf	187707	4138c1c02a4f2c335efafa7de5795c3846caca982e0f8d17cc7855ad3ce92c47
docs/owner_review/BIORXIV_PREPRINT/PlasmidCall_bioRxiv_preprint.docx	3078955	897790db999544f409b23c7e403cc08003f24713e4965207789f87d9f9f75373
docs/owner_review/BIORXIV_PREPRINT/PlasmidCall_bioRxiv_preprint.md	90327	11b368a78d60dca12d4a8967f6024e0826bece32b480866477ee644601d8e4b4
docs/owner_review/BIORXIV_PREPRINT/PlasmidCall_bioRxiv_preprint.pdf	4001561	f6d18dbdc8b6b1f2924afc51187bdb331c1feb192c7a74104f21b3d740f15323
docs/owner_review/BIORXIV_PREPRINT/PlasmidCall_references.bib	14601	4735b3435c0b6d170346e60605a41bb01ecd8eba0d9d46e5a9b9a51234174952
docs/owner_review/BIORXIV_PREPRINT/PlasmidCall_references.ris	11219	c8e63671d333766a8d0475ca746287db3109be42fa8d9c30c834a6aab6bb46d4
docs/owner_review/BIORXIV_PREPRINT/SOCIAL_MEDIA_SUMMARY_DRAFT.md	2918	25807a7b52fba7111a168f58b2af4498a15f35efb10b62d7a104172ab4ada704
docs/owner_review/BIORXIV_PREPRINT/figures/FIGURE_CHECKSUMS.json	5928	81997f90491816261d99ba07efac94191feca5ad1c72fe3678577b38fe430fe6
docs/owner_review/BIORXIV_PREPRINT/figures/Figure1.pdf	71389	c0f258f803e858c2e3da3c8b5e2b4ccdc7691c1c6bd5c4bc40b7a538d003aebb
docs/owner_review/BIORXIV_PREPRINT/figures/Figure1.png	506870	25d27090833ec3037e854c59a54902615c06224691b6b7395e9f6629109902f5
docs/owner_review/BIORXIV_PREPRINT/figures/Figure1.svg	16776	cf06fa1f8f9d9704f6c636ded6ccd6006c4337163ef967518aec0db021d0998d
docs/owner_review/BIORXIV_PREPRINT/figures/Figure2.pdf	55227	18519f11a1f411fbb54864826ccec0a52562404c8d512c7139a45eb2f3893420
docs/owner_review/BIORXIV_PREPRINT/figures/Figure2.png	400395	62f6bf777de9e0a0f02392c9bf8c5ba3946569a510bb7e653c408c0ee54bf2eb
docs/owner_review/BIORXIV_PREPRINT/figures/Figure2.svg	42287	6b8558a9a9361d353e7c4f3431a5f0317db120dc64164fe89b87cdd9e9d660c9
docs/owner_review/BIORXIV_PREPRINT/figures/Figure3.pdf	40900	d1984918d2b0052156832baca68572f21b28f299050164a64fb9141b29d0d36a
docs/owner_review/BIORXIV_PREPRINT/figures/Figure3.png	389009	c75c5289c5eca62477fbd5a5ea43589750f2b2c1b71f1de63b77d2af09061250
docs/owner_review/BIORXIV_PREPRINT/figures/Figure3.svg	32647	2c0987493844b3dc41d7f51f863b8b29f79ba1402614533a125ec5fd26cb07e4
docs/owner_review/BIORXIV_PREPRINT/figures/Figure4.pdf	39840	582b4b94058811df4e6c394a4f22703add9d691434b286ad015a08c3fac6d106
docs/owner_review/BIORXIV_PREPRINT/figures/Figure4.png	443192	4efe4396a56eb48ee70aadf450ea1129d814614e49fc2f88e0e18903999e77b6
docs/owner_review/BIORXIV_PREPRINT/figures/Figure4.svg	30702	5a2818e92c8eb6f5221ea481fed5df0cb1627d55a7a2e9b9db39ff7ef255ab21
docs/owner_review/BIORXIV_PREPRINT/figures/Figure5.pdf	48454	2715f63240e1577194a2b70afdcc6dafdd0dc13fb2e9a955c73e9b5be9572fed
docs/owner_review/BIORXIV_PREPRINT/figures/Figure5.png	279550	463ece14022f5f06f1ba353aa99515a79eda7b530e8b337383c724c2d8829f95
docs/owner_review/BIORXIV_PREPRINT/figures/Figure5.svg	47357	481039190f43c27f69fd2c1f818e4cfaa2015cb44f46b03658b40f9d4c0d52a5
docs/owner_review/BIORXIV_PREPRINT/figures/Figure6.pdf	44833	e16228e5e2315921594a87f03460832c99e314da15f350c86ce1e580f6882813
docs/owner_review/BIORXIV_PREPRINT/figures/Figure6.png	490419	1b0da6fc07ab2ea7ba6df69c2e00cd5bb48c993abfd48a476906cd6c0afb8ec9
docs/owner_review/BIORXIV_PREPRINT/figures/Figure6.svg	30396	a3884cb13e0836eb80f501ea4f5965467510f6785bc0a9ceeb05d452bdcdeba7
docs/owner_review/BIORXIV_PREPRINT/figures/Figure7.pdf	48475	59f16e611183d9e3ac3098c672bc3364c95f436f3e6ef5b0e862fbbfdf0f4738
docs/owner_review/BIORXIV_PREPRINT/figures/Figure7.png	443496	a08a96809f60d022a254daa10978b7743711fc03e3f2ee1be92077c528944776
docs/owner_review/BIORXIV_PREPRINT/figures/Figure7.svg	34897	c4ff3f5355d01fa85fbf32e6fadc67df96927a0cf0cac54a712d4ee09b085199
docs/owner_review/BIORXIV_PREPRINT/figures/Figure8.pdf	43518	28f73142b05893ed1d5eecaa141b1e8cdeebbf0c20cbd30df261b9b2fa4994e0
docs/owner_review/BIORXIV_PREPRINT/figures/Figure8.png	600125	fb18a6a919ad8164506d2da86e8e607b740e1736c2e7b1beb06d7de71c7a7478
docs/owner_review/BIORXIV_PREPRINT/figures/Figure8.svg	61373	72c1826bfdeba63e9b2d9a519270f366c417b33c95538be187fd06d11c1de447
docs/owner_review/BIORXIV_PREPRINT/source_data/Figure1_source_data.tsv	1301	c0308469f5fd5a973404876ca07797e0bad6a6e36dc6fbf52911a3bc8c025ca8
docs/owner_review/BIORXIV_PREPRINT/source_data/Figure2_source_data.tsv	1728	2a4fbe173f219baf4c689405f59addaef075ea37bfe065e4ea2d1577ebba972e
docs/owner_review/BIORXIV_PREPRINT/source_data/Figure3_source_data.tsv	3176	ca95ee16fd76c019731d67c386d87084e711227cae706df4c85f47c3b87a6763
docs/owner_review/BIORXIV_PREPRINT/source_data/Figure4_source_data.tsv	1868	c1301948498b690f98edbcfd554b86c164f0dd8d7c83098ffaf8238e6889cf2a
docs/owner_review/BIORXIV_PREPRINT/source_data/Figure5_source_data.tsv	710	9a326212d18e45311d48a671ad06144f44848ec4c5aba1499cff40a73b7cc1f3
docs/owner_review/BIORXIV_PREPRINT/source_data/Figure6_source_data.tsv	951	b93cdeddc427ecdc7cac87ed7f13b68ba27314a725ace81dad2bef432d58df45
docs/owner_review/BIORXIV_PREPRINT/source_data/Figure7_source_data.tsv	869	ad9382ebf2621c32db992a249f1b250b96eb3cedc1b6660662e05e5285d70b49
docs/owner_review/BIORXIV_PREPRINT/source_data/Figure8_source_data.tsv	852	2133a627d05cef791a1250d72e66ad133675d918e5ccb89aeaa8ff30def12841
docs/owner_review/BIORXIV_PREPRINT/source_data/Table1_cohort_and_truth.tsv	470	673657a043172e912d5f40b0feaf1776492973478eb803a4128b4f9f44dc5edd
docs/owner_review/BIORXIV_PREPRINT/source_data/Table2_predictor_inventory.tsv	7553	6cbd6ef2617cbd2f52c4426143063157bf34dddb1322170d674e0b057f9159bc
docs/owner_review/BIORXIV_PREPRINT/source_data/Table3_arg_bearing.tsv	2676	f34fcd766248a448586eed38b2103732317dbb16bf9ea4ad2044e2c69c52c4eb
docs/owner_review/BIORXIV_PREPRINT/source_data/Table4_taxon_stratified.tsv	3544	9d5c376d9c2f68222405bdc2419470f2435fe6c729f888f3b2cec1c4b2e74ddd
docs/owner_review/BIORXIV_PREPRINT/source_data/Table5_arg_genomic_context.tsv	1244	60b0b998e27666103225a8a8205f1f7d40f5d29c7dab924d5d14f2db6d09fa13
docs/owner_review/BIORXIV_PREPRINT/supplementary_data/SUPPLEMENTARY_DATA_CHECKSUMS.json	4685	6f5758b1915af67682c2093a6cded0f71da1267b5ca3100b0e1f22de5d105d72
docs/owner_review/BIORXIV_PREPRINT/supplementary_data/Supplementary_Data_1.tsv	62627	c026f5a3e4bb2e2370ee21772e0837e98c59a32410efc1141d28612c34ded05d
docs/owner_review/BIORXIV_PREPRINT/supplementary_data/Supplementary_Data_10.tsv	709	002e93f56c56286a8153b2c6f0dec16a47d66afb3686b9397a78c6294a36ffd1
docs/owner_review/BIORXIV_PREPRINT/supplementary_data/Supplementary_Data_11.tsv	654	68ecf520100fb7d042320042d0458da73432765c7d314a76b5acf5f94489b938
docs/owner_review/BIORXIV_PREPRINT/supplementary_data/Supplementary_Data_2.tsv	20273	290aa11c1c4a033ae03333170a720adb39789c19d7bf9f66372c1e7802939a7f
docs/owner_review/BIORXIV_PREPRINT/supplementary_data/Supplementary_Data_3.tsv	20849	166bee87f89d55a1b6957d01e014599f4ea00f9d9c2dd64c408913b5eb3aa808
docs/owner_review/BIORXIV_PREPRINT/supplementary_data/Supplementary_Data_4.tsv	22295	6bb77346e4573cb8747ae65f46e337c4fcfa4011bdc2fc711b7807c97a35ca82
docs/owner_review/BIORXIV_PREPRINT/supplementary_data/Supplementary_Data_5.tsv	30773	0e9f8cba9f0efac1f5b92a25eec972d0d7252f8be771ef571304b40e4a30485f
docs/owner_review/BIORXIV_PREPRINT/supplementary_data/Supplementary_Data_6.tsv	61383	50a88da31cd6d812d060b301dab27a37faf74790686d57966bb7480f12ca909f
docs/owner_review/BIORXIV_PREPRINT/supplementary_data/Supplementary_Data_7.tsv	14676	0ae172ba82c315463fd15b4e7fe23af3498ae9f8f1a8894f9f11127a2f3552b5
docs/owner_review/BIORXIV_PREPRINT/supplementary_data/Supplementary_Data_8.tsv	4167	986e27ac7163b2e8081830854d5ca594a3b2bcf820a2bc4c957cdae11ea9f595
docs/owner_review/BIORXIV_PREPRINT/supplementary_data/Supplementary_Data_9.tsv	67822	21d5d8af2b9a7839b367a9fdedbe47ada47598bd91d77c33a322ee6b74672ed9
docs/owner_review/COMPLIANCE/BIORXIV_REQUIREMENTS_2026.md	12958	f3aca2dc628e055fa6ff6ec0ae4456109e6299bf27127c054493fa09a73ea0ac
docs/owner_review/COMPLIANCE/NPJ_AR_AUTHOR_REQUIREMENTS_2026.md	21792	90c7af5dca3a7fa798a0bbd1b30e0386214c27d7cec3a7c4204004be355cd159
docs/owner_review/COMPLIANCE/PLASMIDCALL_CANONICAL_NUMBERS.json	103277	0ae6359cc3e9e09400d2ba2fcfb43c37c8b2ad6ffef6e680f73e4625293aa3d6
docs/owner_review/COMPLIANCE/PLASMIDCALL_CANONICAL_TABLES.json	39831	70cd1c9000fe7bbec9bf8b5ca3e59d66a29822bbbffb38e50a66904c03f857c6
docs/owner_review/COMPLIANCE/PLASMIDCALL_CLAIM_AUDIT.tsv	13077	1ff2141dd594ce8a08303a8e01c25db04a9500b4c40870fba8e9df70ac24a20e
docs/owner_review/COMPLIANCE/PLASMIDCALL_CLAIM_AUDIT_SUMMARY.md	11226	aeb3051ca43057c1d843c80f3546b09d57e46ba9397c031eddfd13ff3d75b3a6
docs/owner_review/COMPLIANCE/PLASMIDCALL_MANUSCRIPT_VERIFICATION.json	758	1031e2d9291272a39a9f371aeec53c9e3ed0ce631b01c7f1fc77723fe398313e
docs/owner_review/COMPLIANCE/PLASMIDCALL_REFERENCE_AUDIT.tsv	6369	784e5970c671986d556bbe7232222b0a45ceaa49af4fdbe9a8d447c2fe58fbd2
docs/owner_review/COMPLIANCE/PLASMIDCALL_TITLE_DECISION.md	12206	a7bac00c1e216eabad834abdfe3bdd045bd7cfedd5f0f20168661837a0b50dde
docs/owner_review/COMPLIANCE/WORD_COUNTS.json	367	bd5a941cfa65e2007476aed9b2e9210badc69b9b792af3d719ee51f4dff7c16f
docs/owner_review/DOCUMENTATION/CITATION.cff	1579	11c45c51b9458df98d0689460fa45b54d3f7c7301468852546c9c511168d2b80
docs/owner_review/DOCUMENTATION/DATA_DICTIONARY.md	10539	56b51da901e7abfc4ee00d6083e3e5c62322970a5a8605e195b32b70900600ed
docs/owner_review/DOCUMENTATION/KNOWN_LIMITATIONS.md	3424	dde68f3eb4b43c44c5a609c54223a9b129584c92967021bf35dd0626ad0feeae
docs/owner_review/DOCUMENTATION/MODEL_CARD_router_NOT_RECOMMENDED.md	1939	cf81125f34b24fa646083bdd56f994d6faf9cee276c38386d636edeb68554e22
docs/owner_review/DOCUMENTATION/MODEL_CARD_v1.1.md	1873	3fbb3ed691275e5bd9f177ac0db6a3418103fa8e49d4ec3878e9ed92da9d8b6e
docs/owner_review/DOCUMENTATION/MODEL_CARD_v1.2-General.md	4233	32d2139e2916d6879c6411ed085e0b52e77449d86f7ae437aa01d404e18d1133
docs/owner_review/DOCUMENTATION/P113_CURRENT_STATE.json	1709	aef2d5c3eb65531421d239c33e64e2317a07a103079047b0e0ff7551573732af
docs/owner_review/DOCUMENTATION/P113_FINAL_EVALUATION_REPORT.md	8555	ffb2eb133457fa0fe3aff74f0b4b8760c65e35a60f69dc0d0c88e310f2292fd4
docs/owner_review/DOCUMENTATION/PLASMIDCALL_CORRECTION_ADDENDUM.md	15062	acb27a880b3d46e1a7f391b562fe89ca09e8fa567dda9296368634713a90f8eb
docs/owner_review/DOCUMENTATION/PLASMIDCALL_EXECUTIVE_SUMMARY.md	6211	81b864cbe897cda3dae2e753ef43b88bd49c49a35a18345e7e9e7cc55497d3cf
docs/owner_review/DOCUMENTATION/PLASMIDCALL_FINAL_TECHNICAL_REPORT.md	26381	3fdb475a17c18fc5cf86c75e223b92798fc4c21d3b097d635cbe793125daaa5f
docs/owner_review/DOCUMENTATION/PLASMIDCALL_INTENDED_USE.md	3013	3ee51e97b0abc7cff6d62cd8aef746bf8b6409f70564db7a0476ca99a3924d7d
docs/owner_review/DOCUMENTATION/PLASMIDCALL_INTERNAL_REVIEW_MATRIX.md	10045	a9e5ad803451cd16153e34b2008ad2bb3b73c107ea3c8526d33e9bad8d66d5af
docs/owner_review/DOCUMENTATION/PLASMIDCALL_LIMITATIONS_AND_NONCLAIMS.md	8366	15901d7bf6ed80d0f901844138ca5f6a14a6c6c5008bcc840fe35db703900a11
docs/owner_review/DOCUMENTATION/PLASMIDCALL_POSTFREEZE_PACKAGE_SUMMARY.md	7837	40a73abec0d56ec12b28e2db605076652258cf3ffffbf5f3de1ea960d3f60917
docs/owner_review/DOCUMENTATION/PUBLIC_RELEASE_DECISION_PACKAGE.md	5479	838e76c45967fbdc97b8bb84fc15e0a99ad58fed0fb72173b00627c67d26cee3
docs/owner_review/DOCUMENTATION/README.md	5508	c14c5e5ca1434fa78c3559d7e36e3e51e0884ddf1881cb35907d8bca69e3ddd0
docs/owner_review/DOCUMENTATION/REPRODUCIBILITY.md	5501	4a6758903969ba7bfa47fb186b95d890124c95d40fa90e306a748bc4cbc840eb
docs/owner_review/DOCUMENTATION/SOFTWARE_AND_DATABASE_VERSIONS.tsv	3026	b0d6764dd22b5ea06c8f7ef93a2008c0b0fcfdde6be289b7bd07ae2fbdf26ba8
docs/owner_review/NPJ_AMR_SUBMISSION/AUTHOR_INFORMATION_FORM.md	2620	902923140a9945f36ee1b272cb4b065f16fb8d5c29058333677185d780669188
docs/owner_review/NPJ_AMR_SUBMISSION/COVER_LETTER_POST_PREPRINT.docx	14697	38afd3d43c36a641c204726ce53cc976c9e40fc39944eb48bb86a3695893158d
docs/owner_review/NPJ_AMR_SUBMISSION/COVER_LETTER_POST_PREPRINT.md	8145	e1e2cbbe509b0b105a8acef1ea7bd88cfafe44b6a833f69f3ab86ffe72078309
docs/owner_review/NPJ_AMR_SUBMISSION/COVER_LETTER_POST_PREPRINT.pdf	126922	ae942f8b0b042aecb1c0065ac506c2f503ae33f0450c7e6829b8fc5da37a4b9e
docs/owner_review/NPJ_AMR_SUBMISSION/COVER_LETTER_PRE_PREPRINT.docx	14493	ba59d3d52648d39cf7f8548dade5b1c8b755250ea2faf5857b84410eb16c02fd
docs/owner_review/NPJ_AMR_SUBMISSION/COVER_LETTER_PRE_PREPRINT.md	7743	c0e403d22234fc109665dbf7990855b656ac14b351749ab9f2baf499b3864135
docs/owner_review/NPJ_AMR_SUBMISSION/COVER_LETTER_PRE_PREPRINT.pdf	126639	24ae51a0545b5122d67da48ef75542d61c7a3abe05aa0881890b965dbc5d9ca9
docs/owner_review/NPJ_AMR_SUBMISSION/JOURNAL_COMPLIANCE_REPORT.md	4988	21ef3f8d79c198c736caa9085db1b9ddc5c6a7cf7090906eecf48bea81742b61
docs/owner_review/NPJ_AMR_SUBMISSION/PlasmidCall_Supplementary_Information.docx	37214	705c8d5bd4bb0405c80d3fdd6c2dcb41bdd91904c405efc9880f6287a02ad4da
docs/owner_review/NPJ_AMR_SUBMISSION/PlasmidCall_Supplementary_Information.md	57327	ccb5a0eea21f5d94ab12e043aeaad5a8ffd723bcfbfa708b55c6c5daef16974f
docs/owner_review/NPJ_AMR_SUBMISSION/PlasmidCall_Supplementary_Information.pdf	187707	cdf3e52fd8d8188644a932c5292f52d7b0a38f7e42fc1bf42a590a95132591f0
docs/owner_review/NPJ_AMR_SUBMISSION/PlasmidCall_npjAMR_manuscript.docx	3075643	1cbe66aad5fb1e861cf0379630d62207a88480907db2445a57f9da058e8c7cf1
docs/owner_review/NPJ_AMR_SUBMISSION/PlasmidCall_npjAMR_manuscript.md	81381	32222dc86ac58b02be060b47bfdf50ba8d80e829adec242da5ebe9b1c4767aa4
docs/owner_review/NPJ_AMR_SUBMISSION/PlasmidCall_npjAMR_manuscript.pdf	3994009	38ae2fe5b0dfd3dc7644fd5a2b94207c1d66cef3fccddf716e338b5ee9869577
docs/owner_review/NPJ_AMR_SUBMISSION/PlasmidCall_npjAMR_manuscript_with_figures.md	81911	bd5b799b5f3e52e330281948725daedb900828b84d7624d4e0bdbaf681a34378
docs/owner_review/NPJ_AMR_SUBMISSION/PlasmidCall_references.bib	14601	4735b3435c0b6d170346e60605a41bb01ecd8eba0d9d46e5a9b9a51234174952
docs/owner_review/NPJ_AMR_SUBMISSION/PlasmidCall_references.ris	11219	c8e63671d333766a8d0475ca746287db3109be42fa8d9c30c834a6aab6bb46d4
docs/owner_review/NPJ_AMR_SUBMISSION/REPORTING_CHECKLIST_MAP.md	2645	ed20c641d57da6efe605b6a4acc965ed8737d6132193f5e4a3a19a36057ab8e6
docs/owner_review/NPJ_AMR_SUBMISSION/SUBMISSION_CHECKLIST.md	3159	bc828cd4f2bed25bef318c01595b866b35c2065b52aa5776fd70e7569f4aa842
docs/owner_review/NPJ_AMR_SUBMISSION/SUGGESTED_AND_OPPOSED_REVIEWERS.md	2179	0729efcccdc91e9542c4164f7cfe2c06db71f67b232b0ed2be6a38a52590b8e4
docs/owner_review/NPJ_AMR_SUBMISSION/SUGGESTED_EDITOR_NOTE.md	2152	fe41aed012004a261c6f8b986de7d350b882c3dfdd4b22af95f825e92b2d32d5
docs/owner_review/NPJ_AMR_SUBMISSION/figures/FIGURE_CHECKSUMS.json	5928	81997f90491816261d99ba07efac94191feca5ad1c72fe3678577b38fe430fe6
docs/owner_review/NPJ_AMR_SUBMISSION/figures/Figure1.pdf	71389	c0f258f803e858c2e3da3c8b5e2b4ccdc7691c1c6bd5c4bc40b7a538d003aebb
docs/owner_review/NPJ_AMR_SUBMISSION/figures/Figure1.png	506870	25d27090833ec3037e854c59a54902615c06224691b6b7395e9f6629109902f5
docs/owner_review/NPJ_AMR_SUBMISSION/figures/Figure1.svg	16776	cf06fa1f8f9d9704f6c636ded6ccd6006c4337163ef967518aec0db021d0998d
docs/owner_review/NPJ_AMR_SUBMISSION/figures/Figure2.pdf	55227	18519f11a1f411fbb54864826ccec0a52562404c8d512c7139a45eb2f3893420
docs/owner_review/NPJ_AMR_SUBMISSION/figures/Figure2.png	400395	62f6bf777de9e0a0f02392c9bf8c5ba3946569a510bb7e653c408c0ee54bf2eb
docs/owner_review/NPJ_AMR_SUBMISSION/figures/Figure2.svg	42287	6b8558a9a9361d353e7c4f3431a5f0317db120dc64164fe89b87cdd9e9d660c9
docs/owner_review/NPJ_AMR_SUBMISSION/figures/Figure3.pdf	40900	d1984918d2b0052156832baca68572f21b28f299050164a64fb9141b29d0d36a
docs/owner_review/NPJ_AMR_SUBMISSION/figures/Figure3.png	389009	c75c5289c5eca62477fbd5a5ea43589750f2b2c1b71f1de63b77d2af09061250
docs/owner_review/NPJ_AMR_SUBMISSION/figures/Figure3.svg	32647	2c0987493844b3dc41d7f51f863b8b29f79ba1402614533a125ec5fd26cb07e4
docs/owner_review/NPJ_AMR_SUBMISSION/figures/Figure4.pdf	39840	582b4b94058811df4e6c394a4f22703add9d691434b286ad015a08c3fac6d106
docs/owner_review/NPJ_AMR_SUBMISSION/figures/Figure4.png	443192	4efe4396a56eb48ee70aadf450ea1129d814614e49fc2f88e0e18903999e77b6
docs/owner_review/NPJ_AMR_SUBMISSION/figures/Figure4.svg	30702	5a2818e92c8eb6f5221ea481fed5df0cb1627d55a7a2e9b9db39ff7ef255ab21
docs/owner_review/NPJ_AMR_SUBMISSION/figures/Figure5.pdf	48454	2715f63240e1577194a2b70afdcc6dafdd0dc13fb2e9a955c73e9b5be9572fed
docs/owner_review/NPJ_AMR_SUBMISSION/figures/Figure5.png	279550	463ece14022f5f06f1ba353aa99515a79eda7b530e8b337383c724c2d8829f95
docs/owner_review/NPJ_AMR_SUBMISSION/figures/Figure5.svg	47357	481039190f43c27f69fd2c1f818e4cfaa2015cb44f46b03658b40f9d4c0d52a5
docs/owner_review/NPJ_AMR_SUBMISSION/figures/Figure6.pdf	44833	e16228e5e2315921594a87f03460832c99e314da15f350c86ce1e580f6882813
docs/owner_review/NPJ_AMR_SUBMISSION/figures/Figure6.png	490419	1b0da6fc07ab2ea7ba6df69c2e00cd5bb48c993abfd48a476906cd6c0afb8ec9
docs/owner_review/NPJ_AMR_SUBMISSION/figures/Figure6.svg	30396	a3884cb13e0836eb80f501ea4f5965467510f6785bc0a9ceeb05d452bdcdeba7
docs/owner_review/NPJ_AMR_SUBMISSION/figures/Figure7.pdf	48475	59f16e611183d9e3ac3098c672bc3364c95f436f3e6ef5b0e862fbbfdf0f4738
docs/owner_review/NPJ_AMR_SUBMISSION/figures/Figure7.png	443496	a08a96809f60d022a254daa10978b7743711fc03e3f2ee1be92077c528944776
docs/owner_review/NPJ_AMR_SUBMISSION/figures/Figure7.svg	34897	c4ff3f5355d01fa85fbf32e6fadc67df96927a0cf0cac54a712d4ee09b085199
docs/owner_review/NPJ_AMR_SUBMISSION/figures/Figure8.pdf	43518	28f73142b05893ed1d5eecaa141b1e8cdeebbf0c20cbd30df261b9b2fa4994e0
docs/owner_review/NPJ_AMR_SUBMISSION/figures/Figure8.png	600125	fb18a6a919ad8164506d2da86e8e607b740e1736c2e7b1beb06d7de71c7a7478
docs/owner_review/NPJ_AMR_SUBMISSION/figures/Figure8.svg	61373	72c1826bfdeba63e9b2d9a519270f366c417b33c95538be187fd06d11c1de447
docs/owner_review/NPJ_AMR_SUBMISSION/source_data/Figure1_source_data.tsv	1301	c0308469f5fd5a973404876ca07797e0bad6a6e36dc6fbf52911a3bc8c025ca8
docs/owner_review/NPJ_AMR_SUBMISSION/source_data/Figure2_source_data.tsv	1728	2a4fbe173f219baf4c689405f59addaef075ea37bfe065e4ea2d1577ebba972e
docs/owner_review/NPJ_AMR_SUBMISSION/source_data/Figure3_source_data.tsv	3176	ca95ee16fd76c019731d67c386d87084e711227cae706df4c85f47c3b87a6763
docs/owner_review/NPJ_AMR_SUBMISSION/source_data/Figure4_source_data.tsv	1868	c1301948498b690f98edbcfd554b86c164f0dd8d7c83098ffaf8238e6889cf2a
docs/owner_review/NPJ_AMR_SUBMISSION/source_data/Figure5_source_data.tsv	710	9a326212d18e45311d48a671ad06144f44848ec4c5aba1499cff40a73b7cc1f3
docs/owner_review/NPJ_AMR_SUBMISSION/source_data/Figure6_source_data.tsv	951	b93cdeddc427ecdc7cac87ed7f13b68ba27314a725ace81dad2bef432d58df45
docs/owner_review/NPJ_AMR_SUBMISSION/source_data/Figure7_source_data.tsv	869	ad9382ebf2621c32db992a249f1b250b96eb3cedc1b6660662e05e5285d70b49
docs/owner_review/NPJ_AMR_SUBMISSION/source_data/Figure8_source_data.tsv	852	2133a627d05cef791a1250d72e66ad133675d918e5ccb89aeaa8ff30def12841
docs/owner_review/NPJ_AMR_SUBMISSION/source_data/Table1_cohort_and_truth.tsv	470	673657a043172e912d5f40b0feaf1776492973478eb803a4128b4f9f44dc5edd
docs/owner_review/NPJ_AMR_SUBMISSION/source_data/Table2_predictor_inventory.tsv	7553	6cbd6ef2617cbd2f52c4426143063157bf34dddb1322170d674e0b057f9159bc
docs/owner_review/NPJ_AMR_SUBMISSION/source_data/Table3_arg_bearing.tsv	2676	f34fcd766248a448586eed38b2103732317dbb16bf9ea4ad2044e2c69c52c4eb
docs/owner_review/NPJ_AMR_SUBMISSION/source_data/Table4_taxon_stratified.tsv	3544	9d5c376d9c2f68222405bdc2419470f2435fe6c729f888f3b2cec1c4b2e74ddd
docs/owner_review/NPJ_AMR_SUBMISSION/source_data/Table5_arg_genomic_context.tsv	1244	60b0b998e27666103225a8a8205f1f7d40f5d29c7dab924d5d14f2db6d09fa13
docs/owner_review/NPJ_AMR_SUBMISSION/supplementary_data/SUPPLEMENTARY_DATA_CHECKSUMS.json	4685	6f5758b1915af67682c2093a6cded0f71da1267b5ca3100b0e1f22de5d105d72
docs/owner_review/NPJ_AMR_SUBMISSION/supplementary_data/Supplementary_Data_1.tsv	62627	c026f5a3e4bb2e2370ee21772e0837e98c59a32410efc1141d28612c34ded05d
docs/owner_review/NPJ_AMR_SUBMISSION/supplementary_data/Supplementary_Data_10.tsv	709	002e93f56c56286a8153b2c6f0dec16a47d66afb3686b9397a78c6294a36ffd1
docs/owner_review/NPJ_AMR_SUBMISSION/supplementary_data/Supplementary_Data_11.tsv	654	68ecf520100fb7d042320042d0458da73432765c7d314a76b5acf5f94489b938
docs/owner_review/NPJ_AMR_SUBMISSION/supplementary_data/Supplementary_Data_2.tsv	20273	290aa11c1c4a033ae03333170a720adb39789c19d7bf9f66372c1e7802939a7f
docs/owner_review/NPJ_AMR_SUBMISSION/supplementary_data/Supplementary_Data_3.tsv	20849	166bee87f89d55a1b6957d01e014599f4ea00f9d9c2dd64c408913b5eb3aa808
docs/owner_review/NPJ_AMR_SUBMISSION/supplementary_data/Supplementary_Data_4.tsv	22295	6bb77346e4573cb8747ae65f46e337c4fcfa4011bdc2fc711b7807c97a35ca82
docs/owner_review/NPJ_AMR_SUBMISSION/supplementary_data/Supplementary_Data_5.tsv	30773	0e9f8cba9f0efac1f5b92a25eec972d0d7252f8be771ef571304b40e4a30485f
docs/owner_review/NPJ_AMR_SUBMISSION/supplementary_data/Supplementary_Data_6.tsv	61383	50a88da31cd6d812d060b301dab27a37faf74790686d57966bb7480f12ca909f
docs/owner_review/NPJ_AMR_SUBMISSION/supplementary_data/Supplementary_Data_7.tsv	14676	0ae172ba82c315463fd15b4e7fe23af3498ae9f8f1a8894f9f11127a2f3552b5
docs/owner_review/NPJ_AMR_SUBMISSION/supplementary_data/Supplementary_Data_8.tsv	4167	986e27ac7163b2e8081830854d5ca594a3b2bcf820a2bc4c957cdae11ea9f595
docs/owner_review/NPJ_AMR_SUBMISSION/supplementary_data/Supplementary_Data_9.tsv	67822	21d5d8af2b9a7839b367a9fdedbe47ada47598bd91d77c33a322ee6b74672ed9
docs/owner_review/OWNER_DECISIONS.md	4694	994fe5a430dd876f29f345ea3126e910eae47ba0645dca9bd6c9a73c313d8867
docs/owner_review/PACKAGE_VERIFICATION.json	2233	cbad2b7c06f1ebfdd65c05153cbf4e4465af87cd8230322d9cab955dc4617610
docs/owner_review/README.md	9658	2165ca93cc05c343ce4bbfefb57ca9513d2085b496b1e4380e2f3942bd424c2e
docs/submission/BIORXIV_REQUIREMENTS_2026.md	12958	f3aca2dc628e055fa6ff6ec0ae4456109e6299bf27127c054493fa09a73ea0ac
docs/submission/BIOXRIV_PREFLIGHT_REPORT.md	1608	cbe4f26d8cbf4dddcde1e48f13b458b16ef1a4b174dd5de8517fbd64c638a7e2
docs/submission/COVER_LETTER_POST_PREPRINT.md	8145	e1e2cbbe509b0b105a8acef1ea7bd88cfafe44b6a833f69f3ab86ffe72078309
docs/submission/COVER_LETTER_PRE_PREPRINT.md	7743	c0e403d22234fc109665dbf7990855b656ac14b351749ab9f2baf499b3864135
docs/submission/NPJ_AMR_PREFLIGHT_REPORT.md	1779	86a064dece4f600c2fc25f36a7b228f22aacca69d47f03d648c60bb0ab67c352
docs/submission/NPJ_AR_AUTHOR_REQUIREMENTS_2026.md	21792	90c7af5dca3a7fa798a0bbd1b30e0386214c27d7cec3a7c4204004be355cd159
scripts/manuscript/arg_context_biology.py	6886	57608b6a3bf0612b15ea049ab17c73db925ff50d243151ab7beec27c15711fb0
scripts/manuscript/build_canonical_numbers.py	36232	eb830873581a6bb995ca323f5981c37d8f4312d9c7512b45f341097377ef47c6
scripts/manuscript/build_packages.py	41677	5dbff57e55d6310a49b19ec7b366b3a1521e80994cc491dd0b7ecd3ecaeb07ba
scripts/manuscript/build_references.py	23922	be270b82e117b751f52f3e1b19c9bbbce0800ddb6c4dc43b33a8a20715d2e501
scripts/manuscript/claim_audit.py	25210	99c2c34b08c890f3fd85c8a3daf59ad53041f6e07aeccc17bce7012d4d6d6230
scripts/manuscript/claim_matrix.py	3017	230e7bc020ab738a49d275d3e8c142c611c0667914923eea8022beeaef7af14b
scripts/manuscript/fix_availability.py	6015	d9f8e227c59b35aa883c9674b3925d9eeef73714dcd25f56b89ff8a93cab4a6f
scripts/manuscript/fix_release_findings.py	3959	b483be8f12dda2a886bf055f0c8d02930268d76de0de5a2f60f3e4c01212b48a
scripts/manuscript/insert_arg_context_section.py	5496	9bc86bf7e09c832adfab3aad6effa708622e19bd11cb1df93dcef86fb82f9774
scripts/manuscript/make_figures.py	34808	5e9ac88a2103355f6e58e7fd92f64ab7b39a6760a429db7cb661d81aa48e99c1
scripts/manuscript/make_preprint.py	21857	1fa372d099b2660c937824887e874e798263bf499bb5ae147f404cc989cf7a53
scripts/manuscript/make_supplementary.py	23224	0b93eff4bbf601b730aa226b5f6cd8a5316d8fc1e9f76b156c0fc98510502656
scripts/manuscript/make_tables.py	15822	a655bc9be2a0b9a15b057ec30ce725ff1346745ab1f8deb256fa36fc32f1954a
scripts/manuscript/number_references.py	3665	9415b11453ad1522df79d771b3f2ac72316366d42ebc6467f4d0839b241360a4
scripts/manuscript/owner_review_index.py	7780	bf11044fe07f83dd5a8dddc5ed0fd49f072c56062b350d26d44cd3ce969304fb
scripts/manuscript/render_all.py	2751	56d33bffb29bd653189e6e8b7e8f77d5eb17b80367ae3d05a2b8ac7a99008c8b
scripts/manuscript/render_documents.py	13684	5136f86238a496c9de95a3d12c644c22dd136227873fb80cbb5bc7f33e5248ad
scripts/manuscript/update_documentation.py	15636	29afc217b8ea0f91f6efb116e0a85b30b0d86336a4c9ca84c30ae817462a445c
scripts/manuscript/update_documentation2.py	20583	ed10b80ceba2d9e0a7c65acbed556e07645feeeeda90370d230a92ec45ad0261
scripts/manuscript/update_documentation3.py	17619	9b4c190ce8bbf9b37d6a269641e47754f4416b8ac84c0a1845f02adcbfd07a74
scripts/manuscript/verify_evidence_archive.py	11523	f39b3263cd0c8b0731316188f6c212e1656585a091aac1f9341d7dda7ab3a756
scripts/manuscript/verify_manuscript.py	11555	0de8e57e31b9f4047d52eda072aaa2df311385753097a51322571c6179000799
scripts/manuscript/verify_offserver_archive.py	7438	cee488cef96a9e9589263e451c8ac3b0efb610b30ccea6ecb71903a7d580db3d
scripts/manuscript/verify_package.py	9355	90628fe0f7c49e8234a053b81007d29d9d04f727c41ca55888a0d5a77a105b35
scripts/manuscript/word_counts.py	1362	4be847518324ee834f46e410cdc7fa44a78ab6ea7abae2c2831ccfe915fe64e3
