date_utc	event	commit	amendment	defect_discovered	affected_artefacts	correction	change_class	scientific_impact
2026-08-16	P1.13 classification-benchmark discovery and candidate census				census		design	none
2026-08-21	P1.13 prospective design frozen: 150 isolates, 25 x 6 taxa, all 15 checks pass	e2f2114	FROZEN_DESIGN		design, eligible pool, cohort		design	defines the study
2026-08-21	Serratia short by 3 under the 2023-only date rule; recorded as decision_required_from_operator, not resolved unilaterally	e2f2114	001		cohort	owner amendment authorised 2022 fallback	protocol	cohort completeness
2026-08-21	Cohort amended to 150 and the precision statement corrected	473524e	001	precision statement overstated	design	corrected before execution	protocol	corrects a pre-execution claim
2026-08-22	Raw-FASTQ deletion proposal withdrawn after a fail-loud storage inventory	c4fad49		storage allocation initially assigned to the wrong volume	storage plan	allocation corrected; full retention retained	implementation	none; retention preserved
2026-08-22	Temporary-storage routing frozen after a 13-unit production-path preflight	84c7cb1	002	tool scratch would land on the wrong filesystem	runner, tool wrapper	dedicated per-unit temp dirs; no RAM tmpfs	implementation	none
2026-08-22	Count-only pairing guard replaced with exact read-id validation	da5b7a0	003	equal R1/R2 record counts do not prove pairing	downsampler, pairing module	position-by-position normalized id comparison + streaming digest; 15/15 fixtures	implementation	prevents silently corrupted assemblies
2026-08-22	DEFECT 1: curl -C - resumed onto corrupt files; md5 checked only after the retry loop	48e330a	004	one file returned at EXACTLY the declared byte length with the wrong content	SAMN48144070, SAMN40123745	corrupt files discarded and refetched from byte zero; md5 checked inside the retry loop	implementation	none after fix; 150/150 verified, cohort unchanged
2026-08-22	DEFECT 2: predeclared 30x minimum usable coverage was never enforced	48e330a	004	eligibility criterion assumed rather than guaranteed	all 150 isolates	floor enforced where coverage is recomputed from bases	implementation	none; audit shows 0 isolates below floor, lowest 34.61x
2026-08-22	DEFECT 3: absolute symlinks dangled inside the assembly container	48e330a	004	host showed the file; container reported it missing	56 passthrough isolates (37% of cohort)	hard links; gate now rejects symlinked assembler input	implementation	none after fix
2026-08-22	DEFECT 4: assembly output dir not writable by the container user (uid 57439)	48e330a	004	assemblies completed then were discarded at the final copy	15 isolates	all output dirs pre-created writable	implementation	infrastructure failure, explicitly not counted as biological or tool failure
2026-08-22	DEFECT 5: unicycler silently resumed from SPAdes graphs left by an interrupted run	48e330a	004	detected by wall-clock implausibility (2-second assemblies), not by any content check	5 acceptances quarantined	attempt-specific scratch; root-privileged purge; gate rejects reuse; regression-tested	implementation	none; all five quarantined, none entered the accepted set
2026-08-22	Phase 2 parallelised from serial to 12 concurrent on a 64-core host	48e330a	004	serial execution on a 64-core machine	downsampler	per-isolate scratch; determinism verified bit-identical on a completed isolate	implementation	none; scientifically inert, demonstrated not asserted
2026-08-23	Fail-closed atomic assembly acceptance installed; 150/150 accepted; reconciliation PASS	da84fa0	004	runner had no gate between phase 3 and phase 4	runner	reconciliation gate installed before the panel	implementation	prevents the panel running on an incomplete cohort
2026-08-23	4/4 deterministic-rerun pilots byte-identical	da84fa0	004		assemblies		verification	establishes assembler reproducibility
2026-08-23	SAMN26198730 rejected by the plausibility gate: 10,224,257 bp vs 2,819,902 declared at 179x	e5ae86f	005	substantial contamination	1 isolate	truth-blind skani screen + reference-free GC corroboration	protocol (cohort)	cohort membership changed by exactly one isolate
2026-08-23	Deterministic replacement SAMN37639065 selected under the frozen rule; cohort v2 -> v3	e5ae86f	005		cohort	24 survivors held fixed; exactly one isolate drawn; all 9 of the 2024+ pool skipped for ANI >= 99.5	protocol (cohort)	restores 25 per taxon; hash 2e47d15b -> 874b0924
2026-08-23	Panel complete: 1,950 terminal units, 1,878 OK, 72 deterministic tool-internal failures	cf7f417			panel	all 72 reviewed and classified; none infrastructure	execution	tool-level failures, handled by the frozen vocabulary
2026-08-23	Panel reconciler still read cohort v2, reporting 13 phantom PENDING units	cf7f417		stale cohort reference in the reconciler	reconciliation report	switched to v3 and re-run: 1,878 + 72 = 1,950, zero pending	implementation	none; artefact of the stale reference
2026-08-23	Dependency audit: 1,950 receipts, 13 images, one image id per image, zero drift	cf7f417			receipts		verification	confirms no mid-run dependency change
2026-08-23	Parsing with byte-identical frozen parsers; 231,841 rows, identical across two passes	cf7f417			call table		execution	deterministic reconstruction demonstrated
2026-08-23	Candidate built and gated: 9,784 eligible, coverage 1.0000 x3, deterministic rebuild identical	cf7f417			candidate		execution	candidate reaches CANDIDATE_ONLY_NOT_FROZEN
2026-08-23	Owner freeze approval granted for the exact candidate by hash						governance	authorises the freeze, nothing else
2026-08-24	P1.13-PREDICTION-FREEZE-001 committed atomically; verified byte-identical twice	647fd48			frozen table, receipt		freeze	predictions are now immutable
2026-08-24	P1.11_BUILDER_FIXTURES.json overwritten on disk by the P1.13 fixture rerun	647fd48		historical receipt clobbered	P1.11 fixture receipt	original recovered from git history; both receipts now coexist	implementation	none; historical evidence restored
2026-08-24	Evidence archive created and fully verified (87,961 files re-hashed, 0 bad)	03d2c7a		751 container-owned scratch files unreadable	archive	documented exclusion list; verified to touch no evidence path; nothing deleted	archival	none
2026-08-24	Project-state reconciliation for scientific closure	39e1345			closure docs		governance	none
