tool_removed	PPV	recall	delta_PPV	delta_recall
plASgraph2	0.9616306954436451	0.6405750798722045	-0.008429184795875844	-0.1357827476038338
MOB-recon	0.9646017699115044	0.6964856230031949	-0.005458110328016574	-0.07987220447284338
PlaScope	0.9666666666666667	0.7412140575079872	-0.00339321357285427	-0.03514376996805113
Platon	0.9688796680497925	0.7460063897763578	-0.0011802121897284135	-0.030351437699680517
Plasmer	0.9672131147540983	0.7539936102236422	-0.00284676548542262	-0.022364217252396124
gplas2	0.9653767820773931	0.7571884984025559	-0.004683098162127863	-0.019169329073482455
PlasmidEC	0.9698795180722891	0.7715654952076677	-0.00018036216723182896	-0.004792332268370614
geNomad	0.9679358717434869	0.7715654952076677	-0.002124008496034002	-0.004792332268370614
RFPlasmid	0.9680638722554891	0.7747603833865815	-0.001996007984031878	-0.0015974440894568342
PLASMe	0.9681908548707754	0.7779552715654952	-0.0018690253687455582	0.0015974440894568342
HyAsP	0.9667318982387475	0.7891373801916933	-0.003327982000773444	0.012779552715655007
PlasmidFinder	0.9668615984405458	0.792332268370607	-0.003198281798975189	0.015974440894568676
