sample	n_contigs	n_plasmid	v11_recall	v12_recall	delta	v11_FP	v12_FP
SAMD00077842	109	28	0.6071428571428571	0.7142857142857143	0.1071428571428572	0	0
SAMD00521024	106	46	0.9347826086956522	0.9565217391304348	0.021739130434782594	0	0
SAMD00735650	62	17	0.23529411764705882	0.5882352941176471	0.35294117647058826	0	0
SAMD00819697	95	18	0.9444444444444444	0.9444444444444444	0.0	1	1
SAMD00855552	147	11	0.6363636363636364	0.9090909090909091	0.2727272727272727	0	0
SAMD00874696	68	15	0.2	0.9333333333333333	0.7333333333333334	0	0
SAMD00898862	74	13	0.38461538461538464	0.9230769230769231	0.5384615384615385	0	4
SAMD01616572	66	10	0.2	0.6	0.39999999999999997	0	0
SAMD01616573	36	4	0.0	0.75	0.75	0	0
SAMD01706134	217	2	0.0	0.5	0.5	0	0
SAMD01900643	55	2	0.0	1.0	1.0	0	0
SAMN15006794	69	3	0.0	0.6666666666666666	0.6666666666666666	0	0
SAMN26419928	96	20	0.75	0.85	0.09999999999999998	1	0
SAMN26419929	84	4	1.0	1.0	0.0	0	0
SAMN40323366	54	15	0.2	0.8666666666666667	0.6666666666666667	0	0
SAMN40646276	239	18	0.1111111111111111	0.6666666666666666	0.5555555555555556	0	0
SAMN42021368	44	1	0.0	1.0	1.0	0	0
SAMN44789794	149	50	0.46	0.68	0.22000000000000003	0	0
SAMN44789801	123	41	0.8536585365853658	0.926829268292683	0.07317073170731714	0	0
SAMN44789802	146	23	0.5217391304347826	0.782608695652174	0.26086956521739135	0	0
SAMN46342759	57	8	0.125	0.875	0.75	0	0
SAMN46342768	92	8	0.75	1.0	0.25	0	0
SAMN49035622	104	23	0.43478260869565216	0.391304347826087	-0.04347826086956519	0	0
SAMN49035624	126	28	0.32142857142857145	0.75	0.42857142857142855	0	0
SAMN49035625	99	5	1.0	0.6	-0.4	0	0
SAMN50713139	46	5	1.0	1.0	0.0	0	0
SAMN50713145	53	8	0.25	1.0	0.75	0	0
SAMN50779108	128	19	0.7894736842105263	0.8947368421052632	0.10526315789473684	0	1
SAMN50779109	127	27	0.4444444444444444	0.8518518518518519	0.40740740740740744	0	0
SAMN51335567	61	11	0.18181818181818182	0.8181818181818182	0.6363636363636365	0	0
SAMN51335572	121	28	0.6785714285714286	0.8214285714285714	0.1428571428571428	4	6
SAMN53300919	144	17	0.35294117647058826	0.6470588235294118	0.29411764705882354	0	0
SAMN54198424	145	26	0.6153846153846154	0.8461538461538461	0.23076923076923073	0	0
SAMN54493225	67	5	0.0	0.4	0.4	0	0
SAMN54493235	82	14	0.5714285714285714	0.7142857142857143	0.1428571428571429	0	0
SAMN54493237	42	6	0.0	1.0	1.0	0	0
SAMN54623321	61	5	0.0	0.6	0.6	0	0
SAMN55387717	117	39	0.5128205128205128	0.46153846153846156	-0.05128205128205121	4	3
SAMN60560795	100	3	1.0	1.0	0.0	0	0
