biosample	taxon	source	assembly_accession	declared_genome_size	reference_chromosomes	reference_plasmids	assembly_report_readable	eligible_contigs	resolved_contigs	unresolved_contigs	mapping_ambiguity_rate	high_confidence_truth
SAMD00499712	Citrobacter spp.	refseq	GCF_059739495.1	5092678	1	8	yes	152	150	2	0.013157894736842105	no
SAMD00565567	Enterococcus faecium	refseq	GCF_040372185.1	3105137	1	5	yes	169	156	13	0.07692307692307693	no
SAMD00577372	Enterococcus faecium	refseq	GCF_030295785.1	2840077	1	2	yes	65	64	1	0.015384615384615385	no
SAMD00577373	Enterococcus faecalis	refseq	GCF_030295805.1	3041860	1	1	yes	40	39	1	0.025	no
SAMD00623430	Enterococcus faecium	refseq	GCF_033130085.1	3094047	1	4	yes	143	136	7	0.04895104895104895	no
SAMD00748008	Enterococcus faecalis	refseq	GCF_040371495.1	3224075	1	2	yes	45	44	1	0.022222222222222223	no
SAMEA117852477	Enterococcus faecium	refseq	GCF_965641755.1	2995648	1	2	yes	134	130	4	0.029850746268656716	no
SAMEA121008655	Serratia spp.	refseq	GCF_978045405.1	5765014	1	1	yes	33	32	1	0.030303030303030304	no
SAMN10435561	Citrobacter spp.	refseq	GCF_016505445.2	5148049	1	1	yes	46	46	0	0.0	yes
SAMN10435572	Citrobacter spp.	refseq	GCF_016505285.2	5663418	1	2	yes	107	104	3	0.028037383177570093	no
SAMN12405233	Serratia spp.	refseq	GCF_021498225.1	4955995	1	1	yes	20	19	1	0.05	no
SAMN13382572	Klebsiella pneumoniae	refseq	GCF_022790305.2	5829750	1	6	yes	99	96	3	0.030303030303030304	no
SAMN13382579	Klebsiella pneumoniae	refseq	GCF_022790205.2	5605568	1	7	yes	90	86	4	0.044444444444444446	no
SAMN13382581	Klebsiella pneumoniae	refseq	GCF_022790165.2	5467427	1	3	yes	100	94	6	0.06	no
SAMN13382597	Klebsiella pneumoniae	refseq	GCF_022789975.2	5531954	1	5	yes	110	105	5	0.045454545454545456	no
SAMN15488622	Citrobacter spp.	refseq	GCF_029719225.1	5265547	1	0	yes	24	24	0	0.0	yes
SAMN17766463	Klebsiella pneumoniae	refseq	GCF_022789885.2	5508626	1	4	yes	59	56	3	0.05084745762711865	no
SAMN17766480	Klebsiella pneumoniae	refseq	GCF_022789585.2	5446408	1	7	yes	84	77	7	0.08333333333333333	no
SAMN17766507	Klebsiella pneumoniae	refseq	GCF_022789185.2	5600078	1	6	yes	76	73	3	0.039473684210526314	no
SAMN18917024	Serratia spp.	refseq	GCF_024086695.1	5027483	1	0	yes	44	43	1	0.022727272727272728	no
SAMN22837217	Citrobacter spp.	refseq	GCF_036785855.1	4932743	1	1	yes	33	32	1	0.030303030303030304	no
SAMN23424528	Enterococcus faecium	refseq	GCF_028335525.1	2862866	1	3	yes	35	34	1	0.02857142857142857	no
SAMN23424532	Enterococcus faecium	refseq	GCF_028335465.1	2916853	1	4	yes	68	65	3	0.04411764705882353	no
SAMN23424534	Enterococcus faecium	refseq	GCF_028335245.1	2735269	1	2	yes	89	87	2	0.02247191011235955	no
SAMN23485811	Serratia spp.	refseq	GCF_022439565.1	5099636	1	0	yes	61	61	0	0.0	yes
SAMN26198497	Citrobacter spp.	refseq	GCF_040591245.1	5205676	1	6	yes	92	91	1	0.010869565217391304	no
SAMN26198498	Citrobacter spp.	refseq	GCF_040585435.1	5048679	1	4	yes	66	64	2	0.030303030303030304	no
SAMN26567300	Klebsiella pneumoniae	refseq	GCF_044356415.1	5701916	1	7	yes	131	124	7	0.05343511450381679	no
SAMN26567301	Klebsiella pneumoniae	refseq	GCF_044355935.1	5955631	1	7	yes	102	94	8	0.0784313725490196	no
SAMN26796324	Serratia spp.	refseq	GCF_030734145.1	5510834	1	1	yes	121	106	15	0.12396694214876033	no
SAMN26796377	Citrobacter spp.	refseq	GCF_059230765.1	6123619	1	14	yes	157	148	9	0.05732484076433121	no
SAMN26796439	Citrobacter spp.	refseq	GCF_059232575.1	5346041	1	3	yes	54	52	2	0.037037037037037035	no
SAMN28626304	Klebsiella pneumoniae	refseq	GCF_041860965.1	5350119	1	1	yes	30	30	0	0.0	yes
SAMN29503689	Citrobacter spp.	refseq	GCF_055901395.1	6042633	1	6	yes	108	98	10	0.09259259259259259	no
SAMN29503815	Citrobacter spp.	refseq	GCF_055901255.1	5276614	1	2	yes	77	65	12	0.15584415584415584	no
SAMN30692055	Enterococcus faecium	refseq	GCF_052828105.1	3233380	1	5	yes	146	140	6	0.0410958904109589	no
SAMN30974101	Citrobacter spp.	refseq	GCF_030179595.1	5571345	1	3	yes	74	70	4	0.05405405405405406	no
SAMN30974103	Serratia spp.	refseq	GCF_030179475.1	5890971	1	4	yes	115	107	8	0.06956521739130435	no
SAMN32542113	Klebsiella pneumoniae	refseq	GCF_040763125.1	5592654	1	2	yes	61	58	3	0.04918032786885246	no
SAMN32676082	Klebsiella pneumoniae	refseq	GCF_041861285.1	5512026	1	2	yes	75	74	1	0.013333333333333334	no
SAMN32762131	Serratia spp.	refseq	GCF_029962625.1	5160726	1	0	yes	20	20	0	0.0	yes
SAMN33238824	Serratia spp.	refseq	GCF_028736255.1	5094661	1	0	yes	42	42	0	0.0	yes
SAMN33404193	Serratia spp.	refseq	GCF_028994195.1	5038633	1	1	yes	18	18	0	0.0	yes
SAMN33434791	Serratia spp.	refseq	GCF_029025665.1	5041121	1	0	yes	15	15	0	0.0	yes
SAMN33741191	Enterococcus faecalis	refseq	GCF_030020745.1	2753347	1	1	yes	11	11	0	0.0	yes
SAMN33741207	Enterococcus faecalis	refseq	GCF_030020515.1	2764125	1	0	yes	33	33	0	0.0	yes
SAMN33741209	Enterococcus faecalis	refseq	GCF_030020475.1	3090966	1	3	yes	33	32	1	0.030303030303030304	no
SAMN33741222	Enterococcus faecalis	refseq	GCF_030020155.1	2918219	1	1	yes	39	39	0	0.0	yes
SAMN35638176	Enterococcus faecalis	refseq	GCF_030264755.1	2902787	1	2	yes	18	18	0	0.0	yes
SAMN35676739	Serratia spp.	refseq	GCF_030291735.1	5160776	1	1	yes	19	19	0	0.0	yes
SAMN35677795	Enterobacter spp.	refseq	GCF_030410235.2	4939809	1	6	yes	120	115	5	0.041666666666666664	no
SAMN36766197	Enterococcus faecium	refseq	GCF_038441145.1	3182089	1	4	yes	164	152	12	0.07317073170731707	no
SAMN36766202	Enterococcus faecium	refseq	GCF_038441015.1	3173327	1	6	yes	175	164	11	0.06285714285714286	no
SAMN36766205	Enterococcus faecium	refseq	GCF_038436665.1	3176325	1	5	yes	146	136	10	0.0684931506849315	no
SAMN36766227	Klebsiella pneumoniae	refseq	GCF_049617425.1	5636403	1	5	yes	62	61	1	0.016129032258064516	no
SAMN37639060	Enterococcus faecalis	refseq	GCF_032680945.1	3272531	1	4	yes	70	65	5	0.07142857142857142	no
SAMN37639065	Enterococcus faecalis	refseq	GCF_032681005.1	2770393	1	0	yes	7	7	0	0.0	yes
SAMN38182635	Serratia spp.	refseq	GCF_036324685.1	5380248	1	2	yes	40	40	0	0.0	yes
SAMN38203345	Enterococcus faecalis	refseq	GCF_033815825.1	2813578	1	1	yes	17	17	0	0.0	yes
SAMN38231263	Enterococcus faecalis	refseq	GCF_037198295.1	2745741	1	3	yes	26	26	0	0.0	yes
SAMN38562723	Serratia spp.	refseq	GCF_034424255.1	5160509	1	1	yes	30	29	1	0.03333333333333333	no
SAMN38673182	Enterococcus faecalis	refseq	GCF_034642355.1	2979264	1	1	yes	20	19	1	0.05	no
SAMN38999337	Enterococcus faecium	refseq	GCF_045924105.1	2790004	1	3	yes	49	48	1	0.02040816326530612	no
SAMN38999338	Enterococcus faecium	refseq	GCF_045923915.1	3145209	1	5	yes	138	132	6	0.043478260869565216	no
SAMN39334912	Enterobacter spp.	refseq	GCF_035556915.1	4878836	1	0	yes	16	16	0	0.0	yes
SAMN39551827	Enterobacter spp.	refseq	GCF_043972705.1	5252967	1	1	yes	26	26	0	0.0	yes
SAMN39551828	Enterobacter spp.	refseq	GCF_043972695.1	4726897	1	0	yes	10	10	0	0.0	yes
SAMN39551830	Enterobacter spp.	refseq	GCF_043972035.1	4740490	1	0	yes	19	19	0	0.0	yes
SAMN39551832	Enterobacter spp.	refseq	GCF_043971375.1	5087745	1	0	yes	74	74	0	0.0	yes
SAMN39551833	Enterobacter spp.	refseq	GCF_043971365.1	4885375	1	2	yes	20	20	0	0.0	yes
SAMN39551834	Enterobacter spp.	refseq	GCF_043971355.1	4747581	1	1	yes	20	20	0	0.0	yes
SAMN39551839	Enterobacter spp.	refseq	GCF_043970025.1	5684917	1	5	yes	101	100	1	0.009900990099009901	no
SAMN39551846	Enterobacter spp.	refseq	GCF_043968675.1	4603544	1	0	yes	25	25	0	0.0	yes
SAMN39551854	Enterobacter spp.	refseq	GCF_043966805.1	5027913	1	0	yes	27	27	0	0.0	yes
SAMN39551859	Enterobacter spp.	refseq	GCF_043965265.1	4762192	1	2	yes	22	22	0	0.0	yes
SAMN39551862	Enterobacter spp.	refseq	GCF_043964395.1	5009678	1	3	yes	73	73	0	0.0	yes
SAMN39634308	Enterococcus faecalis	refseq	GCF_036352235.1	3161211	1	2	yes	62	59	3	0.04838709677419355	no
SAMN39634309	Enterococcus faecalis	refseq	GCF_036352195.1	2652177	1	0	yes	20	20	0	0.0	yes
SAMN39634310	Enterococcus faecalis	refseq	GCF_036352215.1	3105522	1	3	yes	51	40	11	0.21568627450980393	no
SAMN39724761	Klebsiella pneumoniae	refseq	GCF_037024235.1	5706426	1	4	yes	69	66	3	0.043478260869565216	no
SAMN39888444	Enterococcus faecalis	refseq	GCF_036689605.1	3088074	1	2	yes	28	28	0	0.0	yes
SAMN39939912	Enterococcus faecalis	refseq	GCF_036793375.1	2863896	1	2	yes	21	21	0	0.0	yes
SAMN39998258	Serratia spp.	refseq	GCF_036760465.1	5167763	1	0	yes	18	18	0	0.0	yes
SAMN40123736	Serratia spp.	refseq	GCF_037226435.1	5082688	1	2	yes	30	30	0	0.0	yes
SAMN40123745	Serratia spp.	refseq	GCF_037228405.1	5332495	1	0	yes	27	27	0	0.0	yes
SAMN40123770	Klebsiella pneumoniae	refseq	GCF_037279725.1	6077327	1	7	yes	76	72	4	0.05263157894736842	no
SAMN40323370	Enterococcus faecalis	refseq	GCF_055814325.1	3301871	1	2	yes	40	40	0	0.0	yes
SAMN40323371	Enterococcus faecium	refseq	GCF_055814315.1	3047464	1	4	yes	87	85	2	0.022988505747126436	no
SAMN41071126	Enterobacter spp.	refseq	GCF_046272195.1	4992345	1	1	yes	23	23	0	0.0	yes
SAMN41071142	Citrobacter spp.	refseq	GCF_046272115.1	4918772	1	0	yes	22	22	0	0.0	yes
SAMN41479334	Enterobacter spp.	refseq	GCF_039734725.1	4911077	1	1	yes	20	20	0	0.0	yes
SAMN42382017	Serratia spp.	refseq	GCF_049393775.1	5324155	1	1	yes	31	31	0	0.0	yes
SAMN42392509	Enterobacter spp.	refseq	GCF_040834065.1	4849319	1	1	yes	33	32	1	0.030303030303030304	no
SAMN43047201	Enterobacter spp.	refseq	GCF_041110985.1	4912422	1	2	yes	20	19	1	0.05	no
SAMN43844647	Klebsiella pneumoniae	genbank	GCA_060240615.1	5661635	1	2	yes	52	50	2	0.038461538461538464	no
SAMN44510955	Citrobacter spp.	refseq	GCF_044537545.1	4795544	1	1	yes	62	40	22	0.3548387096774194	no
SAMN44589911	Serratia spp.	refseq	GCF_044865145.1	5423522	1	0	yes	43	43	0	0.0	yes
SAMN45712690	Enterobacter spp.	refseq	GCF_046015545.1	4902387	1	0	yes	46	46	0	0.0	yes
SAMN46230708	Enterococcus faecalis	refseq	GCF_053117695.1	3032491	1	3	yes	39	38	1	0.02564102564102564	no
SAMN46230709	Enterococcus faecalis	refseq	GCF_053117685.1	3077672	1	4	yes	27	25	2	0.07407407407407407	no
SAMN46230710	Enterococcus faecalis	refseq	GCF_053117675.1	3024060	1	2	yes	40	40	0	0.0	yes
SAMN46343359	Citrobacter spp.	refseq	GCF_055901195.1	5339633	1	1	yes	39	24	15	0.38461538461538464	no
SAMN46474773	Serratia spp.	refseq	GCF_048537415.1	5540843	1	3	yes	56	54	2	0.03571428571428571	no
SAMN46474823	Serratia spp.	refseq	GCF_048537545.1	5731051	1	2	yes	63	60	3	0.047619047619047616	no
SAMN46474946	Serratia spp.	refseq	GCF_048537535.1	5335811	1	0	yes	27	27	0	0.0	yes
SAMN46474952	Serratia spp.	refseq	GCF_048849215.1	5482452	1	0	yes	75	72	3	0.04	no
SAMN46474961	Serratia spp.	refseq	GCF_048571855.1	5330521	1	0	yes	34	34	0	0.0	yes
SAMN46544982	Klebsiella pneumoniae	refseq	GCF_051549705.1	6175718	1	4	yes	111	108	3	0.02702702702702703	no
SAMN46716616	Enterococcus faecium	refseq	GCF_050908925.1	3191134	1	6	yes	229	224	5	0.021834061135371178	no
SAMN46716619	Enterococcus faecium	refseq	GCF_050908935.1	3153179	1	6	yes	146	138	8	0.0547945205479452	no
SAMN46716648	Enterococcus faecium	refseq	GCF_050909075.1	3216789	1	4	yes	178	168	10	0.056179775280898875	no
SAMN46716649	Enterococcus faecium	refseq	GCF_050909085.1	3108658	1	6	yes	136	128	8	0.058823529411764705	no
SAMN46778011	Klebsiella pneumoniae	refseq	GCF_051414815.1	5767637	1	7	yes	137	133	4	0.029197080291970802	no
SAMN46862811	Klebsiella pneumoniae	refseq	GCF_053078555.1	5460190	1	3	yes	60	59	1	0.016666666666666666	no
SAMN46862817	Klebsiella pneumoniae	refseq	GCF_053078505.1	5442862	1	3	yes	92	90	2	0.021739130434782608	no
SAMN46862834	Klebsiella pneumoniae	refseq	GCF_053078375.1	5533194	1	2	yes	53	52	1	0.018867924528301886	no
SAMN46862848	Klebsiella pneumoniae	refseq	GCF_055824715.1	5400445	1	1	yes	39	38	1	0.02564102564102564	no
SAMN46897905	Klebsiella pneumoniae	refseq	GCF_056867575.1	5527658	1	2	yes	46	45	1	0.021739130434782608	no
SAMN47264607	Enterococcus faecalis	refseq	GCF_049262565.1	2998769	1	2	yes	35	32	3	0.08571428571428572	no
SAMN47264642	Serratia spp.	refseq	GCF_048593445.1	5138241	1	0	yes	28	24	4	0.14285714285714285	no
SAMN47788335	Citrobacter spp.	refseq	GCF_053349155.1	5262860	1	3	yes	74	71	3	0.04054054054054054	no
SAMN47788336	Enterobacter spp.	refseq	GCF_053349035.1	4866281	1	5	yes	56	56	0	0.0	yes
SAMN48144070	Enterococcus faecium	refseq	GCF_052055575.1	3202935	1	6	yes	122	118	4	0.03278688524590164	no
SAMN48144087	Enterococcus faecium	refseq	GCF_059845355.1	2693763	1	1	yes	48	47	1	0.020833333333333332	no
SAMN48185768	Klebsiella pneumoniae	refseq	GCF_051608075.1	5559722	1	2	yes	59	57	2	0.03389830508474576	no
SAMN48324032	Klebsiella pneumoniae	refseq	GCF_053803415.1	5790886	1	5	yes	109	106	3	0.027522935779816515	no
SAMN48324061	Enterococcus faecium	refseq	GCF_050320245.1	3093064	1	2	yes	164	158	6	0.036585365853658534	no
SAMN48387103	Enterococcus faecalis	refseq	GCF_050429065.1	3050661	1	5	yes	53	53	0	0.0	yes
SAMN48387105	Enterococcus faecalis	refseq	GCF_050428545.1	3178663	1	3	yes	52	51	1	0.019230769230769232	no
SAMN48387112	Enterococcus faecalis	refseq	GCF_050426975.1	3007472	1	0	yes	40	40	0	0.0	yes
SAMN48451385	Citrobacter spp.	refseq	GCF_052421625.1	5556809	1	5	yes	155	145	10	0.06451612903225806	no
SAMN48541670	Enterococcus faecium	refseq	GCF_050563495.1	3160420	1	9	yes	155	148	7	0.04516129032258064	no
SAMN48668204	Enterococcus faecium	refseq	GCF_050598045.1	3205644	1	8	yes	170	160	10	0.058823529411764705	no
SAMN48753775	Serratia spp.	refseq	GCF_050845915.1	5325120	1	0	yes	21	21	0	0.0	yes
SAMN48790648	Enterobacter spp.	refseq	GCF_050847275.1	4932189	1	0	yes	24	24	0	0.0	yes
SAMN48790898	Enterobacter spp.	refseq	GCF_050847315.1	4811582	1	0	yes	32	32	0	0.0	yes
SAMN49384630	Enterococcus faecium	refseq	GCF_052161595.1	3368470	1	10	yes	187	176	11	0.058823529411764705	no
SAMN49850453	Citrobacter spp.	refseq	GCF_052605825.1	4657969	1	0	yes	105	105	0	0.0	yes
SAMN49850454	Citrobacter spp.	refseq	GCF_052605815.1	4799402	1	0	yes	12	12	0	0.0	yes
SAMN49850455	Citrobacter spp.	refseq	GCF_052605965.1	4701703	1	0	yes	13	13	0	0.0	yes
SAMN49850456	Citrobacter spp.	refseq	GCF_052466555.1	4796128	1	1	yes	15	15	0	0.0	yes
SAMN49850457	Citrobacter spp.	refseq	GCF_052466285.1	4734987	1	0	yes	20	20	0	0.0	yes
SAMN49850458	Citrobacter spp.	refseq	GCF_052466275.1	4707797	1	0	yes	19	19	0	0.0	yes
SAMN49947234	Enterococcus faecium	refseq	GCF_051522895.1	2682594	1	4	yes	84	83	1	0.011904761904761904	no
SAMN50584031	Enterobacter spp.	refseq	GCF_056665855.1	5218827	1	5	yes	111	106	5	0.04504504504504504	no
SAMN50713126	Citrobacter spp.	refseq	GCF_056155525.1	4926006	1	3	yes	25	25	0	0.0	yes
SAMN51335551	Citrobacter spp.	refseq	GCF_053699675.1	5371108	1	1	yes	87	85	2	0.022988505747126436	no
SAMN51335576	Enterobacter spp.	refseq	GCF_053698775.1	4967054	1	1	yes	71	66	5	0.07042253521126761	no
SAMN54531395	Enterobacter spp.	refseq	GCF_056990835.1	4822997	1	0	yes	25	25	0	0.0	yes
SAMN56510720	Enterobacter spp.	refseq	GCF_056270465.1	4852987	1	0	yes	25	25	0	0.0	yes
