replicon	isolates	n_isolates	n_contigs	assembled_bp	contigs_recovered_v12	bp_recovered_v12	contig_recovery_fraction	bp_recovery_fraction	contigs_recovered_router	state
NZ_CP159210.1:1.0000	SAMN41988840	1	18	248000	7	171184	0.3889	0.6903	6	partial
ACBDAC020000002.1:1.0000	SAMN52857380	1	4	241778	4	241778	1.0	1.0	1	complete
NZ_JBSAOW010000002.1:1.0000	SAMN50779107	1	18	236368	18	236368	1.0	1.0	17	complete
NZ_JBRERL010000002.1:1.0000	SAMN51250223	1	9	230050	0	0	0.0	0.0	0	missed
NZ_JBRASS010000002.1:1.0000	SAMN39980286	1	10	226683	8	221949	0.8	0.9791	9	partial
NZ_JBRYYF010000002.1:1.0000	SAMN52951588	1	37	210029	27	158401	0.7297	0.7542	26	partial
NZ_CP178683.1:1.0000	SAMN41579938	1	12	199141	8	127119	0.6667	0.6383	8	partial
JBLWMJ010000002.1:1.0000	SAMN44789755	1	39	191767	35	187461	0.8974	0.9775	35	partial
NZ_JBLWKF010000002.1:1.0000	SAMN44789742	1	33	190614	29	185164	0.8788	0.9714	29	partial
NZ_JBWKMO010000002.1:1.0000	SAMN56646525	1	12	189926	12	189926	1.0	1.0	12	complete
NZ_JBREQR010000002.1:1.0000	SAMN51205876	1	11	189780	3	48279	0.2727	0.2544	3	partial
NZ_CP178655.1:1.0000	SAMN41579893	1	8	177581	6	96833	0.75	0.5453	6	partial
ACECUP020000002.1:1.0000	SAMN61074893	1	1	174125	1	174125	1.0	1.0	1	complete
NZ_CP178643.1:1.0000	SAMN41579880	1	12	169464	8	116313	0.6667	0.6864	8	partial
NZ_JBRERL010000004.1:0.6418	SAMN51250223	1	1	162902	0	0	0.0	0.0	0	missed
NZ_CP178672.1:1.0000	SAMN41579913	1	5	160965	4	159858	0.8	0.9931	2	partial
NZ_JBSQGH010000002.1:1.0000	SAMN53536567	1	9	158431	9	158431	1.0	1.0	9	complete
NZ_JBSAOW010000003.1:1.0000	SAMN50779107	1	7	157472	7	157472	1.0	1.0	7	complete
NZ_CP178671.1:1.0000	SAMN41579913	1	12	154753	10	150991	0.8333	0.9757	10	partial
NZ_CP149568.1:1.0000	SAMN40323362	1	5	151434	5	151434	1.0	1.0	5	complete
NZ_JBRERE010000002.1:1.0000	SAMN51205863	1	1	149809	0	0	0.0	0.0	0	missed
NZ_CP159211.1:1.0000	SAMN41988840	1	13	147338	9	107560	0.6923	0.73	8	partial
NZ_JBRXAB010000003.1:1.0000	SAMN50713132	1	1	146348	1	146348	1.0	1.0	1	complete
NZ_JBRASS010000003.1:1.0000	SAMN39980286	1	7	142854	5	134825	0.7143	0.9438	6	partial
NZ_JBRERL010000003.1:1.0000	SAMN51250223	1	8	138716	3	75075	0.375	0.5412	3	partial
NZ_CP178635.1:1.0000	SAMN41579872	1	10	138341	9	136765	0.9	0.9886	9	partial
NZ_JBREQZ010000002.1:1.0000	SAMN51205868	1	9	137479	6	120024	0.6667	0.873	5	partial
NZ_JBRXAU010000003.1:1.0000	SAMN50713113	1	10	133802	7	121749	0.7	0.9099	4	partial
NZ_JBREQW010000002.1:1.0000	SAMN51205871	1	17	132586	17	132586	1.0	1.0	12	complete
NZ_CP178684.1:1.0000	SAMN41579938	1	9	129067	5	89901	0.5556	0.6965	5	partial
NZ_JBYTPC010000002.1:1.0000	SAMN54493115	1	9	128562	5	120577	0.5556	0.9379	4	partial
NZ_JBYTOR010000002.1:1.0000	SAMN54493196	1	1	128360	1	128360	1.0	1.0	1	complete
NZ_JBREQV010000002.1:1.0000	SAMN51205872	1	8	126957	5	115724	0.625	0.9115	5	partial
ACDGVC020000002.1:1.0000	SAMN59744460	1	14	122822	11	108763	0.7857	0.8855	13	partial
NZ_JBTLHM010000001.1:1.0000	SAMN53300925	1	16	121436	11	92876	0.6875	0.7648	10	partial
NZ_JBRERQ010000002.1:1.0000	SAMN51250218	1	3	117306	3	117306	1.0	1.0	3	complete
NZ_JBRERO010000002.1:1.0000	SAMN51250220	1	10	117182	7	68666	0.7	0.586	7	partial
NZ_JBTLGY010000002.1:1.0000	SAMN53300911	1	1	116729	1	116729	1.0	1.0	1	complete
NZ_JBWDPW010000003.1:1.0000	SAMN49035615	1	19	116386	5	52365	0.2632	0.4499	5	partial
ACBOWI020000002.1:1.0000	SAMN53649220	1	10	115542	9	102265	0.9	0.8851	8	partial
NZ_JBREQV010000003.1:1.0000	SAMN51205872	1	1	115085	0	0	0.0	0.0	0	missed
NZ_JBRERF010000002.1:1.0000	SAMN51205862	1	12	114659	10	112102	0.8333	0.9777	6	partial
NZ_JBREQK010000002.1:1.0000	SAMN51205883	1	8	114546	4	53715	0.5	0.4689	4	partial
JAEJUI020000002.1:1.0000	SAMN09400867	1	13	114449	12	111394	0.9231	0.9733	12	partial
NZ_JBWDPT010000001.1:1.0000	SAMN49035618	1	1	111929	1	111929	1.0	1.0	1	complete
NZ_AP039440.1:1.0000	SAMD00819698	1	7	110672	7	110672	1.0	1.0	7	complete
NZ_JBREQK010000003.1:1.0000	SAMN51205883	1	5	110106	4	107690	0.8	0.9781	4	partial
NZ_JBVWEU010000002.1:1.0000	SAMN39842013	1	3	108246	2	84218	0.6667	0.778	2	partial
NZ_JBTLGY010000004.1:1.0000	SAMN53300911	1	2	108066	2	108066	1.0	1.0	2	complete
JCADRX010000002.1:1.0000	SAMN51867602	1	8	105062	8	105062	1.0	1.0	8	complete
NZ_JBRERF010000003.1:1.0000	SAMN51205862	1	14	104886	8	28506	0.5714	0.2718	8	partial
JBRJQX010000002.1:1.0000	SAMN38448533	1	3	104058	3	104058	1.0	1.0	3	complete
NZ_JBWDPQ010000001.1:1.0000	SAMN49035621	1	2	102084	2	102084	1.0	1.0	2	complete
NZ_AP040900.1:1.0000	SAMD00521008	1	21	101732	14	81518	0.6667	0.8013	14	partial
NZ_JBWKMO010000003.1:1.0000	SAMN56646525	1	5	99399	5	99399	1.0	1.0	4	complete
NZ_JBWDPX010000002.1:1.0000	SAMN49035614	1	2	98715	2	98715	1.0	1.0	2	complete
NZ_CP159212.1:0.9988	SAMN41988840	1	1	98562	1	98562	1.0	1.0	1	complete
NZ_JBRERQ010000003.1:1.0000	SAMN51250218	1	9	98318	4	30882	0.4444	0.3141	4	partial
NZ_AP045050.1:1.0000	SAMD01616568	1	9	97960	3	39345	0.3333	0.4016	3	partial
ABAHUO020000002.1:1.0000	SAMN18912321	1	6	97743	6	97743	1.0	1.0	6	complete
NZ_JBREQW010000002.1:0.9998	SAMN51205871	1	1	96104	1	96104	1.0	1.0	1	complete
NZ_JBRERN010000002.1:1.0000	SAMN51250221	1	12	95860	8	47632	0.6667	0.4969	8	partial
NZ_CP178651.1:1.0000	SAMN41579890	1	5	95796	5	95796	1.0	1.0	5	complete
AARLJX020000004.1:1.0000	SAMN10736992	1	9	95778	5	47222	0.5556	0.493	5	partial
NZ_JBLWKF010000003.1:1.0000	SAMN44789742	1	1	94659	1	94659	1.0	1.0	1	complete
NZ_JBRASS010000004.1:0.9569	SAMN39980286	1	1	94285	1	94285	1.0	1.0	1	complete
ABAHUO020000003.1:1.0000	SAMN18912321	1	5	94229	5	94229	1.0	1.0	5	complete
NZ_JBSAOW010000004.1:1.0000	SAMN50779107	1	4	93076	3	91768	0.75	0.9859	3	partial
NZ_JBREQL010000002.1:1.0000	SAMN51205882	1	1	92846	1	92846	1.0	1.0	1	complete
NZ_CP178649.1:1.0000	SAMN41579881	1	7	92320	7	92320	1.0	1.0	7	complete
NZ_JBTLGY010000003.1:1.0000	SAMN53300911	1	9	91374	5	56231	0.5556	0.6154	5	partial
NZ_JBRAWH010000002.1:0.9999	SAMN51335558	1	1	89471	1	89471	1.0	1.0	0	complete
NZ_JBRERN010000003.1:1.0000	SAMN51250221	1	9	88784	7	60281	0.7778	0.679	7	partial
NZ_JBTLGS010000001.1:1.0000	SAMN53300905	1	14	88351	10	73569	0.7143	0.8327	8	partial
NZ_JBRAWG010000002.1:0.9947	SAMN51335557	1	1	87959	1	87959	1.0	1.0	1	complete
NZ_AP045051.1:1.0000	SAMD01616568	1	2	87225	2	87225	1.0	1.0	2	complete
NZ_CP178660.1:1.0000	SAMN41579899	1	5	85984	5	85984	1.0	1.0	3	complete
NZ_JBRERM010000003.1:1.0000	SAMN51250222	1	1	85540	1	85540	1.0	1.0	1	complete
NZ_JBVWEU010000003.1:1.0000	SAMN39842013	1	1	85419	1	85419	1.0	1.0	1	complete
NZ_JBRERF010000004.1:1.0000	SAMN51205862	1	10	84994	6	61050	0.6	0.7183	6	partial
NZ_JBTLFU010000002.1:1.0000	SAMN53300881	1	4	84377	3	70970	0.75	0.8411	3	partial
NZ_JBRERM010000002.1:1.0000	SAMN51250222	1	9	84152	1	4596	0.1111	0.0546	1	partial
NZ_JBRXAP010000003.1:0.9931	SAMN50713118	1	1	84105	1	84105	1.0	1.0	1	complete
NZ_JBREQN010000002.1:1.0000	SAMN51205880	1	3	83998	3	83998	1.0	1.0	3	complete
NZ_JBRXAD010000003.1:1.0000	SAMN50713130	1	2	82898	2	82898	1.0	1.0	2	complete
NZ_CP178652.1:1.0000	SAMN41579890	1	2	82772	2	82772	1.0	1.0	2	complete
NZ_JBVWFT010000002.1:1.0000	SAMN34137716	1	6	81345	5	67145	0.8333	0.8254	5	partial
ACECUP020000004.1:1.0000	SAMN61074893	1	1	81332	1	81332	1.0	1.0	1	complete
NZ_JBTLGS010000003.1:1.0000	SAMN53300905	1	1	80997	1	80997	1.0	1.0	1	complete
NZ_JBRERO010000003.1:1.0000	SAMN51250220	1	9	79869	8	63096	0.8889	0.79	8	partial
JBRJRG010000003.1:1.0000	SAMN38448564	1	6	79826	6	79826	1.0	1.0	3	complete
JBRJPW010000002.1:1.0000	SAMN38448447	1	12	76442	12	76442	1.0	1.0	12	complete
NZ_AP039441.1:1.0000	SAMD00819698	1	17	75743	11	61264	0.6471	0.8088	10	partial
NZ_JBREQS010000002.1:1.0000	SAMN51205875	1	3	75367	3	75367	1.0	1.0	3	complete
JBRJRG010000002.1:1.0000	SAMN38448564	1	4	74275	4	74275	1.0	1.0	4	complete
JBRJQG010000002.1:1.0000	SAMN38448477	1	6	74022	6	74022	1.0	1.0	5	complete
ACECUP020000003.1:1.0000	SAMN61074893	1	10	73763	5	26721	0.5	0.3623	5	partial
NZ_JBRERO010000004.1:1.0000	SAMN51250220	1	1	73508	1	73508	1.0	1.0	1	complete
CP114245.1:1.0000	SAMN26796540	1	7	71588	4	67381	0.5714	0.9412	4	partial
JCADRX010000003.1:1.0000	SAMN51867602	1	8	70827	8	70827	1.0	1.0	8	complete
JBRJQG010000003.1:1.0000	SAMN38448477	1	9	69771	9	69771	1.0	1.0	9	complete
NZ_CP159213.1:1.0000	SAMN41988840	1	7	69637	4	56498	0.5714	0.8113	3	partial
NZ_CP149569.1:0.9957	SAMN40323362	1	1	68991	1	68991	1.0	1.0	1	complete
NZ_JBRYYF010000003.1:1.0000	SAMN52951588	1	3	68458	3	68458	1.0	1.0	3	complete
NZ_JBTLFV010000004.1:0.9848	SAMN53300882	1	1	68177	1	68177	1.0	1.0	1	complete
NZ_JBRERM010000004.1:1.0000	SAMN51250222	1	7	66388	7	66388	1.0	1.0	7	complete
NZ_JBYTPC010000003.1:1.0000	SAMN54493115	1	11	66037	3	13018	0.2727	0.1971	3	partial
NZ_JBTLHM010000004.1:1.0000	SAMN53300925	1	10	65544	7	29686	0.7	0.4529	7	partial
NZ_JBTLFU010000003.1:1.0000	SAMN53300881	1	6	65442	6	65442	1.0	1.0	5	complete
NZ_JBREQR010000003.1:1.0000	SAMN51205876	1	3	64446	2	62785	0.6667	0.9742	2	partial
NZ_JBREQK010000004.1:1.0000	SAMN51205883	1	8	64071	6	18662	0.75	0.2913	6	partial
JBRJQX010000003.1:1.0000	SAMN38448533	1	3	62989	3	62989	1.0	1.0	3	complete
NZ_JBWLLU010000002.1:1.0000	SAMN29503401	1	11	62330	2	3648	0.1818	0.0585	2	partial
NZ_JBTLFV010000002.1:1.0000	SAMN53300882	1	5	61214	5	61214	1.0	1.0	5	complete
NZ_JBRXAB010000004.1:1.0000	SAMN50713132	1	5	60922	4	59912	0.8	0.9834	4	partial
AARDCH020000002.1:1.0000	SAMN12364538	1	8	60920	7	59831	0.875	0.9821	5	partial
NZ_JBWKMO010000004.1:1.0000	SAMN56646525	1	2	60614	2	60614	1.0	1.0	1	complete
NZ_JBRXAU010000002.1:1.0000	SAMN50713113	1	4	60588	4	60588	1.0	1.0	3	complete
NZ_JBRXAP010000002.1:1.0000	SAMN50713118	1	4	60588	4	60588	1.0	1.0	3	complete
NZ_JBRXAO010000002.1:1.0000	SAMN50713119	1	4	60588	4	60588	1.0	1.0	3	complete
NZ_JBRXAD010000002.1:1.0000	SAMN50713130	1	4	60588	4	60588	1.0	1.0	4	complete
NZ_JBRXAB010000002.1:1.0000	SAMN50713132	1	4	60588	4	60588	1.0	1.0	3	complete
JBRJRG010000004.1:1.0000	SAMN38448564	1	2	60445	2	60445	1.0	1.0	2	complete
NZ_JBYTPC010000004.1:1.0000	SAMN54493115	1	3	59571	3	59571	1.0	1.0	3	complete
JBRJQX010000004.1:1.0000	SAMN38448533	1	7	59482	7	59482	1.0	1.0	3	complete
NZ_JBTLHM010000002.1:1.0000	SAMN53300925	1	4	58891	4	58891	1.0	1.0	4	complete
CP114247.1:1.0000	SAMN26796540	1	6	57993	3	49902	0.5	0.8605	3	partial
NZ_JBRERQ010000004.1:1.0000	SAMN51250218	1	6	56751	6	56751	1.0	1.0	6	complete
ACECUP020000005.1:1.0000	SAMN61074893	1	1	56547	1	56547	1.0	1.0	1	complete
NZ_JBRERC010000002.1:1.0000	SAMN51205865	1	9	55772	3	22379	0.3333	0.4013	3	partial
AARLJX020000003.1:0.9883	SAMN10736992	1	1	54457	1	54457	1.0	1.0	1	complete
NZ_JBRERM010000005.1:1.0000	SAMN51250222	1	7	52589	5	16538	0.7143	0.3145	5	partial
JBRJPW010000003.1:1.0000	SAMN38448447	1	9	52397	9	52397	1.0	1.0	9	complete
NZ_JBREQN010000004.1:1.0000	SAMN51205880	1	4	48582	3	43409	0.75	0.8935	3	partial
NZ_JBSAOW010000005.1:1.0000	SAMN50779107	1	3	48391	2	24599	0.6667	0.5083	2	partial
ACECUP020000007.1:1.0000	SAMN61074893	1	1	47796	1	47796	1.0	1.0	1	complete
NZ_JBTLFV010000004.1:1.0000	SAMN53300882	1	4	47691	4	47691	1.0	1.0	4	complete
ACECUP020000006.1:1.0000	SAMN61074893	1	3	47618	2	45820	0.6667	0.9622	1	partial
NZ_JBRERN010000004.1:1.0000	SAMN51250221	1	4	47553	4	47553	1.0	1.0	4	complete
NZ_JBRERL010000006.1:1.0000	SAMN51250223	1	3	47444	2	45857	0.6667	0.9666	2	partial
NZ_JBRERF010000005.1:1.0000	SAMN51205862	1	1	47331	1	47331	1.0	1.0	1	complete
NZ_JBRERO010000005.1:1.0000	SAMN51250220	1	2	46879	2	46879	1.0	1.0	2	complete
NZ_JBSTNS010000002.1:1.0000	SAMN53177110	1	1	44676	1	44676	1.0	1.0	1	complete
NZ_JBREQL010000003.1:1.0000	SAMN51205882	1	1	44373	1	44373	1.0	1.0	1	complete
NZ_CP178685.1:1.0000	SAMN41579938	1	3	42981	2	37775	0.6667	0.8789	1	partial
NZ_JBREQN010000003.1:0.9994	SAMN51205880	1	1	40704	1	40704	1.0	1.0	1	complete
NZ_JBVWEU010000005.1:1.0000	SAMN39842013	1	1	40586	1	40586	1.0	1.0	1	complete
AARDCH020000004.1:1.0000	SAMN12364538	1	5	40310	3	28739	0.6	0.7129	3	partial
NZ_JBVWEU010000004.1:1.0000	SAMN39842013	1	3	39891	2	38757	0.6667	0.9716	2	partial
NZ_JBSAOW010000002.1:0.9995	SAMN50779107	1	1	38448	1	38448	1.0	1.0	1	complete
AARDCH020000003.1:1.0000	SAMN12364538	1	4	38299	4	38299	1.0	1.0	4	complete
NZ_CP178636.1:1.0000	SAMN41579872	1	7	38064	7	38064	1.0	1.0	7	complete
AARLJX020000002.1:1.0000	SAMN10736992	1	1	37774	1	37774	1.0	1.0	1	complete
NZ_JBLWKF010000004.1:1.0000	SAMN44789742	1	6	36555	3	18848	0.5	0.5156	2	partial
NZ_JBRERA010000002.1:1.0000	SAMN51205867	1	1	36327	1	36327	1.0	1.0	1	complete
JBRJRG010000006.1:1.0000	SAMN38448564	1	1	33992	1	33992	1.0	1.0	1	complete
NZ_CP159214.1:1.0000	SAMN41988840	1	1	33858	1	33858	1.0	1.0	1	complete
JBRJRG010000007.1:1.0000	SAMN38448564	1	1	33433	1	33433	1.0	1.0	1	complete
NZ_JBREQN010000003.1:1.0000	SAMN51205880	1	2	33405	2	33405	1.0	1.0	2	complete
NZ_JBVWFT010000003.1:1.0000	SAMN34137716	1	3	32621	2	31432	0.6667	0.9636	2	partial
NZ_JBRAWH010000003.1:1.0000	SAMN51335558	1	1	32511	1	32511	1.0	1.0	1	complete
NZ_JBRAWG010000003.1:1.0000	SAMN51335557	1	1	32489	1	32489	1.0	1.0	1	complete
JBRJRG010000005.1:1.0000	SAMN38448564	1	5	32139	4	28678	0.8	0.8923	2	partial
JAEJUI020000003.1:0.9949	SAMN09400867	1	1	31833	1	31833	1.0	1.0	1	complete
NZ_CP178637.1:1.0000	SAMN41579872	1	1	31174	0	0	0.0	0.0	0	missed
ACECUP020000008.1:1.0000	SAMN61074893	1	1	30494	0	0	0.0	0.0	0	missed
AARLJX020000003.1:1.0000	SAMN10736992	1	3	30416	3	30416	1.0	1.0	3	complete
NZ_JBWLMA010000002.1:1.0000	SAMN29503705	1	3	26496	2	22400	0.6667	0.8454	2	partial
NZ_CP149569.1:1.0000	SAMN40323362	1	2	25995	2	25995	1.0	1.0	2	complete
JAEJUI020000003.1:1.0000	SAMN09400867	1	2	25168	2	25168	1.0	1.0	2	complete
JBRJQX010000005.1:1.0000	SAMN38448533	1	1	24652	1	24652	1.0	1.0	1	complete
NZ_JBVWDY010000002.1:1.0000	SAMN46343321	1	3	22557	3	22557	1.0	1.0	2	complete
CP114244.1:1.0000	SAMN26796540	1	2	20888	1	19398	0.5	0.9287	1	partial
NZ_JBWLMA010000002.1:0.8182	SAMN29503705	1	1	20400	0	0	0.0	0.0	1	missed
JBRJRG010000002.1:0.9989	SAMN38448564	1	1	18191	1	18191	1.0	1.0	1	complete
NZ_JBYTPC010000004.1:0.9791	SAMN54493115	1	1	15830	1	15830	1.0	1.0	1	complete
NZ_JBREQR010000002.1:0.9998	SAMN51205876	1	1	14766	1	14766	1.0	1.0	1	complete
ACECUP020000009.1:1.0000	SAMN61074893	1	1	13508	1	13508	1.0	1.0	1	complete
NZ_CP178671.1:0.9983	SAMN41579913	1	1	12217	1	12217	1.0	1.0	1	complete
JAEJUI020000003.1:0.9990	SAMN09400867	1	1	11284	1	11284	1.0	1.0	1	complete
JAEJUI020000003.1:0.9987	SAMN09400867	1	1	10404	1	10404	1.0	1.0	1	complete
NZ_CP178686.1:1.0000	SAMN41579938	1	1	9502	1	9502	1.0	1.0	1	complete
NZ_CP149570.1:1.0000	SAMN40323362	1	1	9294	1	9294	1.0	1.0	1	complete
NZ_JBREQS010000003.1:1.0000	SAMN51205875	1	1	8969	1	8969	1.0	1.0	0	complete
AARDCH020000002.1:0.9953	SAMN12364538	1	1	8736	1	8736	1.0	1.0	1	complete
NZ_AP040900.1:0.9718	SAMD00521008	1	1	8461	1	8461	1.0	1.0	1	complete
NZ_JBREQN010000005.1:1.0000	SAMN51205880	1	1	8419	1	8419	1.0	1.0	1	complete
NZ_JBYTPC010000006.1:1.0000	SAMN54493115	1	1	8384	1	8384	1.0	1.0	1	complete
NZ_JBYTPC010000005.1:1.0000	SAMN54493115	1	1	8098	1	8098	1.0	1.0	1	complete
JBLWMJ010000003.1:1.0000	SAMN44789755	1	1	8014	0	0	0.0	0.0	0	missed
NZ_AP039442.1:1.0000	SAMD00819698	1	1	7318	1	7318	1.0	1.0	1	complete
NZ_JBWDPW010000002.1:1.0000	SAMN49035615	1	1	6902	1	6902	1.0	1.0	1	complete
NZ_JBWDPW010000001.1:1.0000	SAMN49035615	1	1	6836	1	6836	1.0	1.0	1	complete
NZ_JBREQR010000005.1:1.0000	SAMN51205876	1	1	6790	1	6790	1.0	1.0	0	complete
NZ_JBRERC010000003.1:1.0000	SAMN51205865	1	1	6768	1	6768	1.0	1.0	1	complete
NZ_JBLWKF010000005.1:1.0000	SAMN44789742	1	1	6647	1	6647	1.0	1.0	1	complete
NZ_JBRERC010000004.1:0.9979	SAMN51205865	1	1	6577	1	6577	1.0	1.0	1	complete
NZ_JBRYHU010000002.1:1.0000	SAMN50191066	1	1	6440	1	6440	1.0	1.0	1	complete
NZ_JBRAWH010000002.1:0.8483	SAMN51335558	1	1	6343	1	6343	1.0	1.0	1	complete
NZ_JBWLLQ010000002.1:1.0000	SAMN29503460	1	1	6200	1	6200	1.0	1.0	1	complete
NZ_JBREQL010000004.1:1.0000	SAMN51205882	1	1	6200	1	6200	1.0	1.0	0	complete
NZ_CP178644.1:1.0000	SAMN41579880	1	1	6073	1	6073	1.0	1.0	1	complete
NZ_CP178638.1:1.0000	SAMN41579872	1	1	5926	1	5926	1.0	1.0	1	complete
NZ_JBRERL010000007.1:1.0000	SAMN51250223	1	1	5884	1	5884	1.0	1.0	1	complete
NZ_CP159215.1:1.0000	SAMN41988840	1	1	5716	1	5716	1.0	1.0	1	complete
NZ_JBREQK010000005.1:1.0000	SAMN51205883	1	1	5652	1	5652	1.0	1.0	1	complete
JBRJPW010000004.1:1.0000	SAMN38448447	1	1	5630	1	5630	1.0	1.0	1	complete
NZ_JBWLLH010000003.1:1.0000	SAMN46343046	1	1	5604	1	5604	1.0	1.0	1	complete
NZ_JBWLLU010000003.1:1.0000	SAMN29503401	1	1	5597	1	5597	1.0	1.0	1	complete
NZ_JBWLLH010000002.1:1.0000	SAMN46343046	1	1	5573	1	5573	1.0	1.0	1	complete
NZ_JBTLGS010000005.1:1.0000	SAMN53300905	1	1	5545	1	5545	1.0	1.0	1	complete
NZ_JBRERM010000006.1:1.0000	SAMN51250222	1	1	5271	1	5271	1.0	1.0	1	complete
NZ_JBRAWG010000002.1:1.0000	SAMN51335557	1	1	5255	1	5255	1.0	1.0	1	complete
JBRJPW010000005.1:1.0000	SAMN38448447	1	1	5170	1	5170	1.0	1.0	1	complete
JAEJUI020000004.1:1.0000	SAMN09400867	1	1	5167	1	5167	1.0	1.0	1	complete
NZ_JBLWKF010000006.1:1.0000	SAMN44789742	1	1	5167	1	5167	1.0	1.0	1	complete
NZ_JBVWEU010000008.1:1.0000	SAMN39842013	1	1	5166	1	5166	1.0	1.0	1	complete
NZ_JBWLLH010000004.1:1.0000	SAMN46343046	1	1	5165	1	5165	1.0	1.0	1	complete
NZ_JBVWEU010000009.1:1.0000	SAMN39842013	1	1	5152	1	5152	1.0	1.0	1	complete
NZ_JBWKMO010000005.1:1.0000	SAMN56646525	1	1	5105	1	5105	1.0	1.0	1	complete
NZ_AP040900.1:0.9741	SAMD00521008	1	1	5093	1	5093	1.0	1.0	1	complete
JBRJQG010000004.1:1.0000	SAMN38448477	1	1	5046	1	5046	1.0	1.0	1	complete
NZ_JBREQZ010000003.1:1.0000	SAMN51205868	1	1	4772	1	4772	1.0	1.0	1	complete
NZ_JBRERO010000006.1:1.0000	SAMN51250220	1	1	4686	1	4686	1.0	1.0	1	complete
AARDCH020000004.1:0.9318	SAMN12364538	1	1	4591	1	4591	1.0	1.0	1	complete
NZ_JBTLFU010000004.1:0.8107	SAMN53300881	1	1	4548	0	0	0.0	0.0	0	missed
NZ_JBRERM010000007.1:1.0000	SAMN51250222	1	1	4510	1	4510	1.0	1.0	1	complete
NZ_JBREQW010000003.1:1.0000	SAMN51205871	1	1	4508	1	4508	1.0	1.0	1	complete
ACECUP020000011.1:1.0000	SAMN61074893	1	1	4391	1	4391	1.0	1.0	1	complete
NZ_JBRXAB010000005.1:1.0000	SAMN50713132	1	1	4301	1	4301	1.0	1.0	1	complete
NZ_JBRXAP010000004.1:1.0000	SAMN50713118	1	1	4299	1	4299	1.0	1.0	1	complete
NZ_JBYTPC010000007.1:1.0000	SAMN54493115	1	1	4244	1	4244	1.0	1.0	1	complete
NZ_JBWLLH010000005.1:1.0000	SAMN46343046	1	1	4237	1	4237	1.0	1.0	1	complete
NZ_JBRERN010000005.1:1.0000	SAMN51250221	1	1	4232	1	4232	1.0	1.0	1	complete
NZ_CP178687.1:1.0000	SAMN41579938	1	1	4197	1	4197	1.0	1.0	1	complete
NZ_JBRERN010000006.1:1.0000	SAMN51250221	1	1	4197	1	4197	1.0	1.0	1	complete
CP114247.1:0.9597	SAMN26796540	1	1	4171	0	0	0.0	0.0	0	missed
NZ_JBREQN010000006.1:1.0000	SAMN51205880	1	1	4098	1	4098	1.0	1.0	1	complete
JBRJQX010000006.1:1.0000	SAMN38448533	1	1	4091	1	4091	1.0	1.0	1	complete
JAEJUI020000005.1:1.0000	SAMN09400867	1	1	4082	1	4082	1.0	1.0	1	complete
ACDGVC020000003.1:1.0000	SAMN59744460	1	1	4082	1	4082	1.0	1.0	1	complete
ACECUP020000012.1:1.0000	SAMN61074893	1	1	4076	1	4076	1.0	1.0	1	complete
ACBOWI020000003.1:1.0000	SAMN53649220	1	1	4075	1	4075	1.0	1.0	1	complete
JBRJQG010000005.1:1.0000	SAMN38448477	1	1	4074	1	4074	1.0	1.0	1	complete
NZ_JBWLMA010000003.1:1.0000	SAMN29503705	1	1	4073	1	4073	1.0	1.0	1	complete
JBRJQX010000007.1:1.0000	SAMN38448533	1	1	4073	1	4073	1.0	1.0	1	complete
ACECUP020000013.1:1.0000	SAMN61074893	1	1	4073	1	4073	1.0	1.0	1	complete
NZ_JBTLGS010000004.1:1.0000	SAMN53300905	1	1	4072	1	4072	1.0	1.0	1	complete
NZ_CP159216.1:1.0000	SAMN41988840	1	1	4071	1	4071	1.0	1.0	1	complete
NZ_JBREQZ010000004.1:1.0000	SAMN51205868	1	1	4064	1	4064	1.0	1.0	1	complete
ACECUP020000014.1:1.0000	SAMN61074893	1	1	4029	1	4029	1.0	1.0	1	complete
NZ_JBWLMA010000004.1:1.0000	SAMN29503705	1	1	4018	1	4018	1.0	1.0	1	complete
NZ_JBSAOW010000002.1:0.9822	SAMN50779107	1	1	3879	0	0	0.0	0.0	0	missed
ACECUP020000010.1:1.0000	SAMN61074893	1	1	3744	1	3744	1.0	1.0	1	complete
NZ_JBSTNS010000003.1:1.0000	SAMN53177110	1	1	3608	1	3608	1.0	1.0	1	complete
NZ_CP178661.1:1.0000	SAMN41579899	1	1	3461	0	0	0.0	0.0	0	missed
NZ_JBSAOW010000006.1:1.0000	SAMN50779107	1	1	3412	1	3412	1.0	1.0	1	complete
NZ_CP178688.1:1.0000	SAMN41579938	1	1	3374	1	3374	1.0	1.0	1	complete
NZ_AP039443.1:1.0000	SAMD00819698	1	1	3372	1	3372	1.0	1.0	1	complete
NZ_JBRXAB010000006.1:1.0000	SAMN50713132	1	1	3371	1	3371	1.0	1.0	1	complete
NZ_AP040900.1:0.9908	SAMD00521008	1	1	3370	0	0	0.0	0.0	0	missed
CP114245.1:0.9976	SAMN26796540	1	1	3293	1	3293	1.0	1.0	1	complete
NZ_JBWLMA010000005.1:1.0000	SAMN29503705	1	1	3282	1	3282	1.0	1.0	1	complete
NZ_JBRERO010000007.1:1.0000	SAMN51250220	1	1	3244	1	3244	1.0	1.0	1	complete
NZ_JBWLLQ010000003.1:1.0000	SAMN29503460	1	1	3205	1	3205	1.0	1.0	1	complete
NZ_CP159217.1:1.0000	SAMN41988840	1	1	3187	1	3187	1.0	1.0	1	complete
NZ_CP178653.1:1.0000	SAMN41579890	1	1	3176	1	3176	1.0	1.0	1	complete
JBLWMJ010000004.1:1.0000	SAMN44789755	1	1	3146	1	3146	1.0	1.0	1	complete
NZ_AP039444.1:1.0000	SAMD00819698	1	1	3131	1	3131	1.0	1.0	1	complete
NZ_JBREQK010000006.1:1.0000	SAMN51205883	1	1	3111	1	3111	1.0	1.0	1	complete
NZ_CP178645.1:1.0000	SAMN41579880	1	1	3071	1	3071	1.0	1.0	0	complete
NZ_AP040899.1:1.0000	SAMD00521008	1	2	3069	2	3069	1.0	1.0	2	complete
NZ_AP040900.1:0.9843	SAMD00521008	1	1	2939	1	2939	1.0	1.0	1	complete
NZ_JBSTNS010000004.1:1.0000	SAMN53177110	1	1	2830	0	0	0.0	0.0	0	missed
ACECUP020000015.1:1.0000	SAMN61074893	1	1	2821	0	0	0.0	0.0	0	missed
CP114247.1:0.9932	SAMN26796540	1	1	2814	1	2814	1.0	1.0	1	complete
NZ_JBREQZ010000005.1:1.0000	SAMN51205868	1	1	2813	1	2813	1.0	1.0	1	complete
NZ_JBRERF010000006.1:1.0000	SAMN51205862	1	1	2751	1	2751	1.0	1.0	1	complete
NZ_JBVWDY010000003.1:1.0000	SAMN46343321	1	1	2728	1	2728	1.0	1.0	1	complete
NZ_JBRXAP010000005.1:1.0000	SAMN50713118	1	1	2590	1	2590	1.0	1.0	1	complete
NZ_JBREQR010000006.1:1.0000	SAMN51205876	1	1	2566	1	2566	1.0	1.0	1	complete
ACDGVC020000004.1:1.0000	SAMN59744460	1	1	2565	1	2565	1.0	1.0	1	complete
NZ_JBWLLU010000004.1:1.0000	SAMN29503401	1	1	2560	1	2560	1.0	1.0	1	complete
NZ_JBRERC010000005.1:1.0000	SAMN51205865	1	1	2548	1	2548	1.0	1.0	1	complete
ACECUP020000016.1:1.0000	SAMN61074893	1	1	2442	1	2442	1.0	1.0	1	complete
ACECUP020000017.1:1.0000	SAMN61074893	1	1	2426	1	2426	1.0	1.0	1	complete
NZ_CP178673.1:1.0000	SAMN41579913	1	1	2337	1	2337	1.0	1.0	1	complete
NZ_JBREQR010000007.1:1.0000	SAMN51205876	1	1	2332	1	2332	1.0	1.0	1	complete
NZ_JBRYHU010000003.1:1.0000	SAMN50191066	1	1	2311	1	2311	1.0	1.0	1	complete
JBRJQX010000008.1:1.0000	SAMN38448533	1	1	2258	1	2258	1.0	1.0	1	complete
NZ_CP178640.1:1.0000	SAMN41579872	1	1	2257	1	2257	1.0	1.0	1	complete
NZ_CP178646.1:1.0000	SAMN41579880	1	1	2246	1	2246	1.0	1.0	1	complete
NZ_CP178639.1:1.0000	SAMN41579872	1	1	2208	1	2208	1.0	1.0	1	complete
CP114248.1:1.0000	SAMN26796540	1	2	2183	2	2183	1.0	1.0	0	complete
JAEJUI020000003.1:0.9986	SAMN09400867	1	1	2131	1	2131	1.0	1.0	1	complete
JBRJQG010000006.1:1.0000	SAMN38448477	1	1	2101	1	2101	1.0	1.0	1	complete
NZ_JBRERC010000006.1:1.0000	SAMN51205865	1	1	2101	1	2101	1.0	1.0	1	complete
NZ_JBREQK010000007.1:1.0000	SAMN51205883	1	1	2101	1	2101	1.0	1.0	1	complete
NZ_JBRERM010000008.1:1.0000	SAMN51250222	1	1	2101	1	2101	1.0	1.0	1	complete
ACDGVC020000005.1:1.0000	SAMN59744460	1	1	2101	1	2101	1.0	1.0	1	complete
NZ_JBWLLQ010000004.1:1.0000	SAMN29503460	1	1	2088	1	2088	1.0	1.0	1	complete
NZ_JBRERQ010000005.1:1.0000	SAMN51250218	1	1	2088	1	2088	1.0	1.0	1	complete
JAEJUI020000003.1:0.9869	SAMN09400867	1	1	2064	1	2064	1.0	1.0	1	complete
JAEJUI020000002.1:0.9942	SAMN09400867	1	1	2060	1	2060	1.0	1.0	1	complete
CP114247.1:0.9616	SAMN26796540	1	1	2057	1	2057	1.0	1.0	1	complete
NZ_JBWLLQ010000005.1:1.0000	SAMN29503460	1	1	2029	1	2029	1.0	1.0	1	complete
NZ_JBREQW010000004.1:1.0000	SAMN51205871	1	1	2028	1	2028	1.0	1.0	1	complete
NZ_JBREQK010000008.1:1.0000	SAMN51205883	1	1	2012	1	2012	1.0	1.0	1	complete
NZ_JBWLLH010000007.1:1.0000	SAMN46343046	1	1	1921	1	1921	1.0	1.0	1	complete
NZ_AP040900.1:0.9831	SAMD00521008	1	1	1829	1	1829	1.0	1.0	1	complete
NZ_CP178641.1:1.0000	SAMN41579872	1	1	1565	1	1565	1.0	1.0	1	complete
NZ_JBWLLQ010000006.1:1.0000	SAMN29503460	1	1	1552	1	1552	1.0	1.0	1	complete
NZ_CP178647.1:1.0000	SAMN41579880	1	1	1552	1	1552	1.0	1.0	1	complete
NZ_CP178674.1:1.0000	SAMN41579913	1	1	1552	1	1552	1.0	1.0	1	complete
NZ_JBRERM010000009.1:1.0000	SAMN51250222	1	1	1552	1	1552	1.0	1.0	1	complete
NZ_AP039445.1:1.0000	SAMD00819698	1	1	1549	1	1549	1.0	1.0	1	complete
JAEJUI020000006.1:1.0000	SAMN09400867	1	1	1549	1	1549	1.0	1.0	1	complete
JBRJPW010000006.1:1.0000	SAMN38448447	1	1	1549	1	1549	1.0	1.0	1	complete
NZ_JBWLLH010000008.1:1.0000	SAMN46343046	1	1	1549	1	1549	1.0	1.0	1	complete
NZ_JBRERC010000007.1:1.0000	SAMN51205865	1	1	1549	1	1549	1.0	1.0	1	complete
NZ_JBLWKF010000007.1:1.0000	SAMN44789742	1	1	1533	1	1533	1.0	1.0	1	complete
JBRJPW010000007.1:1.0000	SAMN38448447	1	1	1506	1	1506	1.0	1.0	1	complete
NZ_CP178689.1:1.0000	SAMN41579938	1	1	1506	1	1506	1.0	1.0	1	complete
NZ_AP039446.1:1.0000	SAMD00819698	1	1	1459	1	1459	1.0	1.0	1	complete
NZ_JBWLMA010000006.1:1.0000	SAMN29503705	1	1	1459	1	1459	1.0	1.0	1	complete
NZ_JBREQK010000009.1:1.0000	SAMN51205883	1	1	1239	1	1239	1.0	1.0	1	complete
NZ_AP040900.1:0.9841	SAMD00521008	1	1	1198	0	0	0.0	0.0	0	missed
NZ_AP040900.1:0.9975	SAMD00521008	1	1	1185	1	1185	1.0	1.0	1	complete
NZ_AP040900.1:0.9701	SAMD00521008	1	1	1172	0	0	0.0	0.0	0	missed
