row	class	coverage	PPV	PPV_ci_low	PPV_ci_high	recall	recall_ci_low	recall_ci_high	F1
v1.2-General@0.9285	PlasmidCall	1.0	0.9769888231426693	0.9641574766290805	0.9871803499327053	0.6630968317715306	0.6205224426540249	0.7051986827023455	0.7900053163211058
v1.1@0.9524	PlasmidCall	1.0	0.9705882352941176	0.9493460784313725	0.9882754415351612	0.2797858099062918	0.20638268686476655	0.3546086380167309	0.43436092829927253
v1.1@0.9605_high_conf	PlasmidCall	1.0	0.9706896551724138	0.9495256420472389	0.9883382868321274	0.25122713074520303	0.18281988650026243	0.3221857659853125	0.3991492378589153
router	PlasmidCall	1.0	0.981159420289855	0.9688106120736057	0.9909174385627972	0.604194556001785	0.5593670066564193	0.6471180244728088	0.7478597072631871
tool:HyAsP	third-party tool	1.0	0.8446389496717724	0.8059144839511554	0.8783041969640677	0.6889781347612673	0.6514055631684789	0.7257132170569095	0.7589088228065864
tool:MOB-recon	third-party tool	0.908654	0.8859981078524125	0.8620864895400406	0.9070467232672775	0.8357875948237394	0.8028620903434088	0.8643000395023364	0.8601607347876004
tool:PLASMe	third-party tool	1.0	0.6495701156240735	0.6129234151304084	0.6830628632984606	0.9776885319053994	0.9636285836542576	0.9899579011840062	0.7805486284289276
tool:PlaScope	third-party tool	0.63259	0.4985983179815779	0.43559036416595365	0.5507935594713849	0.9346846846846847	0.9140828890602741	0.9524456755835556	0.6503003395142334
tool:Plasmer	third-party tool	1.0	0.8495854717726017	0.8172484789422675	0.8773121214870007	0.9602855867916109	0.9404472627528332	0.9774270608801915	0.9015500628403854
tool:PlasmidEC	third-party tool	1.0	0.7279279279279279	0.6814215162177566	0.7712355798065749	0.9013833110218652	0.8775042948791094	0.9236268065895576	0.8054226475279106
tool:PlasmidFinder	third-party tool	0.976096	0.9148264984227129	0.879254393759412	0.9482300573146669	0.13235965312642628	0.11874479843813823	0.14828214196098113	0.23125996810207336
tool:Platon	third-party tool	1.0	0.93626138189609	0.9106233078515688	0.9567522549673864	0.7800089245872378	0.7488356718219712	0.8088074343588945	0.8510223953261928
tool:RFPlasmid	third-party tool	1.0	0.6659597030752916	0.6172913905150502	0.7121953950782509	0.8406961178045516	0.8038890436728363	0.875058221698364	0.7431952662721895
tool:geNomad	third-party tool	1.0	0.6074685193226227	0.5636533861868626	0.6454547476544809	0.6242748772869254	0.5966768552621873	0.6519124995533109	0.6157570422535211
tool:gplas2	third-party tool	0.790631	0.7570573139435415	0.7129670009786159	0.7985911039621053	0.9081580297588507	0.8841495406388781	0.930312290288563	0.8257522743177047
tool:plASgraph2	third-party tool	0.941842	0.8754208754208754	0.846479614889403	0.9013203388168899	0.6770833333333334	0.6160143322204383	0.7330265514239522	0.763582966226138
baseline:majority_vote	baseline	1.0	0.897787610619469	0.8685896327546857	0.9227209770936464	0.9053993752788934	0.8808280326707653	0.9275293591044945	0.9015774272383915
baseline:any_tool_plasmid	baseline	1.0	0.41857841293719444	0.3819916648387804	0.45296883170570224	0.9933065595716198	0.9857573200675944	0.9995370903737839	0.5889667945495436
baseline:all_chromosome	baseline	1.0				0.0	0.0	0.0	
