panel	stratum	n_scored	PPV	recall	adequate_denominator
a	length=1-<2kb	1350	0.9806949806949807	0.5404255319148936	True
a	length=2-<5kb	1344	0.9710743801652892	0.6791907514450867	True
a	length=5-<10kb	1037	0.9751552795031055	0.6916299559471366	True
a	length=10-<50kb	2751	0.9794344473007712	0.7094972067039106	True
a	length=>=50kb	2889	1.0	0.7613636363636364	True
b	depth=30_to_50x	400	1.0	0.6951219512195121	True
b	depth=50_to_75x	1953	0.9794344473007712	0.7559523809523809	True
b	depth=75_to_100x	1426	0.9703389830508474	0.6450704225352113	True
b	depth=ge_100x	5592	0.9761620977353993	0.63	True
c	mode=downsampled	5592	0.9761620977353993	0.63	True
c	mode=passthrough	3779	0.9780058651026393	0.7088204038257173	True
c	fragmentation=low_fragmentation	1207	0.96875	0.6458333333333334	True
c	fragmentation=mid_fragmentation	2334	0.973293768545994	0.6381322957198443	True
c	fragmentation=high_fragmentation	5830	0.9785714285714285	0.6719803801348866	True
