panel	stratum	contigs	plasmid_derived	chromosomal	plasmid_fraction
a	Citrobacter spp.	94	54	40	0.5745
a	Enterococcus faecium	178	95	83	0.5337
a	Klebsiella pneumoniae	138	62	76	0.4493
a	Enterococcus faecalis	87	27	60	0.3103
a	Enterobacter spp.	82	24	58	0.2927
a	Serratia spp.	56	4	52	0.0714
b	SULFONAMIDE	31	29	2	0.9355
b	QUATERNARY AMMONIUM	20	18	2	0.9
b	GLYCOPEPTIDE	32	28	4	0.875
b	PHENICOL	39	32	7	0.8205
b	LINCOSAMIDE/MACROLIDE/STREPTOGRAMIN	35	27	8	0.7714
b	TRIMETHOPRIM	44	27	17	0.6136
b	QUINOLONE	33	20	13	0.6061
b	AMINOGLYCOSIDE	134	77	57	0.5746
b	BETA-LACTAM	153	55	98	0.3595
b	TETRACYCLINE	72	24	48	0.3333
b	LINCOSAMIDE/STREPTOGRAMIN	33	6	27	0.1818
b	MACROLIDE/STREPTOGRAMIN	29	4	25	0.1379
b	FOSFOMYCIN	48	0	48	0.0
b	NITROFURAN/PHENICOL/QUINOLONE/TETRACYCLINE	43	0	43	0.0
c	vanA-type	98	98	0	1.0
c	vanB-type	14	0	14	0.0
c	vanD-type	5	0	5	0.0
