biological_sample_id,archive_sample_id_raw,archive_sample_id_normalized,species,partition,source_study,n_graph_representations,independent_units,vs_PLASEVAL_biosample,vs_PLASEVAL_shortread,vs_PLASEVAL_longread,vs_CG137_assembly_or_biosample,vs_DEV250_any,excluded_for_plASgraph2_training,sequence_relatedness,status
bacillus_bant-SAMN03024436,SAMN03024436,SAMN03024436,Bacillus anthracis,bacillus-test,Johnson2015,2,1,NO_MATCH,NO_MATCH,NO_MATCH,NO_MATCH,NO_MATCH,NO,SEQUENCE_RELATEDNESS_PENDING,INDEPENDENT_BY_IDENTIFIER
bacillus_bant-SAMN03092715,SAMN03092715,SAMN03092715,Bacillus anthracis,bacillus-test,Johnson2015,2,1,NO_MATCH,NO_MATCH,NO_MATCH,NO_MATCH,NO_MATCH,NO,SEQUENCE_RELATEDNESS_PENDING,INDEPENDENT_BY_IDENTIFIER
bacillus_bcer-SAMD00203322,SAMD00203322,SAMD00203322,Bacillus cereus,bacillus-test,Furuta2022,2,1,NO_MATCH,NO_MATCH,NO_MATCH,NO_MATCH,NO_MATCH,NO,SEQUENCE_RELATEDNESS_PENDING,INDEPENDENT_BY_IDENTIFIER
bacillus_bcer-SAMD00203323,SAMD00203323,SAMD00203323,Bacillus cereus,bacillus-test,Furuta2022,2,1,NO_MATCH,NO_MATCH,NO_MATCH,NO_MATCH,NO_MATCH,NO,SEQUENCE_RELATEDNESS_PENDING,INDEPENDENT_BY_IDENTIFIER
bacillus_bcer-SAMD00203324,SAMD00203324,SAMD00203324,Bacillus cereus,bacillus-test,Furuta2022,2,1,NO_MATCH,NO_MATCH,NO_MATCH,NO_MATCH,NO_MATCH,NO,SEQUENCE_RELATEDNESS_PENDING,INDEPENDENT_BY_IDENTIFIER
bacillus_bcer-SAMD00203325,SAMD00203325,SAMD00203325,Bacillus cereus,bacillus-test,Furuta2022,2,1,NO_MATCH,NO_MATCH,NO_MATCH,NO_MATCH,NO_MATCH,NO,SEQUENCE_RELATEDNESS_PENDING,INDEPENDENT_BY_IDENTIFIER
bacillus_bcer-SAMD00203326,SAMD00203326,SAMD00203326,Bacillus cereus,bacillus-test,Furuta2022,2,1,NO_MATCH,NO_MATCH,NO_MATCH,NO_MATCH,NO_MATCH,NO,SEQUENCE_RELATEDNESS_PENDING,INDEPENDENT_BY_IDENTIFIER
bacillus_bcer-SAMD00203327,SAMD00203327,SAMD00203327,Bacillus cereus,bacillus-test,Furuta2022,2,1,NO_MATCH,NO_MATCH,NO_MATCH,NO_MATCH,NO_MATCH,NO,SEQUENCE_RELATEDNESS_PENDING,INDEPENDENT_BY_IDENTIFIER
bacillus_bcer-SAMD00203328,SAMD00203328,SAMD00203328,Bacillus cereus,bacillus-test,Furuta2022,2,1,NO_MATCH,NO_MATCH,NO_MATCH,NO_MATCH,NO_MATCH,NO,SEQUENCE_RELATEDNESS_PENDING,INDEPENDENT_BY_IDENTIFIER
bacillus_bcer-SAMD00203329,SAMD00203329,SAMD00203329,Bacillus cereus,bacillus-test,Furuta2022,2,1,NO_MATCH,NO_MATCH,NO_MATCH,NO_MATCH,NO_MATCH,NO,SEQUENCE_RELATEDNESS_PENDING,INDEPENDENT_BY_IDENTIFIER
bacillus_bcer-SAMD00203330,SAMD00203330,SAMD00203330,Bacillus cereus,bacillus-test,Furuta2022,2,1,NO_MATCH,NO_MATCH,NO_MATCH,NO_MATCH,NO_MATCH,NO,SEQUENCE_RELATEDNESS_PENDING,INDEPENDENT_BY_IDENTIFIER
bacillus_bcer-SAMD00203331,SAMD00203331,SAMD00203331,Bacillus cereus,bacillus-test,Furuta2022,2,1,NO_MATCH,NO_MATCH,NO_MATCH,NO_MATCH,NO_MATCH,NO,SEQUENCE_RELATEDNESS_PENDING,INDEPENDENT_BY_IDENTIFIER
bacillus_bcer-SAMD00203332,SAMD00203332,SAMD00203332,Bacillus cereus,bacillus-test,Furuta2022,2,1,NO_MATCH,NO_MATCH,NO_MATCH,NO_MATCH,NO_MATCH,NO,SEQUENCE_RELATEDNESS_PENDING,INDEPENDENT_BY_IDENTIFIER
bacillus_bcer-SAMD00203333,SAMD00203333,SAMD00203333,Bacillus cereus,bacillus-test,Furuta2022,2,1,NO_MATCH,NO_MATCH,NO_MATCH,NO_MATCH,NO_MATCH,NO,SEQUENCE_RELATEDNESS_PENDING,INDEPENDENT_BY_IDENTIFIER
bacillus_bcer-SAMD00203334,SAMD00203334,SAMD00203334,Bacillus cereus,bacillus-test,Furuta2022,2,1,NO_MATCH,NO_MATCH,NO_MATCH,NO_MATCH,NO_MATCH,NO,SEQUENCE_RELATEDNESS_PENDING,INDEPENDENT_BY_IDENTIFIER
bacillus_bcer-SAMD00203335,SAMD00203335,SAMD00203335,Bacillus cereus,bacillus-test,Furuta2022,2,1,NO_MATCH,NO_MATCH,NO_MATCH,NO_MATCH,NO_MATCH,NO,SEQUENCE_RELATEDNESS_PENDING,INDEPENDENT_BY_IDENTIFIER
bacillus_bcer-SAMD00203336,SAMD00203336,SAMD00203336,Bacillus cereus,bacillus-test,Furuta2022,2,1,NO_MATCH,NO_MATCH,NO_MATCH,NO_MATCH,NO_MATCH,NO,SEQUENCE_RELATEDNESS_PENDING,INDEPENDENT_BY_IDENTIFIER
bacillus_bcer-SAMD00203337,SAMD00203337,SAMD00203337,Bacillus cereus,bacillus-test,Furuta2022,2,1,NO_MATCH,NO_MATCH,NO_MATCH,NO_MATCH,NO_MATCH,NO,SEQUENCE_RELATEDNESS_PENDING,INDEPENDENT_BY_IDENTIFIER
bacillus_bcer-SAMD00203338,SAMD00203338,SAMD00203338,Bacillus cereus,bacillus-test,Furuta2022,2,1,NO_MATCH,NO_MATCH,NO_MATCH,NO_MATCH,NO_MATCH,NO,SEQUENCE_RELATEDNESS_PENDING,INDEPENDENT_BY_IDENTIFIER
bacillus_bcer-SAMD00203339,SAMD00203339,SAMD00203339,Bacillus cereus,bacillus-test,Furuta2022,2,1,NO_MATCH,NO_MATCH,NO_MATCH,NO_MATCH,NO_MATCH,NO,SEQUENCE_RELATEDNESS_PENDING,INDEPENDENT_BY_IDENTIFIER
bacillus_bcer-SAMD00203340,SAMD00203340,SAMD00203340,Bacillus cereus,bacillus-test,Furuta2022,2,1,NO_MATCH,NO_MATCH,NO_MATCH,NO_MATCH,NO_MATCH,NO,SEQUENCE_RELATEDNESS_PENDING,INDEPENDENT_BY_IDENTIFIER
bacillus_bcer-SAMD00203341,SAMD00203341,SAMD00203341,Bacillus cereus,bacillus-test,Furuta2022,2,1,NO_MATCH,NO_MATCH,NO_MATCH,NO_MATCH,NO_MATCH,NO,SEQUENCE_RELATEDNESS_PENDING,INDEPENDENT_BY_IDENTIFIER
bacillus_bcer-SAMD00203342,SAMD00203342,SAMD00203342,Bacillus cereus,bacillus-test,Furuta2022,2,1,NO_MATCH,NO_MATCH,NO_MATCH,NO_MATCH,NO_MATCH,NO,SEQUENCE_RELATEDNESS_PENDING,INDEPENDENT_BY_IDENTIFIER
bacillus_bcer-SAMD00203343,SAMD00203343,SAMD00203343,Bacillus cereus,bacillus-test,Furuta2022,2,1,NO_MATCH,NO_MATCH,NO_MATCH,NO_MATCH,NO_MATCH,NO,SEQUENCE_RELATEDNESS_PENDING,INDEPENDENT_BY_IDENTIFIER
bacillus_bcer-SAMD00203344,SAMD00203344,SAMD00203344,Bacillus cereus,bacillus-test,Furuta2022,2,1,NO_MATCH,NO_MATCH,NO_MATCH,NO_MATCH,NO_MATCH,NO,SEQUENCE_RELATEDNESS_PENDING,INDEPENDENT_BY_IDENTIFIER
bacillus_bcer-SAMD00203345,SAMD00203345,SAMD00203345,Bacillus cereus,bacillus-test,Furuta2022,2,1,NO_MATCH,NO_MATCH,NO_MATCH,NO_MATCH,NO_MATCH,NO,SEQUENCE_RELATEDNESS_PENDING,INDEPENDENT_BY_IDENTIFIER
bacillus_bcer-SAMN03085852,SAMN03085852,SAMN03085852,Bacillus cereus,bacillus-test,Johnson2015,2,1,NO_MATCH,NO_MATCH,NO_MATCH,NO_MATCH,NO_MATCH,NO,SEQUENCE_RELATEDNESS_PENDING,INDEPENDENT_BY_IDENTIFIER
bacillus_bcer-SAMN03085864,SAMN03085864,SAMN03085864,Bacillus cereus,bacillus-test,Johnson2015,2,1,NO_MATCH,NO_MATCH,NO_MATCH,NO_MATCH,NO_MATCH,NO,SEQUENCE_RELATEDNESS_PENDING,INDEPENDENT_BY_IDENTIFIER
bacillus_bcer-SAMN03092702,SAMN03092702,SAMN03092702,Bacillus cereus,bacillus-test,Johnson2015,2,1,NO_MATCH,NO_MATCH,NO_MATCH,NO_MATCH,NO_MATCH,NO,SEQUENCE_RELATEDNESS_PENDING,INDEPENDENT_BY_IDENTIFIER
bacillus_bsub-SAMN13190552,SAMN13190552,SAMN13190552,Bacillus subtilis,bacillus-test,Kiesewalter2020,2,1,NO_MATCH,NO_MATCH,NO_MATCH,NO_MATCH,NO_MATCH,NO,SEQUENCE_RELATEDNESS_PENDING,INDEPENDENT_BY_IDENTIFIER
bacillus_bsub-SAMN13190559,SAMN13190559,SAMN13190559,Bacillus subtilis,bacillus-test,Kiesewalter2020,2,1,NO_MATCH,NO_MATCH,NO_MATCH,NO_MATCH,NO_MATCH,NO,SEQUENCE_RELATEDNESS_PENDING,INDEPENDENT_BY_IDENTIFIER
bacillus_bsub-SAMN13190561,SAMN13190561,SAMN13190561,Bacillus subtilis,bacillus-test,Kiesewalter2020,2,1,NO_MATCH,NO_MATCH,NO_MATCH,NO_MATCH,NO_MATCH,NO,SEQUENCE_RELATEDNESS_PENDING,INDEPENDENT_BY_IDENTIFIER
bacillus_bthu-SAMN03085882,SAMN03085882,SAMN03085882,Bacillus thuringiensis,bacillus-test,Johnson2015,2,1,NO_MATCH,NO_MATCH,NO_MATCH,NO_MATCH,NO_MATCH,NO,SEQUENCE_RELATEDNESS_PENDING,INDEPENDENT_BY_IDENTIFIER
bacillus_bthu-SAMN03216682,SAMN03216682,SAMN03216682,Bacillus thuringiensis,bacillus-test,Johnson2015,2,1,NO_MATCH,NO_MATCH,NO_MATCH,NO_MATCH,NO_MATCH,NO,SEQUENCE_RELATEDNESS_PENDING,INDEPENDENT_BY_IDENTIFIER
robertson-benchmark_cfre-SAMN02713684,SAMN02713684,SAMN02713684,Citrobacter freundii,cfre-test,Robertson2018,2,1,NO_MATCH,NO_MATCH,NO_MATCH,NO_MATCH,NO_MATCH,NO,SEQUENCE_RELATEDNESS_PENDING,INDEPENDENT_BY_IDENTIFIER
robertson-benchmark_cfre-SAMN04014863,SAMN04014863,SAMN04014863,Citrobacter freundii,cfre-test,Robertson2018,2,1,NO_MATCH,NO_MATCH,NO_MATCH,NO_MATCH,NO_MATCH,NO,SEQUENCE_RELATEDNESS_PENDING,INDEPENDENT_BY_IDENTIFIER
shaw-2021_cfre-SAMN15148082,SAMN15148082,SAMN15148082,Citrobacter freundii,cfre-test,Shaw2021,2,1,NO_MATCH,NO_MATCH,NO_MATCH,NO_MATCH,NO_MATCH,NO,SEQUENCE_RELATEDNESS_PENDING,INDEPENDENT_BY_IDENTIFIER
shaw-2021_cfre-SAMN15148084,SAMN15148084,SAMN15148084,Citrobacter freundii,cfre-test,Shaw2021,2,1,NO_MATCH,NO_MATCH,NO_MATCH,NO_MATCH,NO_MATCH,NO,SEQUENCE_RELATEDNESS_PENDING,INDEPENDENT_BY_IDENTIFIER
shaw-2021_cfre-SAMN15148085,SAMN15148085,SAMN15148085,Citrobacter freundii,cfre-test,Shaw2021,2,1,NO_MATCH,NO_MATCH,NO_MATCH,NO_MATCH,NO_MATCH,NO,SEQUENCE_RELATEDNESS_PENDING,INDEPENDENT_BY_IDENTIFIER
shaw-2021_cfre-SAMN15148130,SAMN15148130,SAMN15148130,Citrobacter freundii,cfre-test,Shaw2021,2,1,NO_MATCH,NO_MATCH,NO_MATCH,NO_MATCH,NO_MATCH,NO,SEQUENCE_RELATEDNESS_PENDING,INDEPENDENT_BY_IDENTIFIER
shaw-2021_cfre-SAMN15148131,SAMN15148131,SAMN15148131,Citrobacter freundii,cfre-test,Shaw2021,2,1,NO_MATCH,NO_MATCH,NO_MATCH,NO_MATCH,NO_MATCH,NO,SEQUENCE_RELATEDNESS_PENDING,INDEPENDENT_BY_IDENTIFIER
shaw-2021_cfre-SAMN15148132,SAMN15148132,SAMN15148132,Citrobacter freundii,cfre-test,Shaw2021,2,1,NO_MATCH,NO_MATCH,NO_MATCH,NO_MATCH,NO_MATCH,NO,SEQUENCE_RELATEDNESS_PENDING,INDEPENDENT_BY_IDENTIFIER
shaw-2021_cfre-SAMN15148135,SAMN15148135,SAMN15148135,Citrobacter freundii,cfre-test,Shaw2021,2,1,NO_MATCH,NO_MATCH,NO_MATCH,NO_MATCH,NO_MATCH,NO,SEQUENCE_RELATEDNESS_PENDING,INDEPENDENT_BY_IDENTIFIER
shaw-2021_cfre-SAMN15148223,SAMN15148223,SAMN15148223,Citrobacter freundii,cfre-test,Shaw2021,2,1,NO_MATCH,NO_MATCH,NO_MATCH,NO_MATCH,NO_MATCH,NO,SEQUENCE_RELATEDNESS_PENDING,INDEPENDENT_BY_IDENTIFIER
shaw-2021_cfre-SAMN15148277,SAMN15148277,SAMN15148277,Citrobacter freundii,cfre-test,Shaw2021,2,1,NO_MATCH,NO_MATCH,NO_MATCH,NO_MATCH,NO_MATCH,NO,SEQUENCE_RELATEDNESS_PENDING,INDEPENDENT_BY_IDENTIFIER
shaw-2021_cfre-SAMN15148288,SAMN15148288,SAMN15148288,Citrobacter freundii,cfre-test,Shaw2021,2,1,NO_MATCH,NO_MATCH,NO_MATCH,NO_MATCH,NO_MATCH,NO,SEQUENCE_RELATEDNESS_PENDING,INDEPENDENT_BY_IDENTIFIER
shaw-2021_cfre-SAMN15148307,SAMN15148307,SAMN15148307,Citrobacter freundii,cfre-test,Shaw2021,2,1,NO_MATCH,NO_MATCH,NO_MATCH,NO_MATCH,NO_MATCH,NO,SEQUENCE_RELATEDNESS_PENDING,INDEPENDENT_BY_IDENTIFIER
shaw-2021_cfre-SAMN15148340,SAMN15148340,SAMN15148340,Citrobacter freundii,cfre-test,Shaw2021,2,1,NO_MATCH,NO_MATCH,NO_MATCH,NO_MATCH,NO_MATCH,NO,SEQUENCE_RELATEDNESS_PENDING,INDEPENDENT_BY_IDENTIFIER
shaw-2021_cfre-SAMN15148355,SAMN15148355,SAMN15148355,Citrobacter freundii,cfre-test,Shaw2021,2,1,NO_MATCH,NO_MATCH,NO_MATCH,NO_MATCH,NO_MATCH,NO,SEQUENCE_RELATEDNESS_PENDING,INDEPENDENT_BY_IDENTIFIER
shaw-2021_cfre-SAMN15148357,SAMN15148357,SAMN15148357,Citrobacter freundii,cfre-test,Shaw2021,2,1,NO_MATCH,NO_MATCH,NO_MATCH,NO_MATCH,NO_MATCH,NO,SEQUENCE_RELATEDNESS_PENDING,INDEPENDENT_BY_IDENTIFIER
shaw-2021_cfre-SAMN15148363,SAMN15148363,SAMN15148363,Citrobacter freundii,cfre-test,Shaw2021,2,1,NO_MATCH,NO_MATCH,NO_MATCH,NO_MATCH,NO_MATCH,NO,SEQUENCE_RELATEDNESS_PENDING,INDEPENDENT_BY_IDENTIFIER
shaw-2021_cfre-SAMN15148428,SAMN15148428,SAMN15148428,Citrobacter freundii,cfre-test,Shaw2021,2,1,NO_MATCH,NO_MATCH,NO_MATCH,NO_MATCH,NO_MATCH,NO,SEQUENCE_RELATEDNESS_PENDING,INDEPENDENT_BY_IDENTIFIER
shaw-2021_cfre-SAMN15148449,SAMN15148449,SAMN15148449,Citrobacter freundii,cfre-test,Shaw2021,2,1,NO_MATCH,NO_MATCH,NO_MATCH,NO_MATCH,NO_MATCH,NO,SEQUENCE_RELATEDNESS_PENDING,INDEPENDENT_BY_IDENTIFIER
shaw-2021_cfre-SAMN15148491,SAMN15148491,SAMN15148491,Citrobacter freundii,cfre-test,Shaw2021,2,1,NO_MATCH,NO_MATCH,NO_MATCH,NO_MATCH,NO_MATCH,NO,SEQUENCE_RELATEDNESS_PENDING,INDEPENDENT_BY_IDENTIFIER
shaw-2021_cfre-SAMN15148496,SAMN15148496,SAMN15148496,Citrobacter freundii,cfre-test,Shaw2021,2,1,NO_MATCH,NO_MATCH,NO_MATCH,NO_MATCH,NO_MATCH,NO,SEQUENCE_RELATEDNESS_PENDING,INDEPENDENT_BY_IDENTIFIER
shaw-2021_cfre-SAMN15148500,SAMN15148500,SAMN15148500,Citrobacter freundii,cfre-test,Shaw2021,2,1,NO_MATCH,NO_MATCH,NO_MATCH,NO_MATCH,NO_MATCH,NO,SEQUENCE_RELATEDNESS_PENDING,INDEPENDENT_BY_IDENTIFIER
shaw-2021_cfre-SAMN15148504,SAMN15148504,SAMN15148504,Citrobacter freundii,cfre-test,Shaw2021,2,1,NO_MATCH,NO_MATCH,NO_MATCH,NO_MATCH,NO_MATCH,NO,SEQUENCE_RELATEDNESS_PENDING,INDEPENDENT_BY_IDENTIFIER
shaw-2021_cfre-SAMN15148518,SAMN15148518,SAMN15148518,Citrobacter freundii,cfre-test,Shaw2021,2,1,NO_MATCH,NO_MATCH,NO_MATCH,NO_MATCH,NO_MATCH,NO,SEQUENCE_RELATEDNESS_PENDING,INDEPENDENT_BY_IDENTIFIER
shaw-2021_cfre-SAMN15148520,SAMN15148520,SAMN15148520,Citrobacter freundii,cfre-test,Shaw2021,2,1,NO_MATCH,NO_MATCH,NO_MATCH,NO_MATCH,NO_MATCH,NO,SEQUENCE_RELATEDNESS_PENDING,INDEPENDENT_BY_IDENTIFIER
shaw-2021_cfre-SAMN15148536,SAMN15148536,SAMN15148536,Citrobacter freundii,cfre-test,Shaw2021,2,1,NO_MATCH,NO_MATCH,NO_MATCH,NO_MATCH,NO_MATCH,NO,SEQUENCE_RELATEDNESS_PENDING,INDEPENDENT_BY_IDENTIFIER
shaw-2021_cfre-SAMN15148543,SAMN15148543,SAMN15148543,Citrobacter freundii,cfre-test,Shaw2021,2,1,NO_MATCH,NO_MATCH,NO_MATCH,NO_MATCH,NO_MATCH,NO,SEQUENCE_RELATEDNESS_PENDING,INDEPENDENT_BY_IDENTIFIER
shaw-2021_cfre-SAMN15148556,SAMN15148556,SAMN15148556,Citrobacter freundii,cfre-test,Shaw2021,2,1,NO_MATCH,NO_MATCH,NO_MATCH,NO_MATCH,NO_MATCH,NO,SEQUENCE_RELATEDNESS_PENDING,INDEPENDENT_BY_IDENTIFIER
shaw-2021_cfre-SAMN15148558,SAMN15148558,SAMN15148558,Citrobacter freundii,cfre-test,Shaw2021,2,1,NO_MATCH,NO_MATCH,NO_MATCH,NO_MATCH,NO_MATCH,NO,SEQUENCE_RELATEDNESS_PENDING,INDEPENDENT_BY_IDENTIFIER
shaw-2021_cfre-SAMN15148581,SAMN15148581,SAMN15148581,Citrobacter freundii,cfre-test,Shaw2021,2,1,NO_MATCH,NO_MATCH,NO_MATCH,NO_MATCH,NO_MATCH,NO,SEQUENCE_RELATEDNESS_PENDING,INDEPENDENT_BY_IDENTIFIER
shaw-2021_cfre-SAMN15148584,SAMN15148584,SAMN15148584,Citrobacter freundii,cfre-test,Shaw2021,2,1,NO_MATCH,NO_MATCH,NO_MATCH,NO_MATCH,NO_MATCH,NO,SEQUENCE_RELATEDNESS_PENDING,INDEPENDENT_BY_IDENTIFIER
shaw-2021_cfre-SAMN15148586,SAMN15148586,SAMN15148586,Citrobacter freundii,cfre-test,Shaw2021,2,1,NO_MATCH,NO_MATCH,NO_MATCH,NO_MATCH,NO_MATCH,NO,SEQUENCE_RELATEDNESS_PENDING,INDEPENDENT_BY_IDENTIFIER
shaw-2021_cfre-SAMN15148590,SAMN15148590,SAMN15148590,Citrobacter freundii,cfre-test,Shaw2021,2,1,NO_MATCH,NO_MATCH,NO_MATCH,NO_MATCH,NO_MATCH,NO,SEQUENCE_RELATEDNESS_PENDING,INDEPENDENT_BY_IDENTIFIER
shaw-2021_cfre-SAMN15148595,SAMN15148595,SAMN15148595,Citrobacter freundii,cfre-test,Shaw2021,2,1,NO_MATCH,NO_MATCH,NO_MATCH,NO_MATCH,NO_MATCH,NO,SEQUENCE_RELATEDNESS_PENDING,INDEPENDENT_BY_IDENTIFIER
shaw-2021_cfre-SAMN15148600,SAMN15148600,SAMN15148600,Citrobacter freundii,cfre-test,Shaw2021,2,1,NO_MATCH,NO_MATCH,NO_MATCH,NO_MATCH,NO_MATCH,NO,SEQUENCE_RELATEDNESS_PENDING,INDEPENDENT_BY_IDENTIFIER
shaw-2021_cfre-SAMN15148603,SAMN15148603,SAMN15148603,Citrobacter freundii,cfre-test,Shaw2021,2,1,NO_MATCH,NO_MATCH,NO_MATCH,NO_MATCH,NO_MATCH,NO,SEQUENCE_RELATEDNESS_PENDING,INDEPENDENT_BY_IDENTIFIER
shaw-2021_cfre-SAMN15148611,SAMN15148611,SAMN15148611,Citrobacter freundii,cfre-test,Shaw2021,2,1,NO_MATCH,NO_MATCH,NO_MATCH,NO_MATCH,NO_MATCH,NO,SEQUENCE_RELATEDNESS_PENDING,INDEPENDENT_BY_IDENTIFIER
shaw-2021_cfre-SAMN15148618,SAMN15148618,SAMN15148618,Citrobacter freundii,cfre-test,Shaw2021,2,1,NO_MATCH,NO_MATCH,NO_MATCH,NO_MATCH,NO_MATCH,NO,SEQUENCE_RELATEDNESS_PENDING,INDEPENDENT_BY_IDENTIFIER
shaw-2021_cfre-SAMN15148687,SAMN15148687,SAMN15148687,Citrobacter freundii,cfre-test,Shaw2021,2,1,NO_MATCH,NO_MATCH,NO_MATCH,NO_MATCH,NO_MATCH,NO,SEQUENCE_RELATEDNESS_PENDING,INDEPENDENT_BY_IDENTIFIER
shaw-2021_cfre-SAMN15148688,SAMN15148688,SAMN15148688,Citrobacter freundii,cfre-test,Shaw2021,2,1,NO_MATCH,NO_MATCH,NO_MATCH,NO_MATCH,NO_MATCH,NO,SEQUENCE_RELATEDNESS_PENDING,INDEPENDENT_BY_IDENTIFIER
shaw-2021_cfre-SAMN15148707,SAMN15148707,SAMN15148707,Citrobacter freundii,cfre-test,Shaw2021,2,1,NO_MATCH,NO_MATCH,NO_MATCH,NO_MATCH,NO_MATCH,NO,SEQUENCE_RELATEDNESS_PENDING,INDEPENDENT_BY_IDENTIFIER
shaw-2021_cfre-SAMN15148717,SAMN15148717,SAMN15148717,Citrobacter freundii,cfre-test,Shaw2021,2,1,NO_MATCH,NO_MATCH,NO_MATCH,NO_MATCH,NO_MATCH,NO,SEQUENCE_RELATEDNESS_PENDING,INDEPENDENT_BY_IDENTIFIER
shaw-2021_cfre-SAMN15148718,SAMN15148718,SAMN15148718,Citrobacter freundii,cfre-test,Shaw2021,2,1,NO_MATCH,NO_MATCH,NO_MATCH,NO_MATCH,NO_MATCH,NO,SEQUENCE_RELATEDNESS_PENDING,INDEPENDENT_BY_IDENTIFIER
shaw-2021_cfre-SAMN15148727,SAMN15148727,SAMN15148727,Citrobacter freundii,cfre-test,Shaw2021,2,1,NO_MATCH,NO_MATCH,NO_MATCH,NO_MATCH,NO_MATCH,NO,SEQUENCE_RELATEDNESS_PENDING,INDEPENDENT_BY_IDENTIFIER
shaw-2021_cfre-SAMN15148736,SAMN15148736,SAMN15148736,Citrobacter freundii,cfre-test,Shaw2021,2,1,NO_MATCH,NO_MATCH,NO_MATCH,NO_MATCH,NO_MATCH,NO,SEQUENCE_RELATEDNESS_PENDING,INDEPENDENT_BY_IDENTIFIER
shaw-2021_cfre-SAMN15148742,SAMN15148742,SAMN15148742,Citrobacter freundii,cfre-test,Shaw2021,2,1,NO_MATCH,NO_MATCH,NO_MATCH,NO_MATCH,NO_MATCH,NO,SEQUENCE_RELATEDNESS_PENDING,INDEPENDENT_BY_IDENTIFIER
shaw-2021_cfre-SAMN15148744,SAMN15148744,SAMN15148744,Citrobacter freundii,cfre-test,Shaw2021,2,1,NO_MATCH,NO_MATCH,NO_MATCH,NO_MATCH,NO_MATCH,NO,SEQUENCE_RELATEDNESS_PENDING,INDEPENDENT_BY_IDENTIFIER
shaw-2021_cfre-SAMN15148747,SAMN15148747,SAMN15148747,Citrobacter freundii,cfre-test,Shaw2021,2,1,NO_MATCH,NO_MATCH,NO_MATCH,NO_MATCH,NO_MATCH,NO,SEQUENCE_RELATEDNESS_PENDING,INDEPENDENT_BY_IDENTIFIER
shaw-2021_cfre-SAMN15148750,SAMN15148750,SAMN15148750,Citrobacter freundii,cfre-test,Shaw2021,2,1,NO_MATCH,NO_MATCH,NO_MATCH,NO_MATCH,NO_MATCH,NO,SEQUENCE_RELATEDNESS_PENDING,INDEPENDENT_BY_IDENTIFIER
shaw-2021_cfre-SAMN15148761,SAMN15148761,SAMN15148761,Citrobacter freundii,cfre-test,Shaw2021,2,1,NO_MATCH,NO_MATCH,NO_MATCH,NO_MATCH,NO_MATCH,NO,SEQUENCE_RELATEDNESS_PENDING,INDEPENDENT_BY_IDENTIFIER
campylobacter_cjej-SAMD00491644,SAMD00491644,SAMD00491644,Campylobacter jejuni,cjej-test,Morita2023,2,1,NO_MATCH,NO_MATCH,NO_MATCH,NO_MATCH,NO_MATCH,NO,SEQUENCE_RELATEDNESS_PENDING,INDEPENDENT_BY_IDENTIFIER
campylobacter_cjej-SAMD00491646,SAMD00491646,SAMD00491646,Campylobacter jejuni,cjej-test,Morita2023,2,1,NO_MATCH,NO_MATCH,NO_MATCH,NO_MATCH,NO_MATCH,NO,SEQUENCE_RELATEDNESS_PENDING,INDEPENDENT_BY_IDENTIFIER
campylobacter_cjej-SAMD00491647,SAMD00491647,SAMD00491647,Campylobacter jejuni,cjej-test,Morita2023,2,1,NO_MATCH,NO_MATCH,NO_MATCH,NO_MATCH,NO_MATCH,NO,SEQUENCE_RELATEDNESS_PENDING,INDEPENDENT_BY_IDENTIFIER
campylobacter_cjej-SAMD00491650,SAMD00491650,SAMD00491650,Campylobacter jejuni,cjej-test,Morita2023,2,1,NO_MATCH,NO_MATCH,NO_MATCH,NO_MATCH,NO_MATCH,NO,SEQUENCE_RELATEDNESS_PENDING,INDEPENDENT_BY_IDENTIFIER
campylobacter_cjej-SAMD00491657,SAMD00491657,SAMD00491657,Campylobacter jejuni,cjej-test,Morita2023,2,1,NO_MATCH,NO_MATCH,NO_MATCH,NO_MATCH,NO_MATCH,NO,SEQUENCE_RELATEDNESS_PENDING,INDEPENDENT_BY_IDENTIFIER
campylobacter_cjej-SAMD00491659,SAMD00491659,SAMD00491659,Campylobacter jejuni,cjej-test,Morita2023,2,1,NO_MATCH,NO_MATCH,NO_MATCH,NO_MATCH,NO_MATCH,NO,SEQUENCE_RELATEDNESS_PENDING,INDEPENDENT_BY_IDENTIFIER
campylobacter_cjej-SAMD00491660,SAMD00491660,SAMD00491660,Campylobacter jejuni,cjej-test,Morita2023,2,1,NO_MATCH,NO_MATCH,NO_MATCH,NO_MATCH,NO_MATCH,NO,SEQUENCE_RELATEDNESS_PENDING,INDEPENDENT_BY_IDENTIFIER
campylobacter_cjej-SAMD00491662,SAMD00491662,SAMD00491662,Campylobacter jejuni,cjej-test,Morita2023,2,1,NO_MATCH,NO_MATCH,NO_MATCH,NO_MATCH,NO_MATCH,NO,SEQUENCE_RELATEDNESS_PENDING,INDEPENDENT_BY_IDENTIFIER
campylobacter_cjej-SAMD00491665,SAMD00491665,SAMD00491665,Campylobacter jejuni,cjej-test,Morita2023,2,1,NO_MATCH,NO_MATCH,NO_MATCH,NO_MATCH,NO_MATCH,NO,SEQUENCE_RELATEDNESS_PENDING,INDEPENDENT_BY_IDENTIFIER
campylobacter_cjej-SAMD00491669,SAMD00491669,SAMD00491669,Campylobacter jejuni,cjej-test,Morita2023,2,1,NO_MATCH,NO_MATCH,NO_MATCH,NO_MATCH,NO_MATCH,NO,SEQUENCE_RELATEDNESS_PENDING,INDEPENDENT_BY_IDENTIFIER
campylobacter_cjej-SAMD00491671,SAMD00491671,SAMD00491671,Campylobacter jejuni,cjej-test,Morita2023,2,1,NO_MATCH,NO_MATCH,NO_MATCH,NO_MATCH,NO_MATCH,NO,SEQUENCE_RELATEDNESS_PENDING,INDEPENDENT_BY_IDENTIFIER
campylobacter_cjej-SAMD00491676,SAMD00491676,SAMD00491676,Campylobacter jejuni,cjej-test,Morita2023,2,1,NO_MATCH,NO_MATCH,NO_MATCH,NO_MATCH,NO_MATCH,NO,SEQUENCE_RELATEDNESS_PENDING,INDEPENDENT_BY_IDENTIFIER
campylobacter_cjej-SAMD00491680,SAMD00491680,SAMD00491680,Campylobacter jejuni,cjej-test,Morita2023,2,1,NO_MATCH,NO_MATCH,NO_MATCH,NO_MATCH,NO_MATCH,NO,SEQUENCE_RELATEDNESS_PENDING,INDEPENDENT_BY_IDENTIFIER
campylobacter_cjej-SAMD00491690,SAMD00491690,SAMD00491690,Campylobacter jejuni,cjej-test,Morita2023,2,1,NO_MATCH,NO_MATCH,NO_MATCH,NO_MATCH,NO_MATCH,NO,SEQUENCE_RELATEDNESS_PENDING,INDEPENDENT_BY_IDENTIFIER
campylobacter_cjej-SAMD00491691,SAMD00491691,SAMD00491691,Campylobacter jejuni,cjej-test,Morita2023,2,1,NO_MATCH,NO_MATCH,NO_MATCH,NO_MATCH,NO_MATCH,NO,SEQUENCE_RELATEDNESS_PENDING,INDEPENDENT_BY_IDENTIFIER
campylobacter_cjej-SAMD00491699,SAMD00491699,SAMD00491699,Campylobacter jejuni,cjej-test,Morita2023,2,1,NO_MATCH,NO_MATCH,NO_MATCH,NO_MATCH,NO_MATCH,NO,SEQUENCE_RELATEDNESS_PENDING,INDEPENDENT_BY_IDENTIFIER
campylobacter_cjej-SAMD00491700,SAMD00491700,SAMD00491700,Campylobacter jejuni,cjej-test,Morita2023,2,1,NO_MATCH,NO_MATCH,NO_MATCH,NO_MATCH,NO_MATCH,NO,SEQUENCE_RELATEDNESS_PENDING,INDEPENDENT_BY_IDENTIFIER
campylobacter_cjej-SAMD00491702,SAMD00491702,SAMD00491702,Campylobacter jejuni,cjej-test,Morita2023,2,1,NO_MATCH,NO_MATCH,NO_MATCH,NO_MATCH,NO_MATCH,NO,SEQUENCE_RELATEDNESS_PENDING,INDEPENDENT_BY_IDENTIFIER
campylobacter_cjej-SAMD00491708,SAMD00491708,SAMD00491708,Campylobacter jejuni,cjej-test,Morita2023,2,1,NO_MATCH,NO_MATCH,NO_MATCH,NO_MATCH,NO_MATCH,NO,SEQUENCE_RELATEDNESS_PENDING,INDEPENDENT_BY_IDENTIFIER
campylobacter_cjej-SAMD00491710,SAMD00491710,SAMD00491710,Campylobacter jejuni,cjej-test,Morita2023,2,1,NO_MATCH,NO_MATCH,NO_MATCH,NO_MATCH,NO_MATCH,NO,SEQUENCE_RELATEDNESS_PENDING,INDEPENDENT_BY_IDENTIFIER
campylobacter_cjej-SAMD00491737,SAMD00491737,SAMD00491737,Campylobacter jejuni,cjej-test,Morita2023,2,1,NO_MATCH,NO_MATCH,NO_MATCH,NO_MATCH,NO_MATCH,NO,SEQUENCE_RELATEDNESS_PENDING,INDEPENDENT_BY_IDENTIFIER
campylobacter_cjej-SAMD00491739,SAMD00491739,SAMD00491739,Campylobacter jejuni,cjej-test,Morita2023,2,1,NO_MATCH,NO_MATCH,NO_MATCH,NO_MATCH,NO_MATCH,NO,SEQUENCE_RELATEDNESS_PENDING,INDEPENDENT_BY_IDENTIFIER
campylobacter_cjej-SAMD00491740,SAMD00491740,SAMD00491740,Campylobacter jejuni,cjej-test,Morita2023,2,1,NO_MATCH,NO_MATCH,NO_MATCH,NO_MATCH,NO_MATCH,NO,SEQUENCE_RELATEDNESS_PENDING,INDEPENDENT_BY_IDENTIFIER
campylobacter_cjej-SAMD00491742,SAMD00491742,SAMD00491742,Campylobacter jejuni,cjej-test,Morita2023,2,1,NO_MATCH,NO_MATCH,NO_MATCH,NO_MATCH,NO_MATCH,NO,SEQUENCE_RELATEDNESS_PENDING,INDEPENDENT_BY_IDENTIFIER
campylobacter_cjej-SAMD00491744,SAMD00491744,SAMD00491744,Campylobacter jejuni,cjej-test,Morita2023,2,1,NO_MATCH,NO_MATCH,NO_MATCH,NO_MATCH,NO_MATCH,NO,SEQUENCE_RELATEDNESS_PENDING,INDEPENDENT_BY_IDENTIFIER
campylobacter_cjej-SAMD00491751,SAMD00491751,SAMD00491751,Campylobacter jejuni,cjej-test,Morita2023,2,1,NO_MATCH,NO_MATCH,NO_MATCH,NO_MATCH,NO_MATCH,NO,SEQUENCE_RELATEDNESS_PENDING,INDEPENDENT_BY_IDENTIFIER
campylobacter_cjej-SAMD00491752,SAMD00491752,SAMD00491752,Campylobacter jejuni,cjej-test,Morita2023,2,1,NO_MATCH,NO_MATCH,NO_MATCH,NO_MATCH,NO_MATCH,NO,SEQUENCE_RELATEDNESS_PENDING,INDEPENDENT_BY_IDENTIFIER
campylobacter_cjej-SAMD00491754,SAMD00491754,SAMD00491754,Campylobacter jejuni,cjej-test,Morita2023,2,1,NO_MATCH,NO_MATCH,NO_MATCH,NO_MATCH,NO_MATCH,NO,SEQUENCE_RELATEDNESS_PENDING,INDEPENDENT_BY_IDENTIFIER
campylobacter_cjej-SAMD00491755,SAMD00491755,SAMD00491755,Campylobacter jejuni,cjej-test,Morita2023,2,1,NO_MATCH,NO_MATCH,NO_MATCH,NO_MATCH,NO_MATCH,NO,SEQUENCE_RELATEDNESS_PENDING,INDEPENDENT_BY_IDENTIFIER
campylobacter_cjej-SAMD00491757,SAMD00491757,SAMD00491757,Campylobacter jejuni,cjej-test,Morita2023,2,1,NO_MATCH,NO_MATCH,NO_MATCH,NO_MATCH,NO_MATCH,NO,SEQUENCE_RELATEDNESS_PENDING,INDEPENDENT_BY_IDENTIFIER
shaw-2021_efer-SAMN15147967,SAMN15147967,SAMN15147967,Escherichia fergusonii,efer-test,Shaw2021,2,1,NO_MATCH,NO_MATCH,NO_MATCH,NO_MATCH,NO_MATCH,NO,SEQUENCE_RELATEDNESS_PENDING,INDEPENDENT_BY_IDENTIFIER
shaw-2021_efer-SAMN15147968,SAMN15147968,SAMN15147968,Escherichia fergusonii,efer-test,Shaw2021,2,1,NO_MATCH,NO_MATCH,NO_MATCH,NO_MATCH,NO_MATCH,NO,SEQUENCE_RELATEDNESS_PENDING,INDEPENDENT_BY_IDENTIFIER
shaw-2021_efer-SAMN15147969,SAMN15147969,SAMN15147969,Escherichia fergusonii,efer-test,Shaw2021,2,1,NO_MATCH,NO_MATCH,NO_MATCH,NO_MATCH,NO_MATCH,NO,SEQUENCE_RELATEDNESS_PENDING,INDEPENDENT_BY_IDENTIFIER
shaw-2021_efer-SAMN15147971,SAMN15147971,SAMN15147971,Escherichia fergusonii,efer-test,Shaw2021,2,1,NO_MATCH,NO_MATCH,NO_MATCH,NO_MATCH,NO_MATCH,NO,SEQUENCE_RELATEDNESS_PENDING,INDEPENDENT_BY_IDENTIFIER
shaw-2021_efer-SAMN15147978,SAMN15147978,SAMN15147978,Escherichia fergusonii,efer-test,Shaw2021,2,1,NO_MATCH,NO_MATCH,NO_MATCH,NO_MATCH,NO_MATCH,NO,SEQUENCE_RELATEDNESS_PENDING,INDEPENDENT_BY_IDENTIFIER
shaw-2021_efer-SAMN15147982,SAMN15147982,SAMN15147982,Escherichia fergusonii,efer-test,Shaw2021,2,1,NO_MATCH,NO_MATCH,NO_MATCH,NO_MATCH,NO_MATCH,NO,SEQUENCE_RELATEDNESS_PENDING,INDEPENDENT_BY_IDENTIFIER
shaw-2021_efer-SAMN15148032,SAMN15148032,SAMN15148032,Escherichia fergusonii,efer-test,Shaw2021,2,1,NO_MATCH,NO_MATCH,NO_MATCH,NO_MATCH,NO_MATCH,NO,SEQUENCE_RELATEDNESS_PENDING,INDEPENDENT_BY_IDENTIFIER
shaw-2021_efer-SAMN15148055,SAMN15148055,SAMN15148055,Escherichia fergusonii,efer-test,Shaw2021,2,1,NO_MATCH,NO_MATCH,NO_MATCH,NO_MATCH,NO_MATCH,NO,SEQUENCE_RELATEDNESS_PENDING,INDEPENDENT_BY_IDENTIFIER
shaw-2021_efer-SAMN15148066,SAMN15148066,SAMN15148066,Escherichia fergusonii,efer-test,Shaw2021,2,1,NO_MATCH,NO_MATCH,NO_MATCH,NO_MATCH,NO_MATCH,NO,SEQUENCE_RELATEDNESS_PENDING,INDEPENDENT_BY_IDENTIFIER
shaw-2021_efer-SAMN15148146,SAMN15148146,SAMN15148146,Escherichia fergusonii,efer-test,Shaw2021,2,1,NO_MATCH,NO_MATCH,NO_MATCH,NO_MATCH,NO_MATCH,NO,SEQUENCE_RELATEDNESS_PENDING,INDEPENDENT_BY_IDENTIFIER
shaw-2021_efer-SAMN15148151,SAMN15148151,SAMN15148151,Escherichia fergusonii,efer-test,Shaw2021,2,1,NO_MATCH,NO_MATCH,NO_MATCH,NO_MATCH,NO_MATCH,NO,SEQUENCE_RELATEDNESS_PENDING,INDEPENDENT_BY_IDENTIFIER
shaw-2021_efer-SAMN15148152,SAMN15148152,SAMN15148152,Escherichia fergusonii,efer-test,Shaw2021,2,1,NO_MATCH,NO_MATCH,NO_MATCH,NO_MATCH,NO_MATCH,NO,SEQUENCE_RELATEDNESS_PENDING,INDEPENDENT_BY_IDENTIFIER
shaw-2021_efer-SAMN15148153,SAMN15148153,SAMN15148153,Escherichia fergusonii,efer-test,Shaw2021,2,1,NO_MATCH,NO_MATCH,NO_MATCH,NO_MATCH,NO_MATCH,NO,SEQUENCE_RELATEDNESS_PENDING,INDEPENDENT_BY_IDENTIFIER
shaw-2021_efer-SAMN15148162,SAMN15148162,SAMN15148162,Escherichia fergusonii,efer-test,Shaw2021,2,1,NO_MATCH,NO_MATCH,NO_MATCH,NO_MATCH,NO_MATCH,NO,SEQUENCE_RELATEDNESS_PENDING,INDEPENDENT_BY_IDENTIFIER
shaw-2021_efer-SAMN15148208,SAMN15148208,SAMN15148208,Escherichia fergusonii,efer-test,Shaw2021,2,1,NO_MATCH,NO_MATCH,NO_MATCH,NO_MATCH,NO_MATCH,NO,SEQUENCE_RELATEDNESS_PENDING,INDEPENDENT_BY_IDENTIFIER
shaw-2021_efer-SAMN15148209,SAMN15148209,SAMN15148209,Escherichia fergusonii,efer-test,Shaw2021,2,1,NO_MATCH,NO_MATCH,NO_MATCH,NO_MATCH,NO_MATCH,NO,SEQUENCE_RELATEDNESS_PENDING,INDEPENDENT_BY_IDENTIFIER
shaw-2021_efer-SAMN15148224,SAMN15148224,SAMN15148224,Escherichia fergusonii,efer-test,Shaw2021,2,1,NO_MATCH,NO_MATCH,NO_MATCH,NO_MATCH,NO_MATCH,NO,SEQUENCE_RELATEDNESS_PENDING,INDEPENDENT_BY_IDENTIFIER
shaw-2021_efer-SAMN15148225,SAMN15148225,SAMN15148225,Escherichia fergusonii,efer-test,Shaw2021,2,1,NO_MATCH,NO_MATCH,NO_MATCH,NO_MATCH,NO_MATCH,NO,SEQUENCE_RELATEDNESS_PENDING,INDEPENDENT_BY_IDENTIFIER
shaw-2021_efer-SAMN15148235,SAMN15148235,SAMN15148235,Escherichia fergusonii,efer-test,Shaw2021,2,1,NO_MATCH,NO_MATCH,NO_MATCH,NO_MATCH,NO_MATCH,NO,SEQUENCE_RELATEDNESS_PENDING,INDEPENDENT_BY_IDENTIFIER
shaw-2021_efer-SAMN15148237,SAMN15148237,SAMN15148237,Escherichia fergusonii,efer-test,Shaw2021,2,1,NO_MATCH,NO_MATCH,NO_MATCH,NO_MATCH,NO_MATCH,NO,SEQUENCE_RELATEDNESS_PENDING,INDEPENDENT_BY_IDENTIFIER
shaw-2021_efer-SAMN15148244,SAMN15148244,SAMN15148244,Escherichia fergusonii,efer-test,Shaw2021,2,1,NO_MATCH,NO_MATCH,NO_MATCH,NO_MATCH,NO_MATCH,NO,SEQUENCE_RELATEDNESS_PENDING,INDEPENDENT_BY_IDENTIFIER
shaw-2021_efer-SAMN15148245,SAMN15148245,SAMN15148245,Escherichia fergusonii,efer-test,Shaw2021,2,1,NO_MATCH,NO_MATCH,NO_MATCH,NO_MATCH,NO_MATCH,NO,SEQUENCE_RELATEDNESS_PENDING,INDEPENDENT_BY_IDENTIFIER
shaw-2021_efer-SAMN15148247,SAMN15148247,SAMN15148247,Escherichia fergusonii,efer-test,Shaw2021,2,1,NO_MATCH,NO_MATCH,NO_MATCH,NO_MATCH,NO_MATCH,NO,SEQUENCE_RELATEDNESS_PENDING,INDEPENDENT_BY_IDENTIFIER
shaw-2021_efer-SAMN15148269,SAMN15148269,SAMN15148269,Escherichia fergusonii,efer-test,Shaw2021,2,1,NO_MATCH,NO_MATCH,NO_MATCH,NO_MATCH,NO_MATCH,NO,SEQUENCE_RELATEDNESS_PENDING,INDEPENDENT_BY_IDENTIFIER
shaw-2021_efer-SAMN15148274,SAMN15148274,SAMN15148274,Escherichia fergusonii,efer-test,Shaw2021,2,1,NO_MATCH,NO_MATCH,NO_MATCH,NO_MATCH,NO_MATCH,NO,SEQUENCE_RELATEDNESS_PENDING,INDEPENDENT_BY_IDENTIFIER
shaw-2021_efer-SAMN15148286,SAMN15148286,SAMN15148286,Escherichia fergusonii,efer-test,Shaw2021,2,1,NO_MATCH,NO_MATCH,NO_MATCH,NO_MATCH,NO_MATCH,NO,SEQUENCE_RELATEDNESS_PENDING,INDEPENDENT_BY_IDENTIFIER
shaw-2021_efer-SAMN15148292,SAMN15148292,SAMN15148292,Escherichia fergusonii,efer-test,Shaw2021,2,1,NO_MATCH,NO_MATCH,NO_MATCH,NO_MATCH,NO_MATCH,NO,SEQUENCE_RELATEDNESS_PENDING,INDEPENDENT_BY_IDENTIFIER
shaw-2021_efer-SAMN15148304,SAMN15148304,SAMN15148304,Escherichia fergusonii,efer-test,Shaw2021,2,1,NO_MATCH,NO_MATCH,NO_MATCH,NO_MATCH,NO_MATCH,NO,SEQUENCE_RELATEDNESS_PENDING,INDEPENDENT_BY_IDENTIFIER
shaw-2021_efer-SAMN15148308,SAMN15148308,SAMN15148308,Escherichia fergusonii,efer-test,Shaw2021,2,1,NO_MATCH,NO_MATCH,NO_MATCH,NO_MATCH,NO_MATCH,NO,SEQUENCE_RELATEDNESS_PENDING,INDEPENDENT_BY_IDENTIFIER
shaw-2021_efer-SAMN15148313,SAMN15148313,SAMN15148313,Escherichia fergusonii,efer-test,Shaw2021,2,1,NO_MATCH,NO_MATCH,NO_MATCH,NO_MATCH,NO_MATCH,NO,SEQUENCE_RELATEDNESS_PENDING,INDEPENDENT_BY_IDENTIFIER
shaw-2021_efer-SAMN15148315,SAMN15148315,SAMN15148315,Escherichia fergusonii,efer-test,Shaw2021,2,1,NO_MATCH,NO_MATCH,NO_MATCH,NO_MATCH,NO_MATCH,NO,SEQUENCE_RELATEDNESS_PENDING,INDEPENDENT_BY_IDENTIFIER
shaw-2021_efer-SAMN15148317,SAMN15148317,SAMN15148317,Escherichia fergusonii,efer-test,Shaw2021,2,1,NO_MATCH,NO_MATCH,NO_MATCH,NO_MATCH,NO_MATCH,NO,SEQUENCE_RELATEDNESS_PENDING,INDEPENDENT_BY_IDENTIFIER
shaw-2021_efer-SAMN15148320,SAMN15148320,SAMN15148320,Escherichia fergusonii,efer-test,Shaw2021,2,1,NO_MATCH,NO_MATCH,NO_MATCH,NO_MATCH,NO_MATCH,NO,SEQUENCE_RELATEDNESS_PENDING,INDEPENDENT_BY_IDENTIFIER
shaw-2021_efer-SAMN15148324,SAMN15148324,SAMN15148324,Escherichia fergusonii,efer-test,Shaw2021,2,1,NO_MATCH,NO_MATCH,NO_MATCH,NO_MATCH,NO_MATCH,NO,SEQUENCE_RELATEDNESS_PENDING,INDEPENDENT_BY_IDENTIFIER
shaw-2021_efer-SAMN15148325,SAMN15148325,SAMN15148325,Escherichia fergusonii,efer-test,Shaw2021,2,1,NO_MATCH,NO_MATCH,NO_MATCH,NO_MATCH,NO_MATCH,NO,SEQUENCE_RELATEDNESS_PENDING,INDEPENDENT_BY_IDENTIFIER
shaw-2021_efer-SAMN15148326,SAMN15148326,SAMN15148326,Escherichia fergusonii,efer-test,Shaw2021,2,1,NO_MATCH,NO_MATCH,NO_MATCH,NO_MATCH,NO_MATCH,NO,SEQUENCE_RELATEDNESS_PENDING,INDEPENDENT_BY_IDENTIFIER
shaw-2021_efer-SAMN15148372,SAMN15148372,SAMN15148372,Escherichia fergusonii,efer-test,Shaw2021,2,1,NO_MATCH,NO_MATCH,NO_MATCH,NO_MATCH,NO_MATCH,NO,SEQUENCE_RELATEDNESS_PENDING,INDEPENDENT_BY_IDENTIFIER
shaw-2021_efer-SAMN15148373,SAMN15148373,SAMN15148373,Escherichia fergusonii,efer-test,Shaw2021,2,1,NO_MATCH,NO_MATCH,NO_MATCH,NO_MATCH,NO_MATCH,NO,SEQUENCE_RELATEDNESS_PENDING,INDEPENDENT_BY_IDENTIFIER
shaw-2021_efer-SAMN15148374,SAMN15148374,SAMN15148374,Escherichia fergusonii,efer-test,Shaw2021,2,1,NO_MATCH,NO_MATCH,NO_MATCH,NO_MATCH,NO_MATCH,NO,SEQUENCE_RELATEDNESS_PENDING,INDEPENDENT_BY_IDENTIFIER
shaw-2021_efer-SAMN15148375,SAMN15148375,SAMN15148375,Escherichia fergusonii,efer-test,Shaw2021,2,1,NO_MATCH,NO_MATCH,NO_MATCH,NO_MATCH,NO_MATCH,NO,SEQUENCE_RELATEDNESS_PENDING,INDEPENDENT_BY_IDENTIFIER
shaw-2021_efer-SAMN15148376,SAMN15148376,SAMN15148376,Escherichia fergusonii,efer-test,Shaw2021,2,1,NO_MATCH,NO_MATCH,NO_MATCH,NO_MATCH,NO_MATCH,NO,SEQUENCE_RELATEDNESS_PENDING,INDEPENDENT_BY_IDENTIFIER
shaw-2021_efer-SAMN15148383,SAMN15148383,SAMN15148383,Escherichia fergusonii,efer-test,Shaw2021,2,1,NO_MATCH,NO_MATCH,NO_MATCH,NO_MATCH,NO_MATCH,NO,SEQUENCE_RELATEDNESS_PENDING,INDEPENDENT_BY_IDENTIFIER
shaw-2021_efer-SAMN15148384,SAMN15148384,SAMN15148384,Escherichia fergusonii,efer-test,Shaw2021,2,1,NO_MATCH,NO_MATCH,NO_MATCH,NO_MATCH,NO_MATCH,NO,SEQUENCE_RELATEDNESS_PENDING,INDEPENDENT_BY_IDENTIFIER
shaw-2021_efer-SAMN15148386,SAMN15148386,SAMN15148386,Escherichia fergusonii,efer-test,Shaw2021,2,1,NO_MATCH,NO_MATCH,NO_MATCH,NO_MATCH,NO_MATCH,NO,SEQUENCE_RELATEDNESS_PENDING,INDEPENDENT_BY_IDENTIFIER
shaw-2021_efer-SAMN15148427,SAMN15148427,SAMN15148427,Escherichia fergusonii,efer-test,Shaw2021,2,1,NO_MATCH,NO_MATCH,NO_MATCH,NO_MATCH,NO_MATCH,NO,SEQUENCE_RELATEDNESS_PENDING,INDEPENDENT_BY_IDENTIFIER
shaw-2021_efer-SAMN15148429,SAMN15148429,SAMN15148429,Escherichia fergusonii,efer-test,Shaw2021,2,1,NO_MATCH,NO_MATCH,NO_MATCH,NO_MATCH,NO_MATCH,NO,SEQUENCE_RELATEDNESS_PENDING,INDEPENDENT_BY_IDENTIFIER
shaw-2021_efer-SAMN15148431,SAMN15148431,SAMN15148431,Escherichia fergusonii,efer-test,Shaw2021,2,1,NO_MATCH,NO_MATCH,NO_MATCH,NO_MATCH,NO_MATCH,NO,SEQUENCE_RELATEDNESS_PENDING,INDEPENDENT_BY_IDENTIFIER
shaw-2021_efer-SAMN15148432,SAMN15148432,SAMN15148432,Escherichia fergusonii,efer-test,Shaw2021,2,1,NO_MATCH,NO_MATCH,NO_MATCH,NO_MATCH,NO_MATCH,NO,SEQUENCE_RELATEDNESS_PENDING,INDEPENDENT_BY_IDENTIFIER
shaw-2021_efer-SAMN15148437,SAMN15148437,SAMN15148437,Escherichia fergusonii,efer-test,Shaw2021,2,1,NO_MATCH,NO_MATCH,NO_MATCH,NO_MATCH,NO_MATCH,NO,SEQUENCE_RELATEDNESS_PENDING,INDEPENDENT_BY_IDENTIFIER
shaw-2021_efer-SAMN15148442,SAMN15148442,SAMN15148442,Escherichia fergusonii,efer-test,Shaw2021,2,1,NO_MATCH,NO_MATCH,NO_MATCH,NO_MATCH,NO_MATCH,NO,SEQUENCE_RELATEDNESS_PENDING,INDEPENDENT_BY_IDENTIFIER
robertson-benchmark_abau-SAMN10163228,SAMN10163228,SAMN10163228,Acinetobacter baumannii,eskapee-test,Robertson2018,2,1,NO_MATCH,NO_MATCH,NO_MATCH,NO_MATCH,NO_MATCH,NO,SEQUENCE_RELATEDNESS_PENDING,INDEPENDENT_BY_IDENTIFIER
robertson-benchmark_abau-SAMN10163233,SAMN10163233,SAMN10163233,Acinetobacter baumannii,eskapee-test,Robertson2018,2,1,NO_MATCH,NO_MATCH,NO_MATCH,NO_MATCH,NO_MATCH,NO,SEQUENCE_RELATEDNESS_PENDING,INDEPENDENT_BY_IDENTIFIER
robertson-benchmark_abau-SAMN16357205,SAMN16357205,SAMN16357205,Acinetobacter baumannii,eskapee-test,Robertson2018,2,1,NO_MATCH,NO_MATCH,NO_MATCH,NO_MATCH,NO_MATCH,NO,SEQUENCE_RELATEDNESS_PENDING,INDEPENDENT_BY_IDENTIFIER
robertson-benchmark_abau-SAMN16357501,SAMN16357501,SAMN16357501,Acinetobacter baumannii,eskapee-test,Robertson2018,2,1,NO_MATCH,NO_MATCH,NO_MATCH,NO_MATCH,NO_MATCH,NO,SEQUENCE_RELATEDNESS_PENDING,INDEPENDENT_BY_IDENTIFIER
robertson-benchmark_abau-SAMN16357502,SAMN16357502,SAMN16357502,Acinetobacter baumannii,eskapee-test,Robertson2018,2,1,NO_MATCH,NO_MATCH,NO_MATCH,NO_MATCH,NO_MATCH,NO,SEQUENCE_RELATEDNESS_PENDING,INDEPENDENT_BY_IDENTIFIER
robertson-benchmark_easb-SAMN16357574,SAMN16357574,SAMN16357574,Enterobacter asburiae,eskapee-test,Robertson2018,2,1,NO_MATCH,NO_MATCH,NO_MATCH,NO_MATCH,NO_MATCH,NO,SEQUENCE_RELATEDNESS_PENDING,INDEPENDENT_BY_IDENTIFIER
robertson-benchmark_ebug-SAMN16357569,SAMN16357569,SAMN16357569,Enterobacter bugandensis,eskapee-test,Robertson2018,2,1,NO_MATCH,NO_MATCH,NO_MATCH,NO_MATCH,NO_MATCH,NO,SEQUENCE_RELATEDNESS_PENDING,INDEPENDENT_BY_IDENTIFIER
robertson-benchmark_ecan-SAMN16357570,SAMN16357570,SAMN16357570,Enterobacter cancerogenus,eskapee-test,Robertson2018,2,1,NO_MATCH,NO_MATCH,NO_MATCH,NO_MATCH,NO_MATCH,NO,SEQUENCE_RELATEDNESS_PENDING,INDEPENDENT_BY_IDENTIFIER
robertson-benchmark_eclo-SAMN02934530,SAMN02934530,SAMN02934530,Enterobacter cloacae,eskapee-test,Robertson2018,2,1,NO_MATCH,NO_MATCH,NO_MATCH,NO_MATCH,NO_MATCH,NO,SEQUENCE_RELATEDNESS_PENDING,INDEPENDENT_BY_IDENTIFIER
robertson-benchmark_eclo-SAMN16357573,SAMN16357573,SAMN16357573,Enterobacter cloacae,eskapee-test,Robertson2018,2,1,NO_MATCH,NO_MATCH,NO_MATCH,NO_MATCH,NO_MATCH,NO,SEQUENCE_RELATEDNESS_PENDING,INDEPENDENT_BY_IDENTIFIER
robertson-benchmark_ecol-SAMD00056131,SAMD00056131,SAMD00056131,Escherichia coli,eskapee-test,Robertson2018,2,1,NO_MATCH,NO_MATCH,NO_MATCH,NO_MATCH,NO_MATCH,NO,SEQUENCE_RELATEDNESS_PENDING,INDEPENDENT_BY_IDENTIFIER
robertson-benchmark_ecol-SAMN02991226,SAMN02991226,SAMN02991226,Escherichia coli,eskapee-test,Robertson2018,2,1,NO_MATCH,NO_MATCH,NO_MATCH,NO_MATCH,NO_MATCH,NO,SEQUENCE_RELATEDNESS_PENDING,INDEPENDENT_BY_IDENTIFIER
robertson-benchmark_ecol-SAMN04014847,SAMN04014847,SAMN04014847,Escherichia coli,eskapee-test,Robertson2018,2,1,NO_MATCH,NO_MATCH,NO_MATCH,NO_MATCH,NO_MATCH,NO,SEQUENCE_RELATEDNESS_PENDING,INDEPENDENT_BY_IDENTIFIER
robertson-benchmark_ecol-SAMN04014852,SAMN04014852,SAMN04014852,Escherichia coli,eskapee-test,Robertson2018,2,1,NO_MATCH,NO_MATCH,NO_MATCH,NO_MATCH,NO_MATCH,NO,SEQUENCE_RELATEDNESS_PENDING,INDEPENDENT_BY_IDENTIFIER
robertson-benchmark_ecol-SAMN04014855,SAMN04014855,SAMN04014855,Escherichia coli,eskapee-test,Robertson2018,2,1,NO_MATCH,NO_MATCH,NO_MATCH,NO_MATCH,NO_MATCH,NO,SEQUENCE_RELATEDNESS_PENDING,INDEPENDENT_BY_IDENTIFIER
robertson-benchmark_ecol-SAMN04014856,SAMN04014856,SAMN04014856,Escherichia coli,eskapee-test,Robertson2018,2,1,NO_MATCH,NO_MATCH,NO_MATCH,NO_MATCH,NO_MATCH,NO,SEQUENCE_RELATEDNESS_PENDING,INDEPENDENT_BY_IDENTIFIER
robertson-benchmark_ecol-SAMN04014858,SAMN04014858,SAMN04014858,Escherichia coli,eskapee-test,Robertson2018,2,1,NO_MATCH,NO_MATCH,NO_MATCH,NO_MATCH,NO_MATCH,NO,SEQUENCE_RELATEDNESS_PENDING,INDEPENDENT_BY_IDENTIFIER
robertson-benchmark_ecol-SAMN04014860,SAMN04014860,SAMN04014860,Escherichia coli,eskapee-test,Robertson2018,2,1,NO_MATCH,NO_MATCH,NO_MATCH,NO_MATCH,NO_MATCH,NO,SEQUENCE_RELATEDNESS_PENDING,INDEPENDENT_BY_IDENTIFIER
robertson-benchmark_efae-SAMN03339922,SAMN03339922,SAMN03339922,Enterococcus faecium,eskapee-test,Robertson2018,2,1,NO_MATCH,NO_MATCH,NO_MATCH,NO_MATCH,NO_MATCH,NO,SEQUENCE_RELATEDNESS_PENDING,INDEPENDENT_BY_IDENTIFIER
robertson-benchmark_efae-SAMN06173336,SAMN06173336,SAMN06173336,Enterococcus faecium,eskapee-test,Robertson2018,2,1,NO_MATCH,NO_MATCH,NO_MATCH,NO_MATCH,NO_MATCH,NO,SEQUENCE_RELATEDNESS_PENDING,INDEPENDENT_BY_IDENTIFIER
robertson-benchmark_ehor-SAMN02713646,SAMN02713646,SAMN02713646,Enterobacter hormaechei,eskapee-test,Robertson2018,2,1,NO_MATCH,NO_MATCH,NO_MATCH,NO_MATCH,NO_MATCH,NO,SEQUENCE_RELATEDNESS_PENDING,INDEPENDENT_BY_IDENTIFIER
robertson-benchmark_ehor-SAMN02713683,SAMN02713683,SAMN02713683,Enterobacter hormaechei,eskapee-test,Robertson2018,2,1,NO_MATCH,NO_MATCH,NO_MATCH,NO_MATCH,NO_MATCH,NO,SEQUENCE_RELATEDNESS_PENDING,INDEPENDENT_BY_IDENTIFIER
robertson-benchmark_ehor-SAMN03733769,SAMN03733769,SAMN03733769,Enterobacter hormaechei,eskapee-test,Robertson2018,2,1,NO_MATCH,NO_MATCH,NO_MATCH,NO_MATCH,NO_MATCH,NO,SEQUENCE_RELATEDNESS_PENDING,INDEPENDENT_BY_IDENTIFIER
robertson-benchmark_ehor-SAMN11056357,SAMN11056357,SAMN11056357,Enterobacter hormaechei,eskapee-test,Robertson2018,2,1,NO_MATCH,NO_MATCH,NO_MATCH,NO_MATCH,NO_MATCH,NO,SEQUENCE_RELATEDNESS_PENDING,INDEPENDENT_BY_IDENTIFIER
robertson-benchmark_ehor-SAMN16357247,SAMN16357247,SAMN16357247,Enterobacter hormaechei,eskapee-test,Robertson2018,2,1,NO_MATCH,NO_MATCH,NO_MATCH,NO_MATCH,NO_MATCH,NO,SEQUENCE_RELATEDNESS_PENDING,INDEPENDENT_BY_IDENTIFIER
robertson-benchmark_ehor-SAMN16357576,SAMN16357576,SAMN16357576,Enterobacter hormaechei,eskapee-test,Robertson2018,2,1,NO_MATCH,NO_MATCH,NO_MATCH,NO_MATCH,NO_MATCH,NO,SEQUENCE_RELATEDNESS_PENDING,INDEPENDENT_BY_IDENTIFIER
robertson-benchmark_ehor-SAMN16357577,SAMN16357577,SAMN16357577,Enterobacter hormaechei,eskapee-test,Robertson2018,2,1,NO_MATCH,NO_MATCH,NO_MATCH,NO_MATCH,NO_MATCH,NO,SEQUENCE_RELATEDNESS_PENDING,INDEPENDENT_BY_IDENTIFIER
robertson-benchmark_erog-SAMN10163217,SAMN10163217,SAMN10163217,Enterobacter roggenkampii,eskapee-test,Robertson2018,2,1,NO_MATCH,NO_MATCH,NO_MATCH,NO_MATCH,NO_MATCH,NO,SEQUENCE_RELATEDNESS_PENDING,INDEPENDENT_BY_IDENTIFIER
robertson-benchmark_erog-SAMN16357572,SAMN16357572,SAMN16357572,Enterobacter roggenkampii,eskapee-test,Robertson2018,2,1,NO_MATCH,NO_MATCH,NO_MATCH,NO_MATCH,NO_MATCH,NO,SEQUENCE_RELATEDNESS_PENDING,INDEPENDENT_BY_IDENTIFIER
robertson-benchmark_exxx-SAMN03996308,SAMN03996308,SAMN03996308,Enterobacter xxx,eskapee-test,Robertson2018,2,1,NO_MATCH,NO_MATCH,NO_MATCH,NO_MATCH,NO_MATCH,NO,SEQUENCE_RELATEDNESS_PENDING,INDEPENDENT_BY_IDENTIFIER
robertson-benchmark_kpne-SAMEA3357010,SAMEA3357010,SAMEA3357010,Klebsiella pneumoniae,eskapee-test,Robertson2018,2,1,NO_MATCH,NO_MATCH,NO_MATCH,NO_MATCH,NO_MATCH,NO,SEQUENCE_RELATEDNESS_PENDING,INDEPENDENT_BY_IDENTIFIER
robertson-benchmark_kpne-SAMEA3357043,SAMEA3357043,SAMEA3357043,Klebsiella pneumoniae,eskapee-test,Robertson2018,2,1,NO_MATCH,NO_MATCH,NO_MATCH,NO_MATCH,NO_MATCH,NO,SEQUENCE_RELATEDNESS_PENDING,INDEPENDENT_BY_IDENTIFIER
robertson-benchmark_kpne-SAMEA3357077,SAMEA3357077,SAMEA3357077,Klebsiella pneumoniae,eskapee-test,Robertson2018,2,1,NO_MATCH,NO_MATCH,NO_MATCH,NO_MATCH,NO_MATCH,NO,SEQUENCE_RELATEDNESS_PENDING,INDEPENDENT_BY_IDENTIFIER
robertson-benchmark_kpne-SAMEA3357080,SAMEA3357080,SAMEA3357080,Klebsiella pneumoniae,eskapee-test,Robertson2018,2,1,NO_MATCH,NO_MATCH,NO_MATCH,NO_MATCH,NO_MATCH,NO,SEQUENCE_RELATEDNESS_PENDING,INDEPENDENT_BY_IDENTIFIER
robertson-benchmark_kpne-SAMEA3357223,SAMEA3357223,SAMEA3357223,Klebsiella pneumoniae,eskapee-test,Robertson2018,2,1,NO_MATCH,NO_MATCH,NO_MATCH,NO_MATCH,NO_MATCH,NO,SEQUENCE_RELATEDNESS_PENDING,INDEPENDENT_BY_IDENTIFIER
robertson-benchmark_kpne-SAMEA3357268,SAMEA3357268,SAMEA3357268,Klebsiella pneumoniae,eskapee-test,Robertson2018,2,1,NO_MATCH,NO_MATCH,NO_MATCH,NO_MATCH,NO_MATCH,NO,SEQUENCE_RELATEDNESS_PENDING,INDEPENDENT_BY_IDENTIFIER
robertson-benchmark_kpne-SAMEA3357272,SAMEA3357272,SAMEA3357272,Klebsiella pneumoniae,eskapee-test,Robertson2018,2,1,NO_MATCH,NO_MATCH,NO_MATCH,NO_MATCH,NO_MATCH,NO,SEQUENCE_RELATEDNESS_PENDING,INDEPENDENT_BY_IDENTIFIER
robertson-benchmark_kpne-SAMEA3357328,SAMEA3357328,SAMEA3357328,Klebsiella pneumoniae,eskapee-test,Robertson2018,2,1,NO_MATCH,NO_MATCH,NO_MATCH,NO_MATCH,NO_MATCH,NO,SEQUENCE_RELATEDNESS_PENDING,INDEPENDENT_BY_IDENTIFIER
robertson-benchmark_kpne-SAMN01057614,SAMN01057614,SAMN01057614,Klebsiella pneumoniae,eskapee-test,Robertson2018,2,1,NO_MATCH,NO_MATCH,NO_MATCH,NO_MATCH,NO_MATCH,NO,SEQUENCE_RELATEDNESS_PENDING,INDEPENDENT_BY_IDENTIFIER
robertson-benchmark_kpne-SAMN02786856,SAMN02786856,SAMN02786856,Klebsiella pneumoniae,eskapee-test,Robertson2018,2,1,NO_MATCH,NO_MATCH,NO_MATCH,NO_MATCH,NO_MATCH,NO,SEQUENCE_RELATEDNESS_PENDING,INDEPENDENT_BY_IDENTIFIER
robertson-benchmark_kpne-SAMN03024573,SAMN03024573,SAMN03024573,Klebsiella pneumoniae,eskapee-test,Robertson2018,2,1,NO_MATCH,NO_MATCH,NO_MATCH,NO_MATCH,NO_MATCH,NO,SEQUENCE_RELATEDNESS_PENDING,INDEPENDENT_BY_IDENTIFIER
robertson-benchmark_kpne-SAMN03024583,SAMN03024583,SAMN03024583,Klebsiella pneumoniae,eskapee-test,Robertson2018,2,1,NO_MATCH,NO_MATCH,NO_MATCH,NO_MATCH,NO_MATCH,NO,SEQUENCE_RELATEDNESS_PENDING,INDEPENDENT_BY_IDENTIFIER
robertson-benchmark_kpne-SAMN03996301,SAMN03996301,SAMN03996301,Klebsiella pneumoniae,eskapee-test,Robertson2018,2,1,NO_MATCH,NO_MATCH,NO_MATCH,NO_MATCH,NO_MATCH,NO,SEQUENCE_RELATEDNESS_PENDING,INDEPENDENT_BY_IDENTIFIER
robertson-benchmark_kpne-SAMN07312483,SAMN07312483,SAMN07312483,Klebsiella pneumoniae,eskapee-test,Robertson2018,2,1,NO_MATCH,NO_MATCH,NO_MATCH,NO_MATCH,NO_MATCH,NO,SEQUENCE_RELATEDNESS_PENDING,INDEPENDENT_BY_IDENTIFIER
robertson-benchmark_kpne-SAMN07312488,SAMN07312488,SAMN07312488,Klebsiella pneumoniae,eskapee-test,Robertson2018,2,1,NO_MATCH,NO_MATCH,NO_MATCH,NO_MATCH,NO_MATCH,NO,SEQUENCE_RELATEDNESS_PENDING,INDEPENDENT_BY_IDENTIFIER
robertson-benchmark_kpne-SAMN07312490,SAMN07312490,SAMN07312490,Klebsiella pneumoniae,eskapee-test,Robertson2018,2,1,NO_MATCH,NO_MATCH,NO_MATCH,NO_MATCH,NO_MATCH,NO,SEQUENCE_RELATEDNESS_PENDING,INDEPENDENT_BY_IDENTIFIER
robertson-benchmark_kpne-SAMN10163190,SAMN10163190,SAMN10163190,Klebsiella pneumoniae,eskapee-test,Robertson2018,2,1,NO_MATCH,NO_MATCH,NO_MATCH,NO_MATCH,NO_MATCH,NO,SEQUENCE_RELATEDNESS_PENDING,INDEPENDENT_BY_IDENTIFIER
robertson-benchmark_kpne-SAMN11056344,SAMN11056344,SAMN11056344,Klebsiella pneumoniae,eskapee-test,Robertson2018,2,1,NO_MATCH,NO_MATCH,NO_MATCH,NO_MATCH,NO_MATCH,NO,SEQUENCE_RELATEDNESS_PENDING,INDEPENDENT_BY_IDENTIFIER
robertson-benchmark_kpne-SAMN11056345,SAMN11056345,SAMN11056345,Klebsiella pneumoniae,eskapee-test,Robertson2018,2,1,NO_MATCH,NO_MATCH,NO_MATCH,NO_MATCH,NO_MATCH,NO,SEQUENCE_RELATEDNESS_PENDING,INDEPENDENT_BY_IDENTIFIER
robertson-benchmark_kpne-SAMN11056346,SAMN11056346,SAMN11056346,Klebsiella pneumoniae,eskapee-test,Robertson2018,2,1,NO_MATCH,NO_MATCH,NO_MATCH,NO_MATCH,NO_MATCH,NO,SEQUENCE_RELATEDNESS_PENDING,INDEPENDENT_BY_IDENTIFIER
robertson-benchmark_kpne-SAMN11056490,SAMN11056490,SAMN11056490,Klebsiella pneumoniae,eskapee-test,Robertson2018,2,1,NO_MATCH,NO_MATCH,NO_MATCH,NO_MATCH,NO_MATCH,NO,SEQUENCE_RELATEDNESS_PENDING,INDEPENDENT_BY_IDENTIFIER
robertson-benchmark_kpne-SAMN16357245,SAMN16357245,SAMN16357245,Klebsiella pneumoniae,eskapee-test,Robertson2018,2,1,NO_MATCH,NO_MATCH,NO_MATCH,NO_MATCH,NO_MATCH,NO,SEQUENCE_RELATEDNESS_PENDING,INDEPENDENT_BY_IDENTIFIER
robertson-benchmark_kpne-SAMN16357448,SAMN16357448,SAMN16357448,Klebsiella pneumoniae,eskapee-test,Robertson2018,2,1,NO_MATCH,NO_MATCH,NO_MATCH,NO_MATCH,NO_MATCH,NO,SEQUENCE_RELATEDNESS_PENDING,INDEPENDENT_BY_IDENTIFIER
robertson-benchmark_kpne-SAMN16357449,SAMN16357449,SAMN16357449,Klebsiella pneumoniae,eskapee-test,Robertson2018,2,1,NO_MATCH,NO_MATCH,NO_MATCH,NO_MATCH,NO_MATCH,NO,SEQUENCE_RELATEDNESS_PENDING,INDEPENDENT_BY_IDENTIFIER
robertson-benchmark_kpne-SAMN16357450,SAMN16357450,SAMN16357450,Klebsiella pneumoniae,eskapee-test,Robertson2018,2,1,NO_MATCH,NO_MATCH,NO_MATCH,NO_MATCH,NO_MATCH,NO,SEQUENCE_RELATEDNESS_PENDING,INDEPENDENT_BY_IDENTIFIER
robertson-benchmark_kpne-SAMN16357451,SAMN16357451,SAMN16357451,Klebsiella pneumoniae,eskapee-test,Robertson2018,2,1,NO_MATCH,NO_MATCH,NO_MATCH,NO_MATCH,NO_MATCH,NO,SEQUENCE_RELATEDNESS_PENDING,INDEPENDENT_BY_IDENTIFIER
robertson-benchmark_kpne-SAMN16357452,SAMN16357452,SAMN16357452,Klebsiella pneumoniae,eskapee-test,Robertson2018,2,1,NO_MATCH,NO_MATCH,NO_MATCH,NO_MATCH,NO_MATCH,NO,SEQUENCE_RELATEDNESS_PENDING,INDEPENDENT_BY_IDENTIFIER
robertson-benchmark_kpne-SAMN16357453,SAMN16357453,SAMN16357453,Klebsiella pneumoniae,eskapee-test,Robertson2018,2,1,NO_MATCH,NO_MATCH,NO_MATCH,NO_MATCH,NO_MATCH,NO,SEQUENCE_RELATEDNESS_PENDING,INDEPENDENT_BY_IDENTIFIER
robertson-benchmark_kpne-SAMN16357454,SAMN16357454,SAMN16357454,Klebsiella pneumoniae,eskapee-test,Robertson2018,2,1,NO_MATCH,NO_MATCH,NO_MATCH,NO_MATCH,NO_MATCH,NO,SEQUENCE_RELATEDNESS_PENDING,INDEPENDENT_BY_IDENTIFIER
robertson-benchmark_kpne-SAMN16357455,SAMN16357455,SAMN16357455,Klebsiella pneumoniae,eskapee-test,Robertson2018,2,1,NO_MATCH,NO_MATCH,NO_MATCH,NO_MATCH,NO_MATCH,NO,SEQUENCE_RELATEDNESS_PENDING,INDEPENDENT_BY_IDENTIFIER
robertson-benchmark_kpne-SAMN16357456,SAMN16357456,SAMN16357456,Klebsiella pneumoniae,eskapee-test,Robertson2018,2,1,NO_MATCH,NO_MATCH,NO_MATCH,NO_MATCH,NO_MATCH,NO,SEQUENCE_RELATEDNESS_PENDING,INDEPENDENT_BY_IDENTIFIER
robertson-benchmark_kpne-SAMN16357457,SAMN16357457,SAMN16357457,Klebsiella pneumoniae,eskapee-test,Robertson2018,2,1,NO_MATCH,NO_MATCH,NO_MATCH,NO_MATCH,NO_MATCH,NO,SEQUENCE_RELATEDNESS_PENDING,INDEPENDENT_BY_IDENTIFIER
robertson-benchmark_kpne-SAMN16357458,SAMN16357458,SAMN16357458,Klebsiella pneumoniae,eskapee-test,Robertson2018,2,1,NO_MATCH,NO_MATCH,NO_MATCH,NO_MATCH,NO_MATCH,NO,SEQUENCE_RELATEDNESS_PENDING,INDEPENDENT_BY_IDENTIFIER
robertson-benchmark_kpne-SAMN16357459,SAMN16357459,SAMN16357459,Klebsiella pneumoniae,eskapee-test,Robertson2018,2,1,NO_MATCH,NO_MATCH,NO_MATCH,NO_MATCH,NO_MATCH,NO,SEQUENCE_RELATEDNESS_PENDING,INDEPENDENT_BY_IDENTIFIER
robertson-benchmark_kpne-SAMN16357460,SAMN16357460,SAMN16357460,Klebsiella pneumoniae,eskapee-test,Robertson2018,2,1,NO_MATCH,NO_MATCH,NO_MATCH,NO_MATCH,NO_MATCH,NO,SEQUENCE_RELATEDNESS_PENDING,INDEPENDENT_BY_IDENTIFIER
robertson-benchmark_kpne-SAMN16357461,SAMN16357461,SAMN16357461,Klebsiella pneumoniae,eskapee-test,Robertson2018,2,1,NO_MATCH,NO_MATCH,NO_MATCH,NO_MATCH,NO_MATCH,NO,SEQUENCE_RELATEDNESS_PENDING,INDEPENDENT_BY_IDENTIFIER
robertson-benchmark_kpne-SAMN16357462,SAMN16357462,SAMN16357462,Klebsiella pneumoniae,eskapee-test,Robertson2018,2,1,NO_MATCH,NO_MATCH,NO_MATCH,NO_MATCH,NO_MATCH,NO,SEQUENCE_RELATEDNESS_PENDING,INDEPENDENT_BY_IDENTIFIER
robertson-benchmark_kpne-SAMN16357463,SAMN16357463,SAMN16357463,Klebsiella pneumoniae,eskapee-test,Robertson2018,2,1,NO_MATCH,NO_MATCH,NO_MATCH,NO_MATCH,NO_MATCH,NO,SEQUENCE_RELATEDNESS_PENDING,INDEPENDENT_BY_IDENTIFIER
robertson-benchmark_kpne-SAMN16357464,SAMN16357464,SAMN16357464,Klebsiella pneumoniae,eskapee-test,Robertson2018,2,1,NO_MATCH,NO_MATCH,NO_MATCH,NO_MATCH,NO_MATCH,NO,SEQUENCE_RELATEDNESS_PENDING,INDEPENDENT_BY_IDENTIFIER
robertson-benchmark_kpne-SAMN16357465,SAMN16357465,SAMN16357465,Klebsiella pneumoniae,eskapee-test,Robertson2018,2,1,NO_MATCH,NO_MATCH,NO_MATCH,NO_MATCH,NO_MATCH,NO,SEQUENCE_RELATEDNESS_PENDING,INDEPENDENT_BY_IDENTIFIER
robertson-benchmark_kpne-SAMN16357466,SAMN16357466,SAMN16357466,Klebsiella pneumoniae,eskapee-test,Robertson2018,2,1,NO_MATCH,NO_MATCH,NO_MATCH,NO_MATCH,NO_MATCH,NO,SEQUENCE_RELATEDNESS_PENDING,INDEPENDENT_BY_IDENTIFIER
robertson-benchmark_kpne-SAMN16357467,SAMN16357467,SAMN16357467,Klebsiella pneumoniae,eskapee-test,Robertson2018,2,1,NO_MATCH,NO_MATCH,NO_MATCH,NO_MATCH,NO_MATCH,NO,SEQUENCE_RELATEDNESS_PENDING,INDEPENDENT_BY_IDENTIFIER
robertson-benchmark_kpne-SAMN16357468,SAMN16357468,SAMN16357468,Klebsiella pneumoniae,eskapee-test,Robertson2018,2,1,NO_MATCH,NO_MATCH,NO_MATCH,NO_MATCH,NO_MATCH,NO,SEQUENCE_RELATEDNESS_PENDING,INDEPENDENT_BY_IDENTIFIER
robertson-benchmark_kpne-SAMN16357470,SAMN16357470,SAMN16357470,Klebsiella pneumoniae,eskapee-test,Robertson2018,2,1,NO_MATCH,NO_MATCH,NO_MATCH,NO_MATCH,NO_MATCH,NO,SEQUENCE_RELATEDNESS_PENDING,INDEPENDENT_BY_IDENTIFIER
robertson-benchmark_kpne-SAMN16357471,SAMN16357471,SAMN16357471,Klebsiella pneumoniae,eskapee-test,Robertson2018,2,1,NO_MATCH,NO_MATCH,NO_MATCH,NO_MATCH,NO_MATCH,NO,SEQUENCE_RELATEDNESS_PENDING,INDEPENDENT_BY_IDENTIFIER
robertson-benchmark_kpne-SAMN16357472,SAMN16357472,SAMN16357472,Klebsiella pneumoniae,eskapee-test,Robertson2018,2,1,NO_MATCH,NO_MATCH,NO_MATCH,NO_MATCH,NO_MATCH,NO,SEQUENCE_RELATEDNESS_PENDING,INDEPENDENT_BY_IDENTIFIER
robertson-benchmark_paer-SAMN10163177,SAMN10163177,SAMN10163177,Pseudomonas aeruginosa,eskapee-test,Robertson2018,2,1,NO_MATCH,NO_MATCH,NO_MATCH,NO_MATCH,NO_MATCH,NO,SEQUENCE_RELATEDNESS_PENDING,INDEPENDENT_BY_IDENTIFIER
robertson-benchmark_paer-SAMN10163199,SAMN10163199,SAMN10163199,Pseudomonas aeruginosa,eskapee-test,Robertson2018,2,1,NO_MATCH,NO_MATCH,NO_MATCH,NO_MATCH,NO_MATCH,NO,SEQUENCE_RELATEDNESS_PENDING,INDEPENDENT_BY_IDENTIFIER
robertson-benchmark_paer-SAMN10346774,SAMN10346774,SAMN10346774,Pseudomonas aeruginosa,eskapee-test,Robertson2018,2,1,NO_MATCH,NO_MATCH,NO_MATCH,NO_MATCH,NO_MATCH,NO,SEQUENCE_RELATEDNESS_PENDING,INDEPENDENT_BY_IDENTIFIER
robertson-benchmark_paer-SAMN11056482,SAMN11056482,SAMN11056482,Pseudomonas aeruginosa,eskapee-test,Robertson2018,2,1,NO_MATCH,NO_MATCH,NO_MATCH,NO_MATCH,NO_MATCH,NO,SEQUENCE_RELATEDNESS_PENDING,INDEPENDENT_BY_IDENTIFIER
robertson-benchmark_paer-SAMN16357210,SAMN16357210,SAMN16357210,Pseudomonas aeruginosa,eskapee-test,Robertson2018,2,1,NO_MATCH,NO_MATCH,NO_MATCH,NO_MATCH,NO_MATCH,NO,SEQUENCE_RELATEDNESS_PENDING,INDEPENDENT_BY_IDENTIFIER
robertson-benchmark_saur-SAMN02700075,SAMN02700075,SAMN02700075,Staphylococcus aureus,eskapee-test,Robertson2018,2,1,NO_MATCH,NO_MATCH,NO_MATCH,HIT,NO_MATCH,NO,SEQUENCE_RELATEDNESS_PENDING,EXACT_SAMPLE_OVERLAP
robertson-benchmark_saur-SAMN03255442,SAMN03255442,SAMN03255442,Staphylococcus aureus,eskapee-test,Robertson2018,2,1,NO_MATCH,NO_MATCH,NO_MATCH,NO_MATCH,NO_MATCH,NO,SEQUENCE_RELATEDNESS_PENDING,INDEPENDENT_BY_IDENTIFIER
robertson-benchmark_saur-SAMN03255444,SAMN03255444,SAMN03255444,Staphylococcus aureus,eskapee-test,Robertson2018,2,1,NO_MATCH,NO_MATCH,NO_MATCH,NO_MATCH,NO_MATCH,NO,SEQUENCE_RELATEDNESS_PENDING,INDEPENDENT_BY_IDENTIFIER
robertson-benchmark_saur-SAMN03255445,SAMN03255445,SAMN03255445,Staphylococcus aureus,eskapee-test,Robertson2018,2,1,NO_MATCH,NO_MATCH,NO_MATCH,NO_MATCH,NO_MATCH,NO,SEQUENCE_RELATEDNESS_PENDING,INDEPENDENT_BY_IDENTIFIER
robertson-benchmark_saur-SAMN03255446,SAMN03255446,SAMN03255446,Staphylococcus aureus,eskapee-test,Robertson2018,2,1,NO_MATCH,NO_MATCH,NO_MATCH,NO_MATCH,NO_MATCH,NO,SEQUENCE_RELATEDNESS_PENDING,INDEPENDENT_BY_IDENTIFIER
robertson-benchmark_saur-SAMN03255448,SAMN03255448,SAMN03255448,Staphylococcus aureus,eskapee-test,Robertson2018,2,1,NO_MATCH,NO_MATCH,NO_MATCH,NO_MATCH,NO_MATCH,NO,SEQUENCE_RELATEDNESS_PENDING,INDEPENDENT_BY_IDENTIFIER
robertson-benchmark_saur-SAMN03255449,SAMN03255449,SAMN03255449,Staphylococcus aureus,eskapee-test,Robertson2018,2,1,NO_MATCH,NO_MATCH,NO_MATCH,NO_MATCH,NO_MATCH,NO,SEQUENCE_RELATEDNESS_PENDING,INDEPENDENT_BY_IDENTIFIER
robertson-benchmark_saur-SAMN03255451,SAMN03255451,SAMN03255451,Staphylococcus aureus,eskapee-test,Robertson2018,2,1,NO_MATCH,NO_MATCH,NO_MATCH,NO_MATCH,NO_MATCH,NO,SEQUENCE_RELATEDNESS_PENDING,INDEPENDENT_BY_IDENTIFIER
robertson-benchmark_saur-SAMN03255453,SAMN03255453,SAMN03255453,Staphylococcus aureus,eskapee-test,Robertson2018,2,1,NO_MATCH,NO_MATCH,NO_MATCH,NO_MATCH,NO_MATCH,NO,SEQUENCE_RELATEDNESS_PENDING,INDEPENDENT_BY_IDENTIFIER
robertson-benchmark_saur-SAMN03255454,SAMN03255454,SAMN03255454,Staphylococcus aureus,eskapee-test,Robertson2018,2,1,NO_MATCH,NO_MATCH,NO_MATCH,NO_MATCH,NO_MATCH,NO,SEQUENCE_RELATEDNESS_PENDING,INDEPENDENT_BY_IDENTIFIER
robertson-benchmark_saur-SAMN03255458,SAMN03255458,SAMN03255458,Staphylococcus aureus,eskapee-test,Robertson2018,2,1,NO_MATCH,NO_MATCH,NO_MATCH,NO_MATCH,NO_MATCH,NO,SEQUENCE_RELATEDNESS_PENDING,INDEPENDENT_BY_IDENTIFIER
robertson-benchmark_saur-SAMN03255460,SAMN03255460,SAMN03255460,Staphylococcus aureus,eskapee-test,Robertson2018,2,1,NO_MATCH,NO_MATCH,NO_MATCH,NO_MATCH,NO_MATCH,NO,SEQUENCE_RELATEDNESS_PENDING,INDEPENDENT_BY_IDENTIFIER
robertson-benchmark_saur-SAMN03255463,SAMN03255463,SAMN03255463,Staphylococcus aureus,eskapee-test,Robertson2018,2,1,NO_MATCH,NO_MATCH,NO_MATCH,NO_MATCH,NO_MATCH,NO,SEQUENCE_RELATEDNESS_PENDING,INDEPENDENT_BY_IDENTIFIER
robertson-benchmark_saur-SAMN03255464,SAMN03255464,SAMN03255464,Staphylococcus aureus,eskapee-test,Robertson2018,2,1,NO_MATCH,NO_MATCH,NO_MATCH,NO_MATCH,NO_MATCH,NO,SEQUENCE_RELATEDNESS_PENDING,INDEPENDENT_BY_IDENTIFIER
robertson-benchmark_saur-SAMN03255466,SAMN03255466,SAMN03255466,Staphylococcus aureus,eskapee-test,Robertson2018,2,1,NO_MATCH,NO_MATCH,NO_MATCH,NO_MATCH,NO_MATCH,NO,SEQUENCE_RELATEDNESS_PENDING,INDEPENDENT_BY_IDENTIFIER
robertson-benchmark_saur-SAMN03255469,SAMN03255469,SAMN03255469,Staphylococcus aureus,eskapee-test,Robertson2018,2,1,NO_MATCH,NO_MATCH,NO_MATCH,NO_MATCH,NO_MATCH,NO,SEQUENCE_RELATEDNESS_PENDING,INDEPENDENT_BY_IDENTIFIER
robertson-benchmark_saur-SAMN03255474,SAMN03255474,SAMN03255474,Staphylococcus aureus,eskapee-test,Robertson2018,2,1,NO_MATCH,NO_MATCH,NO_MATCH,NO_MATCH,NO_MATCH,NO,SEQUENCE_RELATEDNESS_PENDING,INDEPENDENT_BY_IDENTIFIER
robertson-benchmark_saur-SAMN03255479,SAMN03255479,SAMN03255479,Staphylococcus aureus,eskapee-test,Robertson2018,2,1,NO_MATCH,NO_MATCH,NO_MATCH,NO_MATCH,NO_MATCH,NO,SEQUENCE_RELATEDNESS_PENDING,INDEPENDENT_BY_IDENTIFIER
robertson-benchmark_saur-SAMN03255481,SAMN03255481,SAMN03255481,Staphylococcus aureus,eskapee-test,Robertson2018,2,1,NO_MATCH,NO_MATCH,NO_MATCH,NO_MATCH,NO_MATCH,NO,SEQUENCE_RELATEDNESS_PENDING,INDEPENDENT_BY_IDENTIFIER
robertson-benchmark_saur-SAMN03255482,SAMN03255482,SAMN03255482,Staphylococcus aureus,eskapee-test,Robertson2018,2,1,NO_MATCH,NO_MATCH,NO_MATCH,NO_MATCH,NO_MATCH,NO,SEQUENCE_RELATEDNESS_PENDING,INDEPENDENT_BY_IDENTIFIER
robertson-benchmark_saur-SAMN03255486,SAMN03255486,SAMN03255486,Staphylococcus aureus,eskapee-test,Robertson2018,2,1,NO_MATCH,NO_MATCH,NO_MATCH,NO_MATCH,NO_MATCH,NO,SEQUENCE_RELATEDNESS_PENDING,INDEPENDENT_BY_IDENTIFIER
robertson-benchmark_saur-SAMN03255487,SAMN03255487,SAMN03255487,Staphylococcus aureus,eskapee-test,Robertson2018,2,1,NO_MATCH,NO_MATCH,NO_MATCH,NO_MATCH,NO_MATCH,NO,SEQUENCE_RELATEDNESS_PENDING,INDEPENDENT_BY_IDENTIFIER
robertson-benchmark_saur-SAMN03996304,SAMN03996304,SAMN03996304,Staphylococcus aureus,eskapee-test,Robertson2018,2,1,NO_MATCH,NO_MATCH,NO_MATCH,NO_MATCH,NO_MATCH,NO,SEQUENCE_RELATEDNESS_PENDING,INDEPENDENT_BY_IDENTIFIER
robertson-benchmark_saur-SAMN07312456,SAMN07312456,SAMN07312456,Staphylococcus aureus,eskapee-test,Robertson2018,2,1,NO_MATCH,NO_MATCH,NO_MATCH,NO_MATCH,NO_MATCH,NO,SEQUENCE_RELATEDNESS_PENDING,INDEPENDENT_BY_IDENTIFIER
robertson-benchmark_saur-SAMN10163180,SAMN10163180,SAMN10163180,Staphylococcus aureus,eskapee-test,Robertson2018,2,1,NO_MATCH,NO_MATCH,NO_MATCH,NO_MATCH,NO_MATCH,NO,SEQUENCE_RELATEDNESS_PENDING,INDEPENDENT_BY_IDENTIFIER
robertson-benchmark_saur-SAMN11056375,SAMN11056375,SAMN11056375,Staphylococcus aureus,eskapee-test,Robertson2018,2,1,NO_MATCH,NO_MATCH,NO_MATCH,NO_MATCH,NO_MATCH,NO,SEQUENCE_RELATEDNESS_PENDING,INDEPENDENT_BY_IDENTIFIER
robertson-benchmark_saur-SAMN11056481,SAMN11056481,SAMN11056481,Staphylococcus aureus,eskapee-test,Robertson2018,2,1,NO_MATCH,NO_MATCH,NO_MATCH,NO_MATCH,NO_MATCH,NO,SEQUENCE_RELATEDNESS_PENDING,INDEPENDENT_BY_IDENTIFIER
robertson-benchmark_saur-SAMN11056488,SAMN11056488,SAMN11056488,Staphylococcus aureus,eskapee-test,Robertson2018,2,1,NO_MATCH,NO_MATCH,NO_MATCH,NO_MATCH,NO_MATCH,NO,SEQUENCE_RELATEDNESS_PENDING,INDEPENDENT_BY_IDENTIFIER
robertson-benchmark_saur-SAMN16357255,SAMN16357255,SAMN16357255,Staphylococcus aureus,eskapee-test,Robertson2018,2,1,NO_MATCH,NO_MATCH,NO_MATCH,NO_MATCH,NO_MATCH,NO,SEQUENCE_RELATEDNESS_PENDING,INDEPENDENT_BY_IDENTIFIER
robertson-benchmark_saur-SAMN16357387,SAMN16357387,SAMN16357387,Staphylococcus aureus,eskapee-test,Robertson2018,2,1,NO_MATCH,NO_MATCH,NO_MATCH,NO_MATCH,NO_MATCH,NO,SEQUENCE_RELATEDNESS_PENDING,INDEPENDENT_BY_IDENTIFIER
robertson-benchmark_saur-SAMN16357388,SAMN16357388,SAMN16357388,Staphylococcus aureus,eskapee-test,Robertson2018,2,1,NO_MATCH,NO_MATCH,NO_MATCH,NO_MATCH,NO_MATCH,NO,SEQUENCE_RELATEDNESS_PENDING,INDEPENDENT_BY_IDENTIFIER
boostrom_abau-SAMEA12292436,SAMEA12292436,SAMEA12292436,Acinetobacter baumannii,eskapee-train,Boostrom2022,2,1,NO_MATCH,NO_MATCH,NO_MATCH,NO_MATCH,NO_MATCH,YES,SEQUENCE_RELATEDNESS_PENDING,EXCLUDED_FROM_PRIMARY
boostrom_abau-SAMEA12292492,SAMEA12292492,SAMEA12292492,Acinetobacter baumannii,eskapee-train,Boostrom2022,2,1,NO_MATCH,NO_MATCH,NO_MATCH,NO_MATCH,NO_MATCH,YES,SEQUENCE_RELATEDNESS_PENDING,EXCLUDED_FROM_PRIMARY
boostrom_abau-SAMEA12292493,SAMEA12292493,SAMEA12292493,Acinetobacter baumannii,eskapee-train,Boostrom2022,2,1,NO_MATCH,NO_MATCH,NO_MATCH,NO_MATCH,NO_MATCH,YES,SEQUENCE_RELATEDNESS_PENDING,EXCLUDED_FROM_PRIMARY
boostrom_abau-SAMEA12292496,SAMEA12292496,SAMEA12292496,Acinetobacter baumannii,eskapee-train,Boostrom2022,2,1,NO_MATCH,NO_MATCH,NO_MATCH,NO_MATCH,NO_MATCH,YES,SEQUENCE_RELATEDNESS_PENDING,EXCLUDED_FROM_PRIMARY
boostrom_abau-SAMEA12292515,SAMEA12292515,SAMEA12292515,Acinetobacter baumannii,eskapee-train,Boostrom2022,2,1,NO_MATCH,NO_MATCH,NO_MATCH,NO_MATCH,NO_MATCH,YES,SEQUENCE_RELATEDNESS_PENDING,EXCLUDED_FROM_PRIMARY
boostrom_abau-SAMEA12292546,SAMEA12292546,SAMEA12292546,Acinetobacter baumannii,eskapee-train,Boostrom2022,2,1,NO_MATCH,NO_MATCH,NO_MATCH,NO_MATCH,NO_MATCH,YES,SEQUENCE_RELATEDNESS_PENDING,EXCLUDED_FROM_PRIMARY
boostrom_paer-SAMEA12292472,SAMEA12292472,SAMEA12292472,Pseudomonas aeruginosa,eskapee-train,Boostrom2022,2,1,NO_MATCH,NO_MATCH,NO_MATCH,NO_MATCH,NO_MATCH,YES,SEQUENCE_RELATEDNESS_PENDING,EXCLUDED_FROM_PRIMARY
boostrom_paer-SAMEA12292473,SAMEA12292473,SAMEA12292473,Pseudomonas aeruginosa,eskapee-train,Boostrom2022,2,1,NO_MATCH,NO_MATCH,NO_MATCH,NO_MATCH,NO_MATCH,YES,SEQUENCE_RELATEDNESS_PENDING,EXCLUDED_FROM_PRIMARY
boostrom_paer-SAMEA12292475,SAMEA12292475,SAMEA12292475,Pseudomonas aeruginosa,eskapee-train,Boostrom2022,2,1,NO_MATCH,NO_MATCH,NO_MATCH,NO_MATCH,NO_MATCH,YES,SEQUENCE_RELATEDNESS_PENDING,EXCLUDED_FROM_PRIMARY
boostrom_paer-SAMEA12292477,SAMEA12292477,SAMEA12292477,Pseudomonas aeruginosa,eskapee-train,Boostrom2022,2,1,NO_MATCH,NO_MATCH,NO_MATCH,NO_MATCH,NO_MATCH,YES,SEQUENCE_RELATEDNESS_PENDING,EXCLUDED_FROM_PRIMARY
boostrom_paer-SAMEA12292478,SAMEA12292478,SAMEA12292478,Pseudomonas aeruginosa,eskapee-train,Boostrom2022,2,1,NO_MATCH,NO_MATCH,NO_MATCH,NO_MATCH,NO_MATCH,YES,SEQUENCE_RELATEDNESS_PENDING,EXCLUDED_FROM_PRIMARY
boostrom_paer-SAMEA12292479,SAMEA12292479,SAMEA12292479,Pseudomonas aeruginosa,eskapee-train,Boostrom2022,2,1,NO_MATCH,NO_MATCH,NO_MATCH,NO_MATCH,NO_MATCH,YES,SEQUENCE_RELATEDNESS_PENDING,EXCLUDED_FROM_PRIMARY
boostrom_paer-SAMEA12292490,SAMEA12292490,SAMEA12292490,Pseudomonas aeruginosa,eskapee-train,Boostrom2022,2,1,NO_MATCH,NO_MATCH,NO_MATCH,NO_MATCH,NO_MATCH,YES,SEQUENCE_RELATEDNESS_PENDING,EXCLUDED_FROM_PRIMARY
boostrom_saur-SAMEA12292583,SAMEA12292583,SAMEA12292583,Staphylococcus aureus,eskapee-train,Boostrom2022,2,1,NO_MATCH,NO_MATCH,NO_MATCH,NO_MATCH,NO_MATCH,YES,SEQUENCE_RELATEDNESS_PENDING,EXCLUDED_FROM_PRIMARY
mlplasmids_efae-E0139,E0139,E0139,Enterococcus faecium,eskapee-train,ArredondoAlonso2018,2,1,NO_MATCH,NO_MATCH,NO_MATCH,NO_MATCH,NO_MATCH,YES,SEQUENCE_RELATEDNESS_PENDING,EXCLUDED_FROM_PRIMARY
mlplasmids_efae-E4227,E4227,E4227,Enterococcus faecium,eskapee-train,ArredondoAlonso2018,2,1,NO_MATCH,NO_MATCH,NO_MATCH,NO_MATCH,NO_MATCH,YES,SEQUENCE_RELATEDNESS_PENDING,EXCLUDED_FROM_PRIMARY
mlplasmids_efae-E4438,E4438,E4438,Enterococcus faecium,eskapee-train,ArredondoAlonso2018,2,1,NO_MATCH,NO_MATCH,NO_MATCH,NO_MATCH,NO_MATCH,YES,SEQUENCE_RELATEDNESS_PENDING,EXCLUDED_FROM_PRIMARY
mlplasmids_efae-E6055,E6055,E6055,Enterococcus faecium,eskapee-train,ArredondoAlonso2018,2,1,NO_MATCH,NO_MATCH,NO_MATCH,NO_MATCH,NO_MATCH,YES,SEQUENCE_RELATEDNESS_PENDING,EXCLUDED_FROM_PRIMARY
mlplasmids_efae-E7040,E7040,E7040,Enterococcus faecium,eskapee-train,ArredondoAlonso2018,2,1,NO_MATCH,NO_MATCH,NO_MATCH,NO_MATCH,NO_MATCH,YES,SEQUENCE_RELATEDNESS_PENDING,EXCLUDED_FROM_PRIMARY
mlplasmids_efae-E7171,E7171,E7171,Enterococcus faecium,eskapee-train,ArredondoAlonso2018,2,1,NO_MATCH,NO_MATCH,NO_MATCH,NO_MATCH,NO_MATCH,YES,SEQUENCE_RELATEDNESS_PENDING,EXCLUDED_FROM_PRIMARY
mlplasmids_efae-E7357,E7357,E7357,Enterococcus faecium,eskapee-train,ArredondoAlonso2018,2,1,NO_MATCH,NO_MATCH,NO_MATCH,NO_MATCH,NO_MATCH,YES,SEQUENCE_RELATEDNESS_PENDING,EXCLUDED_FROM_PRIMARY
mlplasmids_efae-E7441,E7441,E7441,Enterococcus faecium,eskapee-train,ArredondoAlonso2018,2,1,NO_MATCH,NO_MATCH,NO_MATCH,NO_MATCH,NO_MATCH,YES,SEQUENCE_RELATEDNESS_PENDING,EXCLUDED_FROM_PRIMARY
mlplasmids_efae-E8284,E8284,E8284,Enterococcus faecium,eskapee-train,ArredondoAlonso2018,2,1,NO_MATCH,NO_MATCH,NO_MATCH,NO_MATCH,NO_MATCH,YES,SEQUENCE_RELATEDNESS_PENDING,EXCLUDED_FROM_PRIMARY
mlplasmids_efae-E8481,E8481,E8481,Enterococcus faecium,eskapee-train,ArredondoAlonso2018,2,1,NO_MATCH,NO_MATCH,NO_MATCH,NO_MATCH,NO_MATCH,YES,SEQUENCE_RELATEDNESS_PENDING,EXCLUDED_FROM_PRIMARY
shaw-2021_eclo-SAMN15148478,SAMN15148478,SAMN15148478,Enterobacter cloacae,eskapee-train,Shaw2021,2,1,NO_MATCH,NO_MATCH,NO_MATCH,NO_MATCH,NO_MATCH,YES,SEQUENCE_RELATEDNESS_PENDING,EXCLUDED_FROM_PRIMARY
shaw-2021_eclo-SAMN15148534,SAMN15148534,SAMN15148534,Enterobacter cloacae,eskapee-train,Shaw2021,2,1,NO_MATCH,NO_MATCH,NO_MATCH,NO_MATCH,NO_MATCH,YES,SEQUENCE_RELATEDNESS_PENDING,EXCLUDED_FROM_PRIMARY
shaw-2021_eclo-SAMN15148541,SAMN15148541,SAMN15148541,Enterobacter cloacae,eskapee-train,Shaw2021,2,1,NO_MATCH,NO_MATCH,NO_MATCH,NO_MATCH,NO_MATCH,YES,SEQUENCE_RELATEDNESS_PENDING,EXCLUDED_FROM_PRIMARY
shaw-2021_eclo-SAMN15148612,SAMN15148612,SAMN15148612,Enterobacter cloacae,eskapee-train,Shaw2021,2,1,NO_MATCH,NO_MATCH,NO_MATCH,NO_MATCH,NO_MATCH,YES,SEQUENCE_RELATEDNESS_PENDING,EXCLUDED_FROM_PRIMARY
shaw-2021_eclo-SAMN15148633,SAMN15148633,SAMN15148633,Enterobacter cloacae,eskapee-train,Shaw2021,2,1,NO_MATCH,NO_MATCH,NO_MATCH,NO_MATCH,NO_MATCH,YES,SEQUENCE_RELATEDNESS_PENDING,EXCLUDED_FROM_PRIMARY
shaw-2021_eclo-SAMN15148668,SAMN15148668,SAMN15148668,Enterobacter cloacae,eskapee-train,Shaw2021,2,1,NO_MATCH,NO_MATCH,NO_MATCH,NO_MATCH,NO_MATCH,YES,SEQUENCE_RELATEDNESS_PENDING,EXCLUDED_FROM_PRIMARY
shaw-2021_eclo-SAMN15148690,SAMN15148690,SAMN15148690,Enterobacter cloacae,eskapee-train,Shaw2021,2,1,NO_MATCH,NO_MATCH,NO_MATCH,NO_MATCH,NO_MATCH,YES,SEQUENCE_RELATEDNESS_PENDING,EXCLUDED_FROM_PRIMARY
shaw-2021_eclo-SAMN15148770,SAMN15148770,SAMN15148770,Enterobacter cloacae,eskapee-train,Shaw2021,2,1,NO_MATCH,NO_MATCH,NO_MATCH,NO_MATCH,NO_MATCH,YES,SEQUENCE_RELATEDNESS_PENDING,EXCLUDED_FROM_PRIMARY
shaw-2021_ecol-SAMN15147948,SAMN15147948,SAMN15147948,Escherichia coli,eskapee-train,Shaw2021,2,1,NO_MATCH,NO_MATCH,NO_MATCH,NO_MATCH,NO_MATCH,YES,SEQUENCE_RELATEDNESS_PENDING,EXCLUDED_FROM_PRIMARY
shaw-2021_ecol-SAMN15148054,SAMN15148054,SAMN15148054,Escherichia coli,eskapee-train,Shaw2021,2,1,NO_MATCH,NO_MATCH,NO_MATCH,NO_MATCH,NO_MATCH,YES,SEQUENCE_RELATEDNESS_PENDING,EXCLUDED_FROM_PRIMARY
shaw-2021_ecol-SAMN15148145,SAMN15148145,SAMN15148145,Escherichia coli,eskapee-train,Shaw2021,2,1,NO_MATCH,NO_MATCH,NO_MATCH,NO_MATCH,NO_MATCH,YES,SEQUENCE_RELATEDNESS_PENDING,EXCLUDED_FROM_PRIMARY
shaw-2021_ecol-SAMN15148272,SAMN15148272,SAMN15148272,Escherichia coli,eskapee-train,Shaw2021,2,1,NO_MATCH,NO_MATCH,NO_MATCH,NO_MATCH,NO_MATCH,YES,SEQUENCE_RELATEDNESS_PENDING,EXCLUDED_FROM_PRIMARY
shaw-2021_ecol-SAMN15148318,SAMN15148318,SAMN15148318,Escherichia coli,eskapee-train,Shaw2021,2,1,NO_MATCH,NO_MATCH,NO_MATCH,NO_MATCH,NO_MATCH,YES,SEQUENCE_RELATEDNESS_PENDING,EXCLUDED_FROM_PRIMARY
shaw-2021_ecol-SAMN15148346,SAMN15148346,SAMN15148346,Escherichia coli,eskapee-train,Shaw2021,2,1,NO_MATCH,NO_MATCH,NO_MATCH,NO_MATCH,NO_MATCH,YES,SEQUENCE_RELATEDNESS_PENDING,EXCLUDED_FROM_PRIMARY
shaw-2021_ecol-SAMN15148412,SAMN15148412,SAMN15148412,Escherichia coli,eskapee-train,Shaw2021,2,1,NO_MATCH,NO_MATCH,NO_MATCH,NO_MATCH,NO_MATCH,YES,SEQUENCE_RELATEDNESS_PENDING,EXCLUDED_FROM_PRIMARY
shaw-2021_ecol-SAMN15148474,SAMN15148474,SAMN15148474,Escherichia coli,eskapee-train,Shaw2021,2,1,NO_MATCH,NO_MATCH,NO_MATCH,NO_MATCH,NO_MATCH,YES,SEQUENCE_RELATEDNESS_PENDING,EXCLUDED_FROM_PRIMARY
shaw-2021_ecol-SAMN15148538,SAMN15148538,SAMN15148538,Escherichia coli,eskapee-train,Shaw2021,2,1,NO_MATCH,NO_MATCH,NO_MATCH,NO_MATCH,NO_MATCH,YES,SEQUENCE_RELATEDNESS_PENDING,EXCLUDED_FROM_PRIMARY
shaw-2021_ecol-SAMN15148693,SAMN15148693,SAMN15148693,Escherichia coli,eskapee-train,Shaw2021,2,1,NO_MATCH,NO_MATCH,NO_MATCH,NO_MATCH,NO_MATCH,YES,SEQUENCE_RELATEDNESS_PENDING,EXCLUDED_FROM_PRIMARY
shaw-2021_exxx-SAMN15148503,SAMN15148503,SAMN15148503,Enterobacter sp.,eskapee-train,Shaw2021,2,1,NO_MATCH,NO_MATCH,NO_MATCH,NO_MATCH,NO_MATCH,YES,SEQUENCE_RELATEDNESS_PENDING,EXCLUDED_FROM_PRIMARY
shaw-2021_exxx-SAMN15148756,SAMN15148756,SAMN15148756,Enterobacter sp.,eskapee-train,Shaw2021,2,1,NO_MATCH,NO_MATCH,NO_MATCH,NO_MATCH,NO_MATCH,YES,SEQUENCE_RELATEDNESS_PENDING,EXCLUDED_FROM_PRIMARY
shaw-2021_kpne-SAMN15148443,SAMN15148443,SAMN15148443,Klebsiella pneumoniae,eskapee-train,Shaw2021,2,1,NO_MATCH,NO_MATCH,NO_MATCH,NO_MATCH,NO_MATCH,YES,SEQUENCE_RELATEDNESS_PENDING,EXCLUDED_FROM_PRIMARY
shaw-2021_kpne-SAMN15148530,SAMN15148530,SAMN15148530,Klebsiella pneumoniae,eskapee-train,Shaw2021,2,1,NO_MATCH,NO_MATCH,NO_MATCH,NO_MATCH,NO_MATCH,YES,SEQUENCE_RELATEDNESS_PENDING,EXCLUDED_FROM_PRIMARY
shaw-2021_kpne-SAMN15148557,SAMN15148557,SAMN15148557,Klebsiella pneumoniae,eskapee-train,Shaw2021,2,1,NO_MATCH,NO_MATCH,NO_MATCH,NO_MATCH,NO_MATCH,YES,SEQUENCE_RELATEDNESS_PENDING,EXCLUDED_FROM_PRIMARY
shaw-2021_kpne-SAMN15148709,SAMN15148709,SAMN15148709,Klebsiella pneumoniae,eskapee-train,Shaw2021,2,1,NO_MATCH,NO_MATCH,NO_MATCH,NO_MATCH,NO_MATCH,YES,SEQUENCE_RELATEDNESS_PENDING,EXCLUDED_FROM_PRIMARY
shaw-2021_kpne-SAMN15148715,SAMN15148715,SAMN15148715,Klebsiella pneumoniae,eskapee-train,Shaw2021,2,1,NO_MATCH,NO_MATCH,NO_MATCH,NO_MATCH,NO_MATCH,YES,SEQUENCE_RELATEDNESS_PENDING,EXCLUDED_FROM_PRIMARY
small2_abau-SAMN05238571,SAMN05238571,SAMN05238571,Acinetobacter baumannii,eskapee-train,Chan2020,2,1,NO_MATCH,NO_MATCH,NO_MATCH,NO_MATCH,NO_MATCH,YES,SEQUENCE_RELATEDNESS_PENDING,EXCLUDED_FROM_PRIMARY
small2_abau-SAMN05238628,SAMN05238628,SAMN05238628,Acinetobacter baumannii,eskapee-train,Chan2020,2,1,NO_MATCH,NO_MATCH,NO_MATCH,NO_MATCH,NO_MATCH,YES,SEQUENCE_RELATEDNESS_PENDING,EXCLUDED_FROM_PRIMARY
small2_abau-SAMN05238672,SAMN05238672,SAMN05238672,Acinetobacter baumannii,eskapee-train,Chan2020,2,1,NO_MATCH,NO_MATCH,NO_MATCH,NO_MATCH,NO_MATCH,YES,SEQUENCE_RELATEDNESS_PENDING,EXCLUDED_FROM_PRIMARY
small2_abau-SAMN05238697,SAMN05238697,SAMN05238697,Acinetobacter baumannii,eskapee-train,Chan2020,2,1,NO_MATCH,NO_MATCH,NO_MATCH,NO_MATCH,NO_MATCH,YES,SEQUENCE_RELATEDNESS_PENDING,EXCLUDED_FROM_PRIMARY
small2_saur-SAMD00180470,SAMD00180470,SAMD00180470,Staphylococcus aureus,eskapee-train,Hikichi2019,2,1,NO_MATCH,NO_MATCH,NO_MATCH,NO_MATCH,NO_MATCH,YES,SEQUENCE_RELATEDNESS_PENDING,EXCLUDED_FROM_PRIMARY
small2_saur-SAMD00180471,SAMD00180471,SAMD00180471,Staphylococcus aureus,eskapee-train,Hikichi2019,2,1,NO_MATCH,NO_MATCH,NO_MATCH,NO_MATCH,NO_MATCH,YES,SEQUENCE_RELATEDNESS_PENDING,EXCLUDED_FROM_PRIMARY
small2_saur-SAMD00180472,SAMD00180472,SAMD00180472,Staphylococcus aureus,eskapee-train,Hikichi2019,2,1,NO_MATCH,NO_MATCH,NO_MATCH,NO_MATCH,NO_MATCH,YES,SEQUENCE_RELATEDNESS_PENDING,EXCLUDED_FROM_PRIMARY
small2_saur-SAMD00180473,SAMD00180473,SAMD00180473,Staphylococcus aureus,eskapee-train,Hikichi2019,2,1,NO_MATCH,NO_MATCH,NO_MATCH,NO_MATCH,NO_MATCH,YES,SEQUENCE_RELATEDNESS_PENDING,EXCLUDED_FROM_PRIMARY
small2_saur-SAMD00180474,SAMD00180474,SAMD00180474,Staphylococcus aureus,eskapee-train,Hikichi2019,2,1,NO_MATCH,NO_MATCH,NO_MATCH,NO_MATCH,NO_MATCH,YES,SEQUENCE_RELATEDNESS_PENDING,EXCLUDED_FROM_PRIMARY
small2_saur-SAMD00180475,SAMD00180475,SAMD00180475,Staphylococcus aureus,eskapee-train,Hikichi2019,2,1,NO_MATCH,NO_MATCH,NO_MATCH,NO_MATCH,NO_MATCH,YES,SEQUENCE_RELATEDNESS_PENDING,EXCLUDED_FROM_PRIMARY
small2_saur-SAMD00180476,SAMD00180476,SAMD00180476,Staphylococcus aureus,eskapee-train,Hikichi2019,2,1,NO_MATCH,NO_MATCH,NO_MATCH,NO_MATCH,NO_MATCH,YES,SEQUENCE_RELATEDNESS_PENDING,EXCLUDED_FROM_PRIMARY
small2_saur-SAMD00180477,SAMD00180477,SAMD00180477,Staphylococcus aureus,eskapee-train,Hikichi2019,2,1,NO_MATCH,NO_MATCH,NO_MATCH,NO_MATCH,NO_MATCH,YES,SEQUENCE_RELATEDNESS_PENDING,EXCLUDED_FROM_PRIMARY
small2_saur-SAMD00258402,SAMD00258402,SAMD00258402,Staphylococcus aureus,eskapee-train,Ono2021,2,1,NO_MATCH,NO_MATCH,NO_MATCH,NO_MATCH,NO_MATCH,YES,SEQUENCE_RELATEDNESS_PENDING,EXCLUDED_FROM_PRIMARY
small3_paer-SAMEA5578836,SAMEA5578836,SAMEA5578836,Pseudomonas aeruginosa,eskapee-train,Silke2020,2,1,NO_MATCH,NO_MATCH,NO_MATCH,NO_MATCH,NO_MATCH,YES,SEQUENCE_RELATEDNESS_PENDING,EXCLUDED_FROM_PRIMARY
small3_paer-SAMEA5578860,SAMEA5578860,SAMEA5578860,Pseudomonas aeruginosa,eskapee-train,Silke2020,2,1,NO_MATCH,NO_MATCH,NO_MATCH,NO_MATCH,NO_MATCH,YES,SEQUENCE_RELATEDNESS_PENDING,EXCLUDED_FROM_PRIMARY
small3_paer-SAMN10374626,SAMN10374626,SAMN10374626,Pseudomonas aeruginosa,eskapee-train,Magalhaes2019,2,1,NO_MATCH,NO_MATCH,NO_MATCH,NO_MATCH,NO_MATCH,YES,SEQUENCE_RELATEDNESS_PENDING,EXCLUDED_FROM_PRIMARY
small_kpne-SAMN21365994,SAMN21365994,SAMN21365994,Klebsiella pneumoniae,eskapee-train,Acman2021,2,1,NO_MATCH,NO_MATCH,NO_MATCH,NO_MATCH,NO_MATCH,YES,SEQUENCE_RELATEDNESS_PENDING,EXCLUDED_FROM_PRIMARY
small_kpne-SAMN21366002,SAMN21366002,SAMN21366002,Klebsiella pneumoniae,eskapee-train,Acman2021,2,1,NO_MATCH,NO_MATCH,NO_MATCH,NO_MATCH,NO_MATCH,YES,SEQUENCE_RELATEDNESS_PENDING,EXCLUDED_FROM_PRIMARY
small_kpne-SAMN21366037,SAMN21366037,SAMN21366037,Klebsiella pneumoniae,eskapee-train,Acman2021,2,1,NO_MATCH,NO_MATCH,NO_MATCH,NO_MATCH,NO_MATCH,YES,SEQUENCE_RELATEDNESS_PENDING,EXCLUDED_FROM_PRIMARY
small_kpne-SAMN21366047,SAMN21366047,SAMN21366047,Klebsiella pneumoniae,eskapee-train,Acman2021,2,1,NO_MATCH,NO_MATCH,NO_MATCH,NO_MATCH,NO_MATCH,YES,SEQUENCE_RELATEDNESS_PENDING,EXCLUDED_FROM_PRIMARY
small_kpne-SAMN21366070,SAMN21366070,SAMN21366070,Klebsiella pneumoniae,eskapee-train,Acman2021,2,1,NO_MATCH,NO_MATCH,NO_MATCH,NO_MATCH,NO_MATCH,YES,SEQUENCE_RELATEDNESS_PENDING,EXCLUDED_FROM_PRIMARY
robertson-benchmark_koxy-SAMN02786843,SAMN02786843,SAMN02786843,Klebsiella oxytoca,koxy-test,Robertson2018,2,1,NO_MATCH,NO_MATCH,NO_MATCH,NO_MATCH,NO_MATCH,NO,SEQUENCE_RELATEDNESS_PENDING,INDEPENDENT_BY_IDENTIFIER
robertson-benchmark_koxy-SAMN03733631,SAMN03733631,SAMN03733631,Klebsiella oxytoca,koxy-test,Robertson2018,2,1,NO_MATCH,NO_MATCH,NO_MATCH,NO_MATCH,NO_MATCH,NO,SEQUENCE_RELATEDNESS_PENDING,INDEPENDENT_BY_IDENTIFIER
shaw-2021_koxy-SAMN15148173,SAMN15148173,SAMN15148173,Klebsiella oxytoca,koxy-test,Shaw2021,2,1,NO_MATCH,NO_MATCH,NO_MATCH,NO_MATCH,NO_MATCH,NO,SEQUENCE_RELATEDNESS_PENDING,INDEPENDENT_BY_IDENTIFIER
shaw-2021_koxy-SAMN15148174,SAMN15148174,SAMN15148174,Klebsiella oxytoca,koxy-test,Shaw2021,2,1,NO_MATCH,NO_MATCH,NO_MATCH,NO_MATCH,NO_MATCH,NO,SEQUENCE_RELATEDNESS_PENDING,INDEPENDENT_BY_IDENTIFIER
shaw-2021_koxy-SAMN15148287,SAMN15148287,SAMN15148287,Klebsiella oxytoca,koxy-test,Shaw2021,2,1,NO_MATCH,NO_MATCH,NO_MATCH,NO_MATCH,NO_MATCH,NO,SEQUENCE_RELATEDNESS_PENDING,INDEPENDENT_BY_IDENTIFIER
shaw-2021_koxy-SAMN15148459,SAMN15148459,SAMN15148459,Klebsiella oxytoca,koxy-test,Shaw2021,2,1,NO_MATCH,NO_MATCH,NO_MATCH,NO_MATCH,NO_MATCH,NO,SEQUENCE_RELATEDNESS_PENDING,INDEPENDENT_BY_IDENTIFIER
shaw-2021_koxy-SAMN15148463,SAMN15148463,SAMN15148463,Klebsiella oxytoca,koxy-test,Shaw2021,2,1,NO_MATCH,NO_MATCH,NO_MATCH,NO_MATCH,NO_MATCH,NO,SEQUENCE_RELATEDNESS_PENDING,INDEPENDENT_BY_IDENTIFIER
shaw-2021_koxy-SAMN15148481,SAMN15148481,SAMN15148481,Klebsiella oxytoca,koxy-test,Shaw2021,2,1,NO_MATCH,NO_MATCH,NO_MATCH,NO_MATCH,NO_MATCH,NO,SEQUENCE_RELATEDNESS_PENDING,INDEPENDENT_BY_IDENTIFIER
shaw-2021_koxy-SAMN15148490,SAMN15148490,SAMN15148490,Klebsiella oxytoca,koxy-test,Shaw2021,2,1,NO_MATCH,NO_MATCH,NO_MATCH,NO_MATCH,NO_MATCH,NO,SEQUENCE_RELATEDNESS_PENDING,INDEPENDENT_BY_IDENTIFIER
shaw-2021_koxy-SAMN15148521,SAMN15148521,SAMN15148521,Klebsiella oxytoca,koxy-test,Shaw2021,2,1,NO_MATCH,NO_MATCH,NO_MATCH,NO_MATCH,NO_MATCH,NO,SEQUENCE_RELATEDNESS_PENDING,INDEPENDENT_BY_IDENTIFIER
shaw-2021_koxy-SAMN15148522,SAMN15148522,SAMN15148522,Klebsiella oxytoca,koxy-test,Shaw2021,2,1,NO_MATCH,NO_MATCH,NO_MATCH,NO_MATCH,NO_MATCH,NO,SEQUENCE_RELATEDNESS_PENDING,INDEPENDENT_BY_IDENTIFIER
shaw-2021_koxy-SAMN15148527,SAMN15148527,SAMN15148527,Klebsiella oxytoca,koxy-test,Shaw2021,2,1,NO_MATCH,NO_MATCH,NO_MATCH,NO_MATCH,NO_MATCH,NO,SEQUENCE_RELATEDNESS_PENDING,INDEPENDENT_BY_IDENTIFIER
shaw-2021_koxy-SAMN15148529,SAMN15148529,SAMN15148529,Klebsiella oxytoca,koxy-test,Shaw2021,2,1,NO_MATCH,NO_MATCH,NO_MATCH,NO_MATCH,NO_MATCH,NO,SEQUENCE_RELATEDNESS_PENDING,INDEPENDENT_BY_IDENTIFIER
shaw-2021_koxy-SAMN15148531,SAMN15148531,SAMN15148531,Klebsiella oxytoca,koxy-test,Shaw2021,2,1,NO_MATCH,NO_MATCH,NO_MATCH,NO_MATCH,NO_MATCH,NO,SEQUENCE_RELATEDNESS_PENDING,INDEPENDENT_BY_IDENTIFIER
shaw-2021_koxy-SAMN15148533,SAMN15148533,SAMN15148533,Klebsiella oxytoca,koxy-test,Shaw2021,2,1,NO_MATCH,NO_MATCH,NO_MATCH,NO_MATCH,NO_MATCH,NO,SEQUENCE_RELATEDNESS_PENDING,INDEPENDENT_BY_IDENTIFIER
shaw-2021_koxy-SAMN15148592,SAMN15148592,SAMN15148592,Klebsiella oxytoca,koxy-test,Shaw2021,2,1,NO_MATCH,NO_MATCH,NO_MATCH,NO_MATCH,NO_MATCH,NO,SEQUENCE_RELATEDNESS_PENDING,INDEPENDENT_BY_IDENTIFIER
shaw-2021_koxy-SAMN15148604,SAMN15148604,SAMN15148604,Klebsiella oxytoca,koxy-test,Shaw2021,2,1,NO_MATCH,NO_MATCH,NO_MATCH,NO_MATCH,NO_MATCH,NO,SEQUENCE_RELATEDNESS_PENDING,INDEPENDENT_BY_IDENTIFIER
shaw-2021_koxy-SAMN15148609,SAMN15148609,SAMN15148609,Klebsiella oxytoca,koxy-test,Shaw2021,2,1,NO_MATCH,NO_MATCH,NO_MATCH,NO_MATCH,NO_MATCH,NO,SEQUENCE_RELATEDNESS_PENDING,INDEPENDENT_BY_IDENTIFIER
shaw-2021_koxy-SAMN15148619,SAMN15148619,SAMN15148619,Klebsiella oxytoca,koxy-test,Shaw2021,2,1,NO_MATCH,NO_MATCH,NO_MATCH,NO_MATCH,NO_MATCH,NO,SEQUENCE_RELATEDNESS_PENDING,INDEPENDENT_BY_IDENTIFIER
shaw-2021_koxy-SAMN15148636,SAMN15148636,SAMN15148636,Klebsiella oxytoca,koxy-test,Shaw2021,2,1,NO_MATCH,NO_MATCH,NO_MATCH,NO_MATCH,NO_MATCH,NO,SEQUENCE_RELATEDNESS_PENDING,INDEPENDENT_BY_IDENTIFIER
shaw-2021_koxy-SAMN15148637,SAMN15148637,SAMN15148637,Klebsiella oxytoca,koxy-test,Shaw2021,2,1,NO_MATCH,NO_MATCH,NO_MATCH,NO_MATCH,NO_MATCH,NO,SEQUENCE_RELATEDNESS_PENDING,INDEPENDENT_BY_IDENTIFIER
shaw-2021_koxy-SAMN15148647,SAMN15148647,SAMN15148647,Klebsiella oxytoca,koxy-test,Shaw2021,2,1,NO_MATCH,NO_MATCH,NO_MATCH,NO_MATCH,NO_MATCH,NO,SEQUENCE_RELATEDNESS_PENDING,INDEPENDENT_BY_IDENTIFIER
shaw-2021_koxy-SAMN15148651,SAMN15148651,SAMN15148651,Klebsiella oxytoca,koxy-test,Shaw2021,2,1,NO_MATCH,NO_MATCH,NO_MATCH,NO_MATCH,NO_MATCH,NO,SEQUENCE_RELATEDNESS_PENDING,INDEPENDENT_BY_IDENTIFIER
shaw-2021_koxy-SAMN15148657,SAMN15148657,SAMN15148657,Klebsiella oxytoca,koxy-test,Shaw2021,2,1,NO_MATCH,NO_MATCH,NO_MATCH,NO_MATCH,NO_MATCH,NO,SEQUENCE_RELATEDNESS_PENDING,INDEPENDENT_BY_IDENTIFIER
shaw-2021_koxy-SAMN15148669,SAMN15148669,SAMN15148669,Klebsiella oxytoca,koxy-test,Shaw2021,2,1,NO_MATCH,NO_MATCH,NO_MATCH,NO_MATCH,NO_MATCH,NO,SEQUENCE_RELATEDNESS_PENDING,INDEPENDENT_BY_IDENTIFIER
shaw-2021_koxy-SAMN15148673,SAMN15148673,SAMN15148673,Klebsiella oxytoca,koxy-test,Shaw2021,2,1,NO_MATCH,NO_MATCH,NO_MATCH,NO_MATCH,NO_MATCH,NO,SEQUENCE_RELATEDNESS_PENDING,INDEPENDENT_BY_IDENTIFIER
shaw-2021_koxy-SAMN15148681,SAMN15148681,SAMN15148681,Klebsiella oxytoca,koxy-test,Shaw2021,2,1,NO_MATCH,NO_MATCH,NO_MATCH,NO_MATCH,NO_MATCH,NO,SEQUENCE_RELATEDNESS_PENDING,INDEPENDENT_BY_IDENTIFIER
shaw-2021_koxy-SAMN15148716,SAMN15148716,SAMN15148716,Klebsiella oxytoca,koxy-test,Shaw2021,2,1,NO_MATCH,NO_MATCH,NO_MATCH,NO_MATCH,NO_MATCH,NO,SEQUENCE_RELATEDNESS_PENDING,INDEPENDENT_BY_IDENTIFIER
shaw-2021_koxy-SAMN15148723,SAMN15148723,SAMN15148723,Klebsiella oxytoca,koxy-test,Shaw2021,2,1,NO_MATCH,NO_MATCH,NO_MATCH,NO_MATCH,NO_MATCH,NO,SEQUENCE_RELATEDNESS_PENDING,INDEPENDENT_BY_IDENTIFIER
shaw-2021_koxy-SAMN15148734,SAMN15148734,SAMN15148734,Klebsiella oxytoca,koxy-test,Shaw2021,2,1,NO_MATCH,NO_MATCH,NO_MATCH,NO_MATCH,NO_MATCH,NO,SEQUENCE_RELATEDNESS_PENDING,INDEPENDENT_BY_IDENTIFIER
shaw-2021_koxy-SAMN15148741,SAMN15148741,SAMN15148741,Klebsiella oxytoca,koxy-test,Shaw2021,2,1,NO_MATCH,NO_MATCH,NO_MATCH,NO_MATCH,NO_MATCH,NO,SEQUENCE_RELATEDNESS_PENDING,INDEPENDENT_BY_IDENTIFIER
small_mabs-SAMD00153219,SAMD00153219,SAMD00153219,Mycobacteroides abscessus,myco-test,Matsumoto2019,2,1,NO_MATCH,NO_MATCH,NO_MATCH,NO_MATCH,NO_MATCH,NO,SEQUENCE_RELATEDNESS_PENDING,INDEPENDENT_BY_IDENTIFIER
small_magr-SAMD00153167,SAMD00153167,SAMD00153167,Mycolicibacterium agri,myco-test,Matsumoto2019,2,1,NO_MATCH,NO_MATCH,NO_MATCH,NO_MATCH,NO_MATCH,NO,SEQUENCE_RELATEDNESS_PENDING,INDEPENDENT_BY_IDENTIFIER
small_maic-SAMD00153166,SAMD00153166,SAMD00153166,Mycolicibacterium aichiense,myco-test,Matsumoto2019,2,1,NO_MATCH,NO_MATCH,NO_MATCH,NO_MATCH,NO_MATCH,NO,SEQUENCE_RELATEDNESS_PENDING,INDEPENDENT_BY_IDENTIFIER
small_many-SAMD00153216,SAMD00153216,SAMD00153216,Mycolicibacterium anyangense,myco-test,Matsumoto2019,2,1,NO_MATCH,NO_MATCH,NO_MATCH,NO_MATCH,NO_MATCH,NO,SEQUENCE_RELATEDNESS_PENDING,INDEPENDENT_BY_IDENTIFIER
small_mara-SAMD00153213,SAMD00153213,SAMD00153213,Mycolicibacterium arabiense,myco-test,Matsumoto2019,2,1,NO_MATCH,NO_MATCH,NO_MATCH,NO_MATCH,NO_MATCH,NO,SEQUENCE_RELATEDNESS_PENDING,INDEPENDENT_BY_IDENTIFIER
small_maub-SAMD00153195,SAMD00153195,SAMD00153195,Mycolicibacterium aubagnense,myco-test,Matsumoto2019,2,1,NO_MATCH,NO_MATCH,NO_MATCH,NO_MATCH,NO_MATCH,NO,SEQUENCE_RELATEDNESS_PENDING,INDEPENDENT_BY_IDENTIFIER
small_mboe-SAMD00153197,SAMD00153197,SAMD00153197,Mycolicibacterium boenickei,myco-test,Matsumoto2019,2,1,NO_MATCH,NO_MATCH,NO_MATCH,NO_MATCH,NO_MATCH,NO,SEQUENCE_RELATEDNESS_PENDING,INDEPENDENT_BY_IDENTIFIER
small_mbra-SAMD00153181,SAMD00153181,SAMD00153181,Mycobacterium branderi,myco-test,Matsumoto2019,2,1,NO_MATCH,NO_MATCH,NO_MATCH,NO_MATCH,NO_MATCH,NO,SEQUENCE_RELATEDNESS_PENDING,INDEPENDENT_BY_IDENTIFIER
small_mcons-SAMD00153191,SAMD00153191,SAMD00153191,Mycobacterium conspicuum,myco-test,Matsumoto2019,2,1,NO_MATCH,NO_MATCH,NO_MATCH,NO_MATCH,NO_MATCH,NO,SEQUENCE_RELATEDNESS_PENDING,INDEPENDENT_BY_IDENTIFIER
small_mdor-SAMD00153178,SAMD00153178,SAMD00153178,Mycobacterium doricum,myco-test,Matsumoto2019,2,1,NO_MATCH,NO_MATCH,NO_MATCH,NO_MATCH,NO_MATCH,NO,SEQUENCE_RELATEDNESS_PENDING,INDEPENDENT_BY_IDENTIFIER
small_mduv-SAMD00153169,SAMD00153169,SAMD00153169,Mycolicibacterium duvalii,myco-test,Matsumoto2019,2,1,NO_MATCH,NO_MATCH,NO_MATCH,NO_MATCH,NO_MATCH,NO,SEQUENCE_RELATEDNESS_PENDING,INDEPENDENT_BY_IDENTIFIER
small_mflo-SAMD00153192,SAMD00153192,SAMD00153192,Mycobacterium florentinum,myco-test,Matsumoto2019,2,1,NO_MATCH,NO_MATCH,NO_MATCH,NO_MATCH,NO_MATCH,NO,SEQUENCE_RELATEDNESS_PENDING,INDEPENDENT_BY_IDENTIFIER
small_mgad-SAMD00153182,SAMD00153182,SAMD00153182,Mycolicibacterium gadium,myco-test,Matsumoto2019,2,1,NO_MATCH,NO_MATCH,NO_MATCH,NO_MATCH,NO_MATCH,NO,SEQUENCE_RELATEDNESS_PENDING,INDEPENDENT_BY_IDENTIFIER
small_mgal-SAMD00153170,SAMD00153170,SAMD00153170,Mycobacterium gallinarum,myco-test,Matsumoto2019,2,1,NO_MATCH,NO_MATCH,NO_MATCH,NO_MATCH,NO_MATCH,NO,SEQUENCE_RELATEDNESS_PENDING,INDEPENDENT_BY_IDENTIFIER
small_mhel-SAMD00153218,SAMD00153218,SAMD00153218,Mycolicibacterium helvum,myco-test,Matsumoto2019,2,1,NO_MATCH,NO_MATCH,NO_MATCH,NO_MATCH,NO_MATCH,NO,SEQUENCE_RELATEDNESS_PENDING,INDEPENDENT_BY_IDENTIFIER
small_mhip-SAMD00153224,SAMD00153224,SAMD00153224,Mycolicibacterium hippocampi,myco-test,Matsumoto2019,2,1,NO_MATCH,NO_MATCH,NO_MATCH,NO_MATCH,NO_MATCH,NO,SEQUENCE_RELATEDNESS_PENDING,INDEPENDENT_BY_IDENTIFIER
small_mkub-SAMD00153187,SAMD00153187,SAMD00153187,Mycobacterium kubicae,myco-test,Matsumoto2019,2,1,NO_MATCH,NO_MATCH,NO_MATCH,NO_MATCH,NO_MATCH,NO,SEQUENCE_RELATEDNESS_PENDING,INDEPENDENT_BY_IDENTIFIER
small_mmad-SAMD00153188,SAMD00153188,SAMD00153188,Mycolicibacterium madagascariense,myco-test,Matsumoto2019,2,1,NO_MATCH,NO_MATCH,NO_MATCH,NO_MATCH,NO_MATCH,NO,SEQUENCE_RELATEDNESS_PENDING,INDEPENDENT_BY_IDENTIFIER
small_mmar-SAMD00153206,SAMD00153206,SAMD00153206,Mycobacterium marseillense,myco-test,Matsumoto2019,2,1,NO_MATCH,NO_MATCH,NO_MATCH,NO_MATCH,NO_MATCH,NO,SEQUENCE_RELATEDNESS_PENDING,INDEPENDENT_BY_IDENTIFIER
small_mmon-SAMD00153199,SAMD00153199,SAMD00153199,Mycolicibacterium monacense,myco-test,Matsumoto2019,2,1,NO_MATCH,NO_MATCH,NO_MATCH,NO_MATCH,NO_MATCH,NO,SEQUENCE_RELATEDNESS_PENDING,INDEPENDENT_BY_IDENTIFIER
small_mmur-SAMD00153185,SAMD00153185,SAMD00153185,Mycolicibacterium murale,myco-test,Matsumoto2019,2,1,NO_MATCH,NO_MATCH,NO_MATCH,NO_MATCH,NO_MATCH,NO,SEQUENCE_RELATEDNESS_PENDING,INDEPENDENT_BY_IDENTIFIER
small_mparaf-SAMD00153162,SAMD00153162,SAMD00153162,Mycolicibacterium parafortuitum,myco-test,Matsumoto2019,2,1,NO_MATCH,NO_MATCH,NO_MATCH,NO_MATCH,NO_MATCH,NO,SEQUENCE_RELATEDNESS_PENDING,INDEPENDENT_BY_IDENTIFIER
small_mparag-SAMD00153214,SAMD00153214,SAMD00153214,Mycobacterium paragordonae,myco-test,Matsumoto2019,2,1,NO_MATCH,NO_MATCH,NO_MATCH,NO_MATCH,NO_MATCH,NO,SEQUENCE_RELATEDNESS_PENDING,INDEPENDENT_BY_IDENTIFIER
small_mpho-SAMD00153196,SAMD00153196,SAMD00153196,Mycolicibacterium phocaicum,myco-test,Matsumoto2019,2,1,NO_MATCH,NO_MATCH,NO_MATCH,NO_MATCH,NO_MATCH,NO,SEQUENCE_RELATEDNESS_PENDING,INDEPENDENT_BY_IDENTIFIER
small_mpor-SAMD00153179,SAMD00153179,SAMD00153179,Mycolicibacterium poriferae,myco-test,Matsumoto2019,2,1,NO_MATCH,NO_MATCH,NO_MATCH,NO_MATCH,NO_MATCH,NO,SEQUENCE_RELATEDNESS_PENDING,INDEPENDENT_BY_IDENTIFIER
small_msen-SAMD00153200,SAMD00153200,SAMD00153200,Mycolicibacter senuensis,myco-test,Matsumoto2019,2,1,NO_MATCH,NO_MATCH,NO_MATCH,NO_MATCH,NO_MATCH,NO,SEQUENCE_RELATEDNESS_PENDING,INDEPENDENT_BY_IDENTIFIER
small_mshi-SAMD00153190,SAMD00153190,SAMD00153190,Mycobacterium shinjukuense,myco-test,Matsumoto2019,2,1,NO_MATCH,NO_MATCH,NO_MATCH,NO_MATCH,NO_MATCH,NO,SEQUENCE_RELATEDNESS_PENDING,INDEPENDENT_BY_IDENTIFIER
small_msim-SAMD00153175,SAMD00153175,SAMD00153175,Mycobacterium simiae,myco-test,Matsumoto2019,2,1,NO_MATCH,NO_MATCH,NO_MATCH,NO_MATCH,NO_MATCH,NO,SEQUENCE_RELATEDNESS_PENDING,INDEPENDENT_BY_IDENTIFIER
small_mter-SAMD00153172,SAMD00153172,SAMD00153172,Mycolicibacter terrae,myco-test,Matsumoto2019,2,1,NO_MATCH,NO_MATCH,NO_MATCH,NO_MATCH,NO_MATCH,NO,SEQUENCE_RELATEDNESS_PENDING,INDEPENDENT_BY_IDENTIFIER
small_mtim-SAMD00153223,SAMD00153223,SAMD00153223,Mycobacterium timonense,myco-test,Matsumoto2019,2,1,NO_MATCH,NO_MATCH,NO_MATCH,NO_MATCH,NO_MATCH,NO,SEQUENCE_RELATEDNESS_PENDING,INDEPENDENT_BY_IDENTIFIER
robertson-benchmark_sent-SAMN02800603,SAMN02800603,SAMN02800603,Salmonella enterica,sent-test,Robertson2018,2,1,NO_MATCH,NO_MATCH,NO_MATCH,NO_MATCH,NO_MATCH,NO,SEQUENCE_RELATEDNESS_PENDING,INDEPENDENT_BY_IDENTIFIER
robertson-benchmark_sent-SAMN03988471,SAMN03988471,SAMN03988471,Salmonella enterica,sent-test,Robertson2018,2,1,NO_MATCH,NO_MATCH,NO_MATCH,NO_MATCH,NO_MATCH,NO,SEQUENCE_RELATEDNESS_PENDING,INDEPENDENT_BY_IDENTIFIER
robertson-benchmark_sent-SAMN03996249,SAMN03996249,SAMN03996249,Salmonella enterica,sent-test,Robertson2018,2,1,NO_MATCH,NO_MATCH,NO_MATCH,NO_MATCH,NO_MATCH,NO,SEQUENCE_RELATEDNESS_PENDING,INDEPENDENT_BY_IDENTIFIER
robertson-benchmark_sent-SAMN04285042,SAMN04285042,SAMN04285042,Salmonella enterica,sent-test,Robertson2018,2,1,NO_MATCH,NO_MATCH,NO_MATCH,NO_MATCH,NO_MATCH,NO,SEQUENCE_RELATEDNESS_PENDING,INDEPENDENT_BY_IDENTIFIER
small2_sent-SAMN14450150,SAMN14450150,SAMN14450150,Salmonella enterica,sent-test,Chen2020,2,1,NO_MATCH,NO_MATCH,NO_MATCH,NO_MATCH,NO_MATCH,NO,SEQUENCE_RELATEDNESS_PENDING,INDEPENDENT_BY_IDENTIFIER
small2_sent-SAMN14450151,SAMN14450151,SAMN14450151,Salmonella enterica,sent-test,Chen2020,2,1,NO_MATCH,NO_MATCH,NO_MATCH,NO_MATCH,NO_MATCH,NO,SEQUENCE_RELATEDNESS_PENDING,INDEPENDENT_BY_IDENTIFIER
small2_sent-SAMN14450152,SAMN14450152,SAMN14450152,Salmonella enterica,sent-test,Chen2020,2,1,NO_MATCH,NO_MATCH,NO_MATCH,NO_MATCH,NO_MATCH,NO,SEQUENCE_RELATEDNESS_PENDING,INDEPENDENT_BY_IDENTIFIER
small2_sent-SAMN14450153,SAMN14450153,SAMN14450153,Salmonella enterica,sent-test,Chen2020,2,1,NO_MATCH,NO_MATCH,NO_MATCH,NO_MATCH,NO_MATCH,NO,SEQUENCE_RELATEDNESS_PENDING,INDEPENDENT_BY_IDENTIFIER
small2_sent-SAMN14450154,SAMN14450154,SAMN14450154,Salmonella enterica,sent-test,Chen2020,2,1,NO_MATCH,NO_MATCH,NO_MATCH,NO_MATCH,NO_MATCH,NO,SEQUENCE_RELATEDNESS_PENDING,INDEPENDENT_BY_IDENTIFIER
small2_sent-SAMN14450155,SAMN14450155,SAMN14450155,Salmonella enterica,sent-test,Chen2020,2,1,NO_MATCH,NO_MATCH,NO_MATCH,NO_MATCH,NO_MATCH,NO,SEQUENCE_RELATEDNESS_PENDING,INDEPENDENT_BY_IDENTIFIER
small2_sent-SAMN14450156,SAMN14450156,SAMN14450156,Salmonella enterica,sent-test,Chen2020,2,1,NO_MATCH,NO_MATCH,NO_MATCH,NO_MATCH,NO_MATCH,NO,SEQUENCE_RELATEDNESS_PENDING,INDEPENDENT_BY_IDENTIFIER
small2_sent-SAMN14450157,SAMN14450157,SAMN14450157,Salmonella enterica,sent-test,Chen2020,2,1,NO_MATCH,NO_MATCH,NO_MATCH,NO_MATCH,NO_MATCH,NO,SEQUENCE_RELATEDNESS_PENDING,INDEPENDENT_BY_IDENTIFIER
small2_sent-SAMN14450158,SAMN14450158,SAMN14450158,Salmonella enterica,sent-test,Chen2020,2,1,NO_MATCH,NO_MATCH,NO_MATCH,NO_MATCH,NO_MATCH,NO,SEQUENCE_RELATEDNESS_PENDING,INDEPENDENT_BY_IDENTIFIER
small2_sent-SAMN14450159,SAMN14450159,SAMN14450159,Salmonella enterica,sent-test,Chen2020,2,1,NO_MATCH,NO_MATCH,NO_MATCH,NO_MATCH,NO_MATCH,NO,SEQUENCE_RELATEDNESS_PENDING,INDEPENDENT_BY_IDENTIFIER
small2_sent-SAMN14450160,SAMN14450160,SAMN14450160,Salmonella enterica,sent-test,Chen2020,2,1,NO_MATCH,NO_MATCH,NO_MATCH,NO_MATCH,NO_MATCH,NO,SEQUENCE_RELATEDNESS_PENDING,INDEPENDENT_BY_IDENTIFIER
small2_sent-SAMN14450161,SAMN14450161,SAMN14450161,Salmonella enterica,sent-test,Chen2020,2,1,NO_MATCH,NO_MATCH,NO_MATCH,NO_MATCH,NO_MATCH,NO,SEQUENCE_RELATEDNESS_PENDING,INDEPENDENT_BY_IDENTIFIER
small2_sent-SAMN14450162,SAMN14450162,SAMN14450162,Salmonella enterica,sent-test,Chen2020,2,1,NO_MATCH,NO_MATCH,NO_MATCH,NO_MATCH,NO_MATCH,NO,SEQUENCE_RELATEDNESS_PENDING,INDEPENDENT_BY_IDENTIFIER
small2_sent-SAMN14450163,SAMN14450163,SAMN14450163,Salmonella enterica,sent-test,Chen2020,2,1,NO_MATCH,NO_MATCH,NO_MATCH,NO_MATCH,NO_MATCH,NO,SEQUENCE_RELATEDNESS_PENDING,INDEPENDENT_BY_IDENTIFIER
small2_sent-SAMN14450164,SAMN14450164,SAMN14450164,Salmonella enterica,sent-test,Chen2020,2,1,NO_MATCH,NO_MATCH,NO_MATCH,NO_MATCH,NO_MATCH,NO,SEQUENCE_RELATEDNESS_PENDING,INDEPENDENT_BY_IDENTIFIER
small2_sent-SAMN14450165,SAMN14450165,SAMN14450165,Salmonella enterica,sent-test,Chen2020,2,1,NO_MATCH,NO_MATCH,NO_MATCH,NO_MATCH,NO_MATCH,NO,SEQUENCE_RELATEDNESS_PENDING,INDEPENDENT_BY_IDENTIFIER
small2_sent-SAMN14450166,SAMN14450166,SAMN14450166,Salmonella enterica,sent-test,Chen2020,2,1,NO_MATCH,NO_MATCH,NO_MATCH,NO_MATCH,NO_MATCH,NO,SEQUENCE_RELATEDNESS_PENDING,INDEPENDENT_BY_IDENTIFIER
small2_sent-SAMN14450167,SAMN14450167,SAMN14450167,Salmonella enterica,sent-test,Chen2020,2,1,NO_MATCH,NO_MATCH,NO_MATCH,NO_MATCH,NO_MATCH,NO,SEQUENCE_RELATEDNESS_PENDING,INDEPENDENT_BY_IDENTIFIER
small2_sent-SAMN14450168,SAMN14450168,SAMN14450168,Salmonella enterica,sent-test,Chen2020,2,1,NO_MATCH,NO_MATCH,NO_MATCH,NO_MATCH,NO_MATCH,NO,SEQUENCE_RELATEDNESS_PENDING,INDEPENDENT_BY_IDENTIFIER
small2_sent-SAMN14450169,SAMN14450169,SAMN14450169,Salmonella enterica,sent-test,Chen2020,2,1,NO_MATCH,NO_MATCH,NO_MATCH,NO_MATCH,NO_MATCH,NO,SEQUENCE_RELATEDNESS_PENDING,INDEPENDENT_BY_IDENTIFIER
small2_sent-SAMN14450170,SAMN14450170,SAMN14450170,Salmonella enterica,sent-test,Chen2020,2,1,NO_MATCH,NO_MATCH,NO_MATCH,NO_MATCH,NO_MATCH,NO,SEQUENCE_RELATEDNESS_PENDING,INDEPENDENT_BY_IDENTIFIER
small2_sent-SAMN14450171,SAMN14450171,SAMN14450171,Salmonella enterica,sent-test,Chen2020,2,1,NO_MATCH,NO_MATCH,NO_MATCH,NO_MATCH,NO_MATCH,NO,SEQUENCE_RELATEDNESS_PENDING,INDEPENDENT_BY_IDENTIFIER
small2_sent-SAMN14450172,SAMN14450172,SAMN14450172,Salmonella enterica,sent-test,Chen2020,2,1,NO_MATCH,NO_MATCH,NO_MATCH,NO_MATCH,NO_MATCH,NO,SEQUENCE_RELATEDNESS_PENDING,INDEPENDENT_BY_IDENTIFIER
small2_sent-SAMN14450173,SAMN14450173,SAMN14450173,Salmonella enterica,sent-test,Chen2020,2,1,NO_MATCH,NO_MATCH,NO_MATCH,NO_MATCH,NO_MATCH,NO,SEQUENCE_RELATEDNESS_PENDING,INDEPENDENT_BY_IDENTIFIER
small2_sent-SAMN14450174,SAMN14450174,SAMN14450174,Salmonella enterica,sent-test,Chen2020,2,1,NO_MATCH,NO_MATCH,NO_MATCH,NO_MATCH,NO_MATCH,NO,SEQUENCE_RELATEDNESS_PENDING,INDEPENDENT_BY_IDENTIFIER
