tool,role_feature,model1_original_version,executable_version_selected,database_name_version_date,source_and_immutable_artifact,command,output_parser_schema,compatibility_status,known_output_semantic_differences
HyAsP,binary plasmid/chromosome call (contig in a HyAsP-predicted plasmid = plasmid; else chromosome),"no version, installed May 2023 (paper ST2)","git cchauve/HyAsP commit c6cb414c7a26 (2022-05-12; last code commit before May 2023)","HyAsP NCBI RefSeq gene database, figshare 10.6084/m9.figshare.8001827.v1: ncbi_database_genes.fasta.bz2 md5 27e0679f69fee73adc40867714e5335b (84,829,411 B), plasmids.csv md5 8d93f7446c50e250f850321cedea76d1","https://github.com/cchauve/HyAsP @c6cb414 + figshare files above (md5 verified at download; sha256 recorded in env manifest)","hyasp map <genes.fasta> <mapping.csv> -g <assembly.gfa>; hyasp filter <genes.fasta> <mapping.csv> <filtered.csv>; hyasp find <assembly.gfa> <genes.fasta> <filtered.csv> <outdir> --max_length 750000 (all other defaults)","parse <outdir>/putative_plasmid_contigs.fasta and plasmid bin files: contig ids appearing in any predicted plasmid -> plasmid; all other Product A contigs -> chromosome; hyasp non-zero exit -> FAILED for all contigs of that sample","FUNCTIONALLY_COMPATIBLE","paper mapping code not public; HyAsP outputs only plasmids so 'chromosome' = not-in-any-plasmid (matches 2-valued coding in predictions.xlsx). BLAST+ version differs from 2019 recommendation (2.6.0)."
MOB-recon,binary call from MOB-suite contig_report molecule_type,MOB-suite v3.1.7 (db v3.1.7),bioconda mob_suite=3.1.7,"MOB-suite default database as pinned inside 3.1.7 mob_init (Zenodo data.tar.gz; sha256 verified by mob_init and recorded)","bioconda mob_suite 3.1.7 (conda lockfile hashed); db sha256 from mob_init log","mob_recon -i <shortread.fasta> -o <outdir> -n 8 (defaults)","<outdir>/contig_report.txt: contig_id + molecule_type {plasmid, chromosome} -> plasmid/chromosome; contig absent from report (e.g. filtered by mob_recon min length) -> unknown; non-zero exit -> FAILED","EXACT","none expected; 'unknown' (2 in dev set) reproduced as report-absence"
PLASMe,binary call with 1,000-350,000 bp domain rule,PLASMe v1.1,git HubertTang/PLASMe tag v1.1 (ef0409bad9c8) + plasme.yaml env,"PLASMe DB Zenodo 8046934 DB.zip md5 b32263ad4fb20c04044700170b1609ef (13,632,339,031 B)","https://github.com/HubertTang/PLASMe @v1.1; Zenodo 8046934","python PLASMe.py <shortread.fasta> <out.fna> -c 0.9 -i 0.9 -p 0.5 -t 8 (paper: defaults = coverage/identity 90 %, probability 50 %)","<out>_report.csv rows -> plasmid; Product A contigs 1,000-350,000 bp not in report -> chromosome; contigs > 350,000 bp -> chromosome (paper rule); contigs < 1,000 bp -> unknown (outside PLASMe domain); non-zero exit -> FAILED","FUNCTIONALLY_COMPATIBLE","the 218 'unknown' codes in the dev set have no public derivation; our parser assigns unknown only to <1 kb (never evaluated) so no evaluated contig can be coded unknown by construction"
PlaScope,three-valued call {plasmid, chromosome, unclassified} from Centrifuge on the PlaScope DB,Centrifuge v1.0.4 + PlaScope pipeline,bioconda centrifuge=1.0.4 + plascope=1.3.1 (script),"PlaScope E. coli database v1.1 (chromosome_plasmid_db) Zenodo 1311641 md5 1010ae59f1b1dcbd5c93dd463dbbcf85 (330,908,939 B)","bioconda + https://zenodo.org/record/1311641","plaScope.sh --fasta <shortread.fasta> -o <outdir> -db_dir <db> -db_name chromosome_plasmid_db -t 8 (centrifuge -k 1000 as in PlaScope; no size/coverage filtering, per paper)","<outdir>/*_chromosome.fasta / *_plasmid.fasta / *_unclassified.fasta membership -> chromosome/plasmid/unclassified; contig in none -> unknown; non-zero exit -> FAILED","EXACT","none; species DB is E. coli and all 8 samples are E. coli"
Plasmer,binary call (plus rare unknown),Plasmer v0.1 (db v1.0),"Docker Hub nekokoe/plasmer:23.04.20 digest sha256:c64ba6e14f59f… (2023-04-20) = git nekokoe/Plasmer b2ae9c958602","Plasmer pre-built database v1.0 Zenodo 7030674: plasmerMainDB.tar.xz md5 1233944d8fa69b7e44f55f2516b80996 (10,879,150,976 B) + customizedKraken2DB.tar.xz md5 223c3e683c5186a64a2a055e42bb796e (3,424,137,248 B)","docker.io/nekokoe/plasmer@sha256:c64ba6e14f59f… + Zenodo 7030674","Plasmer -g <shortread.fasta> -p <prefix> -d <db> -t 8 -m 0 -l 100000000 -o <outdir> (paper: min length 0, max plasmid length 100,000,000)","<prefix>.plasmer.predClass.tsv: contig, class {plasmid, chromosome, unclassified/other} -> plasmid/chromosome/unknown; absent -> unknown; non-zero exit -> FAILED","FUNCTIONALLY_COMPATIBLE","exact executable of the paper unknown beyond 'v0.1'; pinned image is the only immutable v0.1-era build; requires >=32 GB RAM (kmer-db)"
PlasmidEC,binary ensemble call (majority of PlaScope/Centrifuge + Platon + RFPlasmid),PlasmidEC v1.3,"gitlab mmb-umcu/plasmidEC tag 1.3 (0f88a7622beb, 2022-10-27)","internal: Centrifuge 1.0.4 + PlaScope E. coli DB (Zenodo 1311641); Platon 1.6 + Platon DB v1.5.0 (Zenodo 4066768 md5 6712717fedea5819ef0d63d7b2460fa4); RFPlasmid 0.0.18 model Enterobacteriaceae","gitlab tag 1.3; component versions pinned by pre-creating the conda envs plasmidEC expects with the pinned versions","bash plasmidEC.sh -i <shortread.fasta> -o <outdir> -s 'Escherichia coli' -t 8 -g (species preset; majority vote; gplas-formatted output for gplas2)","<outdir>/<name>_plasmidEC_predictions.tab (Prob_Chromosome, Prob_Plasmid, Prediction, Contig_name, Contig_length) -> Prediction {Plasmid, Chromosome}; contigs < 1 kb are dropped by extract_nodes -> unknown; non-zero exit -> FAILED","FUNCTIONALLY_COMPATIBLE","plasmidEC creates unpinned conda envs at first run; we pin them to the ST2 component versions. Species preset E. coli = 3 classifiers, majority vote"
PlasmidFinder,binary call: contig with >=1 replicon hit = plasmid,PlasmidFinder v2.0.1 (db v2.2.0),"bioconda plasmidfinder=2.0.1 (BLAST method)","plasmidfinder_db bitbucket tag 2.2.0 = commit 49c24c1c9401 (2025-09-10)","bioconda + https://bitbucket.org/genomicepidemiology/plasmidfinder_db @49c24c1c","plasmidfinder.py -i <shortread.fasta> -o <outdir> -p <db> -mp blastn (defaults: identity 0.90, coverage 0.60)","<outdir>/results_tab.tsv Contig column: contigs with >=1 hit -> plasmid; all other Product A contigs -> chromosome; non-zero exit -> FAILED","FUNCTIONALLY_COMPATIBLE","the ST2 'db v2.2.0' corresponds to the bitbucket tag 2.2.0 whose commit is dated 2025-09-10 (later than the paper); the exact database snapshot used by the paper is not recoverable, so replicon-DB content may differ (more replicons -> possibly more plasmid calls). PlasmidFinder contributed the weakest signal in the dev set (recall 7.9 %)."
Platon,binary call from Platon default mode (RDS + characterisation),Platon v1.6 (db v1.5.0),bioconda platon=1.6,"Platon database v1.5.0 Zenodo 4066768 db.tar.gz md5 6712717fedea5819ef0d63d7b2460fa4 (1,690,687,855 B)","bioconda + Zenodo 4066768","platon --db <db> --output <outdir> --threads 8 <shortread.fasta> (defaults; run standalone AND inside PlasmidEC with the same version/db)","<outdir>/<name>.plasmid.fasta / <name>.chromosome.fasta membership -> plasmid/chromosome; contig in neither (Platon skips < 1 kb) -> unknown; non-zero exit -> FAILED","EXACT","standalone Platon call = the Platon component used inside PlasmidEC in the paper; identical version and DB"
RFPlasmid,binary call from species model,RFPlasmid v0.0.18,bioconda rfplasmid=0.0.18 (+ jellyfish),"RFPlasmid model files fetched by 'rfplasmid --initialize' at build; species Enterobacteriaceae (paper: species set per assembly, jellyfish k-mer counting)","bioconda; initialize payload sha256 recorded","rfplasmid --species Enterobacteriaceae --input <dir_with_shortread.fasta> --jelly --threads 8 --out <outdir>","<outdir>/prediction.csv: contigID, prediction {plasmid, chromosome} (+ probability) -> plasmid/chromosome; absent -> unknown; non-zero exit -> FAILED","EXACT","none"
geNomad,binary call: contig in plasmid summary = plasmid; else chromosome,geNomad v1.7.1 (db v1.5),bioconda genomad=1.7.1,"geNomad database v1.5 Zenodo 8339387 genomad_db_v1.5.tar.gz md5 20dcfac8cec3348bf31c751f537d4b02 (849,449,717 B)","bioconda + Zenodo 8339387","genomad end-to-end <shortread.fasta> <outdir> <db> --threads 8 (defaults)","<outdir>/<name>_summary/<name>_plasmid_summary.tsv seq_name -> plasmid; all other Product A contigs (incl. virus calls) -> chromosome; non-zero exit -> FAILED","EXACT","virus calls are coded chromosome because the dev-set coding is 2-valued (paper mapping presumed identical)"
gplas2,three/four-valued: plasmid (binned), chromosome (initial class), unknown (unbinned), repeat,gplas2 v1.1.0,"gitlab mmb-umcu/gplas2 tag 1.1.0 (9ec35cf6674c) via envs/gplas.yaml + pip install -e .","initial classification = PlasmidEC 1.3 output for the same sample (as recommended; per ST2)","gitlab tag 1.1.0","gplas -c extract -i <shortread.gfa> -n <name>; (PlasmidEC -g); gplas -c predict -i <shortread.gfa> -P <plasmidEC gplas-format .tab> -n <name> (defaults: -l 1000, -t 0.1, -e 0.1, -q 0.2)","results/<name>_results.tab + <name>_bins.tab: Prediction=Chromosome -> chromosome; Prediction=Plasmid with numeric Bin -> plasmid; Prediction=Plasmid unbinned -> unknown; contig flagged repeat (repeat/‘Repeat’ bin or repeats file) -> repeat; contigs < 1 kb (excluded by gplas -l 1000) -> unknown; non-zero exit -> FAILED","FUNCTIONALLY_COMPATIBLE","paper's mapping of unbinned/repeat contigs to 'unknown'/'repeat' is inferred from the 4-valued coding; documented"
plASgraph2,three-valued from GNN scores: plasmid / chromosome / unknown (ambiguous or unlabeled),plASgraph2 v1.0.0 (default ESKAPEE model),git cchauve/plASgraph2 tag v1.0.0 (7bc4e92df857) + requirements.txt (tensorflow CPU),"model/ESKAPEE_model shipped in the tag (sha256 recorded)","https://github.com/cchauve/plASgraph2 @v1.0.0","python src/plASgraph2_classify.py gfa <shortread.gfa.gz> model/ESKAPEE_model/ <out.csv> (CUDA_VISIBLE_DEVICES='')","<out.csv>: contig, plasmid_score, chrom_score, label {plasmid, chromosome, ambiguous, unlabeled} -> plasmid/chromosome/unknown/unknown; absent -> unknown; non-zero exit -> FAILED","FUNCTIONALLY_COMPATIBLE","GFA is Unicycler 0.5.1 (paper 0.5.0); tensorflow CPU build version may differ from the authors' (numerical differences possible but not expected to flip labels)"
AMRFinderPlus (annotation only),ARG-bearing eligibility annotation (not a Model 1 feature; not a truth label),"not part of Model 1; dev-set ARG flag used RGI v5.1.1 / CARD v3.2.9 excluding efflux and 'loose' hits","bioconda ncbi-amrfinderplus=4.2.7 (latest at freeze)","AMRFinderPlus database: latest at 'amrfinder -u' during build; exact version string and sha256 of the db directory listing recorded in the annotation manifest","bioconda + NCBI db (version recorded)","amrfinder -n <shortread.fasta> --plus --threads 8 -o <out.tsv> (defaults; no --organism so no point mutations)","frozen inclusion rule: contig is ARG-bearing if >=1 row with Element type == AMR (Element subtype AMR; --plus rows of type STRESS/VIRULENCE are recorded but do NOT qualify); every row retained with contig, start, stop, strand, gene symbol, sequence name, class/subclass, method, % identity, % coverage, accession/HMM id","FUNCTIONALLY_COMPATIBLE (owner-directed)","semantic difference vs the development set: AMRFinderPlus core AMR genes vs RGI/CARD 'strict/perfect non-efflux' — the two ARG universes overlap but are not identical (RGI/CARD includes more variant/regulatory entries; AMRFinderPlus curated cut-offs). Absence of a hit is not evidence of experimental ARG-negativity."
