receipt_id	date_utc	source_or_database	tool	exact_query_or_url	filters	pagination_limit	results_returned	results_examined	truncated	primary_candidate_locators	completion_status	notes
S01	2026-08-16	Web search index	WebSearch	mlplasmids benchmark dataset chromosome plasmid contig labels short-read assemblies complete genomes	none	engine default (single page)	9	9	UNKNOWN — engine does not expose total hit count	https://www.microbiologyresearch.org/content/journal/mgen/10.1099/mgen.0.000224 ; https://academic.oup.com/bib/article/26/6/bbaf589/8320154	COMPLETE_FOR_THIS_QUERY	Surfaced the 2025 Briefings in Bioinformatics benchmark, which was not previously known to this project
S02	2026-08-16	Oxford Academic	WebFetch	https://academic.oup.com/bib/article/26/6/bbaf589/8320154	none	single document	1	1	YES — data-availability section truncated in the retrieved excerpt	doi:10.1093/bib/bbaf589	PARTIAL	Method and tool list recovered; DOI/accession list not present in the retrieved excerpt
S03	2026-08-16	bioRxiv	WebFetch	https://www.biorxiv.org/content/10.1101/2025.07.28.667252v2.full	none	single document	0	0	N/A	none	FAILED	HTTP 403 Forbidden. Recorded as a failed retrieval, not as absence of evidence
S04	2026-08-16	Web search index	WebSearch	"Circling in on plasmids" benchmarking plasmid detection reconstruction data availability zenodo github	none	engine default (single page)	6	6	UNKNOWN	https://github.com/broadinstitute/plasmid-detection-benchmark ; https://pmc.ncbi.nlm.nih.gov/articles/PMC12602193/	COMPLETE_FOR_THIS_QUERY	Located the supporting-code repository
S05	2026-08-16	GitHub REST API	gh api	repos/broadinstitute/plasmid-detection-benchmark ; /contents/data ; /contents/data/predictions.xlsx	none	full listing	2 files in data/	2	NO	data/predictions.xlsx (2833328 B, git blob b49b0c5b9ec0fee13da168737fa713e307e6b1f8) ; data/ani.tsv (1912005 B)	COMPLETE	DECISIVE: blob id identical to the local Teixeira predictions.xlsx (sha256 db558a67...2646e091). The Teixeira dataset IS this benchmark
S06	2026-08-16	Web search index	WebSearch	plASgraph2 assembly graph GFA dataset plasmid chromosome contig labels training benchmark zenodo	none	engine default (single page)	7	7	UNKNOWN	https://github.com/cchauve/plASgraph2 ; https://www.frontiersin.org/journals/microbiology/articles/10.3389/fmicb.2023.1267695/full	COMPLETE_FOR_THIS_QUERY	Identified a four-class (plasmid/chromosome/ambiguous/unlabeled) graph-based dataset
S07	2026-08-16	GitHub REST API	gh api	repos/cchauve/plASgraph2/git/trees/HEAD?recursive=1	none	full recursive tree	22 blobs	22	NO	example/SAMN15148288_{SKESA,Unicycler}.gfa.gz	COMPLETE	Tool repository contains ONE example graph and a trained model only; no labelled training corpus. Datasets are held elsewhere
S08	2026-08-16	Frontiers in Microbiology	WebFetch	https://www.frontiersin.org/journals/microbiology/articles/10.3389/fmicb.2023.1267695/full	none	single document	1	1	NO	https://github.com/fmfi-compbio/plasgraph2-datasets	COMPLETE	Data-availability statement recovered verbatim; labelling thresholds recovered (minimap2, 80%/20%)
S09	2026-08-16	GitHub REST API	gh api	repos/fmfi-compbio/plasgraph2-datasets ; /contents ; /contents/README.md ; /contents/all_samples.csv	none	full recursive tree	1756 blobs	1756	NO	872 *.gfa.gz + 883 *.csv ; all_samples.csv ; reference_genomes.csv	COMPLETE	VERIFIED downloadable per-contig labels and graphs. Licence field null — no LICENSE file in tree
S10	2026-08-16	Web search index	WebSearch	mlplasmids Arredondo-Alonso 2018 figshare dataset labelled contigs plasmid chromosome data availability	none	engine default (single page)	10	10	UNKNOWN	figshare 10.6084/m9.figshare.7046804 ; 10.6084/m9.figshare.7047686 ; ENA PRJEB28495 ; gitlab.com/sirarredondo/analysis_mlplasmids	COMPLETE_FOR_THIS_QUERY	Reads and analysis code located; a packaged labelled-contig table was NOT located
S11	2026-08-16	Web search index	WebSearch	Plasmer PlasmidEC Platon plasmid contig classification benchmark dataset zenodo complete genomes labelled test set download	none	engine default (single page)	9	9	UNKNOWN	10.5281/zenodo.3759169 (Platon eval data) ; 10.5281/zenodo.3349651 (Platon db) ; https://www.biorxiv.org/content/10.1101/2023.08.31.555679	COMPLETE_FOR_THIS_QUERY	Platon evaluation data are artificial contigs + RDS metrics; PlasmidEC benchmark 214 samples / 542 plasmids, location not verified
RECALL_AUDIT	2026-08-16	N/A	N/A	NOT PERFORMED	N/A	N/A	N/A	N/A	N/A	N/A	NOT_DONE	No formal recall audit was performed. Under PROJECT_GOVERNANCE.md section 7 this search MUST NOT be described as exhaustive. Five of eleven receipts return UNKNOWN total hit counts
