method	selective_F1	selective_PPV	selective_recall	coverage	deployment_yield	wall_seconds_median	cpu_hours_at_8cpu	operational_failure_rate	note
PlaScope	0.9278	0.9221	0.9337	0.9917	0.9198	1.0	0.25	0.0000	
gplas2	0.9038	0.9296	0.8793	0.8811	0.7651	53.0	14.37	0.0253	
PlasmidEC	0.8925	0.9098	0.8759	1.0000	0.8759	98.0	17.1	0.0000	
Plasmer	0.8773	0.8134	0.9520	1.0000	0.9520	159.0	27.81	0.0000	
PlasmidCall v1.2-General	0.8626	0.9662	0.7792	1.0000	0.7792				PlasmidCall consumes the 12-tool panel as input; its own scoring cost is negligible beside the panel, so its marginal runtime is not separately meaningful. The relevant cost statement is the full-panel total above.
Platon	0.8514	0.9244	0.7891	1.0000	0.7891	38.0	6.62	0.0000	
MOB-recon	0.8288	0.8426	0.8154	0.9867	0.8147	2.0	3.66	0.6203	
RFPlasmid	0.8054	0.8206	0.7907	1.0000	0.7907	54.0	9.6	0.0000	
HyAsP	0.7709	0.7838	0.7585	1.0000	0.7585	52.0	9.14	0.0000	
plASgraph2	0.7407	0.8612	0.6498	0.9576	0.5955	8.0	1.5	0.0000	
PLASMe	0.5794	0.4110	0.9818	1.0000	0.9818	111.0	19.56	0.0000	
geNomad	0.5461	0.4527	0.6882	1.0000	0.6882	120.0	21.14	0.0000	
PlasmidFinder	0.3336	0.9831	0.2009	0.9580	0.1927	6.0	1.08	0.0506	
