panel_plasmid_votes	n_contigs	n_truth_positive	truth_positive_rate	method	TP	FP	TN	FN	selective_PPV	selective_recall	selective_F1
0-2	5731	29	0.0051	PlasmidCall v1.2-General	0	0	5702	29		0.0000	
0-2	5731	29	0.0051	PlasmidCall router	0	0	5702	29		0.0000	
0-2	5731	29	0.0051	PlasmidCall v1.1 @0.9524	0	0	5702	29		0.0000	
3-5	339	90	0.2655	PlasmidCall v1.2-General	25	2	247	65	0.9259	0.2778	0.4274
3-5	339	90	0.2655	PlasmidCall router	25	2	247	65	0.9259	0.2778	0.4274
3-5	339	90	0.2655	PlasmidCall v1.1 @0.9524	0	0	249	90		0.0000	
6-8	253	210	0.8300	PlasmidCall v1.2-General	94	3	40	116	0.9691	0.4476	0.6124
6-8	253	210	0.8300	PlasmidCall router	87	4	39	123	0.9560	0.4143	0.5781
6-8	253	210	0.8300	PlasmidCall v1.1 @0.9524	47	6	37	163	0.8868	0.2238	0.3574
9-12	921	880	0.9555	PlasmidCall v1.2-General	823	28	13	57	0.9671	0.9352	0.9509
9-12	921	880	0.9555	PlasmidCall router	774	12	29	106	0.9847	0.8795	0.9292
9-12	921	880	0.9555	PlasmidCall v1.1 @0.9524	474	5	36	406	0.9896	0.5386	0.6976
