drug_class	n_contigs	n_plasmid	n_plasmid_recovered_v12	plasmid_fraction	recovery_of_plasmid_borne
BETA-LACTAM	77	56	53	0.7273	0.9464
AMINOGLYCOSIDE	66	53	49	0.803	0.9245
SULFONAMIDE	61	50	47	0.8197	0.94
TRIMETHOPRIM	37	28	28	0.7568	1.0
TETRACYCLINE	37	30	25	0.8108	0.8333
QUATERNARY AMMONIUM	34	29	29	0.8529	1.0
PHENICOL	20	14	12	0.7	0.8571
MACROLIDE	19	15	14	0.7895	0.9333
QUINOLONE	13	10	9	0.7692	0.9
BLEOMYCIN	10	10	10	1.0	1.0
COLISTIN	7	6	5	0.8571	0.8333
NA	7	3	3	0.4286	1.0
EFFLUX	7	0	0	0.0	
MERCURY	7	5	5	0.7143	1.0
FOSFOMYCIN	4	3	3	0.75	1.0
STREPTOTHRICIN	4	1	1	0.25	1.0
AMINOGLYCOSIDE/QUINOLONE	2	1	1	0.5	1.0
NITROFURAN/PHENICOL/QUINOLONE/TETRACYCLINE	2	2	1	1.0	0.5
RIFAMYCIN	1	1	1	1.0	1.0
TELLURIUM	1	1	1	1.0	1.0
LINCOSAMIDE/MACROLIDE/STREPTOGRAMIN	1	0	0	0.0	
MACROLIDE/STREPTOTHRICIN	1	0	0	0.0	
LINCOSAMIDE	1	1	1	1.0	1.0
ARSENIC	1	0	0	0.0	
