comparator	common_support_n	v1.2_PPV	comparator_PPV	delta_PPV	delta_PPV_CI95	P_delta_PPV_gt_0_descriptive	v1.2_recall	comparator_recall	delta_recall	delta_recall_CI95	P_delta_recall_gt_0_descriptive	v1.2_F1	comparator_F1	delta_F1	delta_F1_CI95	delta_coverage	note
HyAsP	7244	0.9662	0.7838	0.1824	[0.1380, 0.2292]	1.0000	0.7792	0.7585	0.0207	[-0.0093, 0.0529]	0.9018	0.8626	0.7709	0.0917	[0.0630, 0.1241]	0.0000	bootstrap probabilities are DESCRIPTIVE, not frequentist p-values, and carry no multiplicity correction across this panel
MOB-recon	7148	0.9662	0.8426	0.1236	[0.0911, 0.1622]	1.0000	0.7798	0.8154	-0.0356	[-0.0826, 0.0106]	0.0658	0.8630	0.8288	0.0343	[0.0003, 0.0694]	0.0000	bootstrap probabilities are DESCRIPTIVE, not frequentist p-values, and carry no multiplicity correction across this panel
PLASMe	7244	0.9662	0.4110	0.5551	[0.5164, 0.5966]	1.0000	0.7792	0.9818	-0.2026	[-0.2429, -0.1607]	0.0000	0.8626	0.5794	0.2832	[0.2341, 0.3363]	0.0000	bootstrap probabilities are DESCRIPTIVE, not frequentist p-values, and carry no multiplicity correction across this panel
PlaScope	7184	0.9670	0.9221	0.0449	[0.0279, 0.0650]	1.0000	0.7867	0.9337	-0.1469	[-0.1823, -0.1111]	0.0000	0.8676	0.9278	-0.0602	[-0.0848, -0.0358]	0.0000	bootstrap probabilities are DESCRIPTIVE, not frequentist p-values, and carry no multiplicity correction across this panel
Plasmer	7244	0.9662	0.8134	0.1527	[0.1170, 0.1962]	1.0000	0.7792	0.9520	-0.1729	[-0.2109, -0.1353]	0.0000	0.8626	0.8773	-0.0146	[-0.0490, 0.0232]	0.0000	bootstrap probabilities are DESCRIPTIVE, not frequentist p-values, and carry no multiplicity correction across this panel
PlasmidEC	7244	0.9662	0.9098	0.0564	[0.0332, 0.0850]	1.0000	0.7792	0.8759	-0.0968	[-0.1346, -0.0616]	0.0000	0.8626	0.8925	-0.0299	[-0.0571, -0.0030]	0.0000	bootstrap probabilities are DESCRIPTIVE, not frequentist p-values, and carry no multiplicity correction across this panel
PlasmidFinder	6940	0.9648	0.9831	-0.0183	[-0.0391, -0.0006]	0.0210	0.7802	0.2009	0.5793	[0.5280, 0.6251]	1.0000	0.8627	0.3336	0.5292	[0.4818, 0.5722]	0.0000	bootstrap probabilities are DESCRIPTIVE, not frequentist p-values, and carry no multiplicity correction across this panel
Platon	7244	0.9662	0.9244	0.0417	[0.0201, 0.0708]	1.0000	0.7792	0.7891	-0.0099	[-0.0468, 0.0233]	0.2747	0.8626	0.8514	0.0112	[-0.0149, 0.0348]	0.0000	bootstrap probabilities are DESCRIPTIVE, not frequentist p-values, and carry no multiplicity correction across this panel
RFPlasmid	7244	0.9662	0.8206	0.1456	[0.1070, 0.1901]	1.0000	0.7792	0.7907	-0.0116	[-0.0592, 0.0348]	0.3078	0.8626	0.8054	0.0572	[0.0219, 0.0942]	0.0000	bootstrap probabilities are DESCRIPTIVE, not frequentist p-values, and carry no multiplicity correction across this panel
geNomad	7244	0.9662	0.4527	0.5135	[0.4701, 0.5547]	1.0000	0.7792	0.6882	0.0910	[0.0434, 0.1392]	0.9998	0.8626	0.5461	0.3165	[0.2713, 0.3622]	0.0000	bootstrap probabilities are DESCRIPTIVE, not frequentist p-values, and carry no multiplicity correction across this panel
gplas2	6383	0.9642	0.9296	0.0346	[0.0167, 0.0590]	1.0000	0.7947	0.8793	-0.0846	[-0.1227, -0.0485]	0.0000	0.8713	0.9038	-0.0325	[-0.0584, -0.0067]	0.0000	bootstrap probabilities are DESCRIPTIVE, not frequentist p-values, and carry no multiplicity correction across this panel
plASgraph2	6937	0.9742	0.8612	0.1129	[0.0692, 0.1638]	1.0000	0.7834	0.6498	0.1336	[0.0626, 0.2076]	1.0000	0.8684	0.7407	0.1277	[0.0781, 0.1832]	0.0000	bootstrap probabilities are DESCRIPTIVE, not frequentist p-values, and carry no multiplicity correction across this panel
