model	bin	n	mean_score	observed_positive_fraction
v1.2-General	1	725	0.00025	0.004138
v1.2-General	2	725	0.000503	0.0
v1.2-General	3	725	0.000503	0.0
v1.2-General	4	725	0.000503	0.001379
v1.2-General	5	724	0.000503	0.006906
v1.2-General	6	724	0.00078	0.001381
v1.2-General	7	724	0.002121	0.002762
v1.2-General	8	724	0.00704	0.019337
v1.2-General	9	724	0.630616	0.656077
v1.2-General	10	724	0.991187	0.977901
v1.1 M2_score	1	725	0.00016	0.002759
v1.1 M2_score	2	725	0.000235	0.0
v1.1 M2_score	3	725	0.000296	0.001379
v1.1 M2_score	4	725	0.000353	0.001379
v1.1 M2_score	5	724	0.000493	0.001381
v1.1 M2_score	6	724	0.000784	0.004144
v1.1 M2_score	7	724	0.001092	0.008287
v1.1 M2_score	8	724	0.002573	0.038674
v1.1 M2_score	9	724	0.519951	0.660221
v1.1 M2_score	10	724	0.965185	0.951657
