stratum	tier	n_contigs	n_isolates	n_truth_positive	coverage	TP	FP	TN	FN	selective_PPV	selective_PPV_CI95	selective_recall	selective_recall_CI95	estimate_suppressed_as_unstable
length 1-<2kb	EXPLORATORY	1066	79	252	1.0000	167	5	809	85	0.9709	[0.9391, 0.9939]	0.6627	[0.5843, 0.7374]	
length 2-<5kb	EXPLORATORY	981	79	330	1.0000	260	17	634	70	0.9386	[0.8989, 0.9727]	0.7879	[0.7246, 0.8464]	
length 5-<10kb	EXPLORATORY	767	78	233	1.0000	191	4	530	42	0.9795	[0.9534, 1.0000]	0.8197	[0.7669, 0.8718]	
length >=10kb	EXPLORATORY	4430	79	394	1.0000	324	7	4029	70	0.9789	[0.9595, 0.9942]	0.8223	[0.7706, 0.8722]	
ARG-bearing	EXPLORATORY	218	63	166	1.0000	148	18	34	18	0.8916	[0.8166, 0.9542]	0.8916	[0.8041, 0.9623]	
non-ARG	EXPLORATORY	7026	79	1043	1.0000	794	15	5968	249	0.9815	[0.9600, 0.9960]	0.7613	[0.7144, 0.8080]	
MOB-recon provenance OK	EXPLORATORY	2595	30	490	1.0000	379	9	2096	111	0.9768	[0.9537, 0.9931]	0.7735	[0.7019, 0.8476]	
MOB-recon provenance RECOVERED_OK	EXPLORATORY	4553	47	718	1.0000	563	24	3811	155	0.9591	[0.9265, 0.9854]	0.7841	[0.7268, 0.8378]	
MOB-recon provenance FAILED	EXPLORATORY	96	2	1	1.0000	0	0	95	1			0.0000	[0.0000, 0.0000]	
truth reference source: genbank	EXPLORATORY (descriptive)	1658	15	285	1.0000	251	12	1361	34	0.9544	[0.8973, 1.0000]	0.8807	[0.8142, 0.9437]	
truth reference source: refseq	EXPLORATORY (descriptive)	5586	64	924	1.0000	691	21	4641	233	0.9705	[0.9500, 0.9865]	0.7478	[0.6992, 0.7952]	
