sample	contig_id	truth_state	truth_label	truth_confidence	contig_length	length_band	taxon	depth_stratum	ARG_bearing	v12_predicted_class	router_predicted_class	unresolved_or_shared_fraction	competing_hit_count
SAMD00499712	126	UNRESOLVED	ambiguous	ambiguous	2927	1-5kb	Citrobacter spp.	50_to_75x	false	chromosome	chromosome	0.0	2
SAMD00499712	133	UNRESOLVED	unmapped	failed	2565	1-5kb	Citrobacter spp.	50_to_75x	false	plasmid	plasmid	0.0	0
SAMD00565567	49	UNRESOLVED	unmapped	failed	20387	20-100kb	Enterococcus faecium	75_to_100x	false	chromosome	chromosome	0.0	0
SAMD00565567	80	UNRESOLVED	unmapped	failed	9702	5-20kb	Enterococcus faecium	75_to_100x	false	plasmid	plasmid	0.0	0
SAMD00565567	98	UNRESOLVED	ambiguous	ambiguous	5954	5-20kb	Enterococcus faecium	75_to_100x	false	chromosome	chromosome	0.0	2
SAMD00565567	108	UNRESOLVED	unmapped	failed	4530	1-5kb	Enterococcus faecium	75_to_100x	false	plasmid	plasmid	0.0	0
SAMD00565567	116	UNRESOLVED	unmapped	failed	3929	1-5kb	Enterococcus faecium	75_to_100x	false	plasmid	plasmid	0.0	0
SAMD00565567	131	UNRESOLVED	unmapped	failed	2536	1-5kb	Enterococcus faecium	75_to_100x	true	chromosome	chromosome	0.0	0
SAMD00565567	139	UNRESOLVED	unmapped	failed	1980	1-5kb	Enterococcus faecium	75_to_100x	false	plasmid	plasmid	0.0	0
SAMD00565567	145	UNRESOLVED	ambiguous	ambiguous	1792	1-5kb	Enterococcus faecium	75_to_100x	false	chromosome	chromosome	0.0	2
SAMD00565567	146	UNRESOLVED	unmapped	failed	1767	1-5kb	Enterococcus faecium	75_to_100x	false	chromosome	chromosome	0.0	0
SAMD00565567	150	UNRESOLVED	ambiguous	ambiguous	1514	1-5kb	Enterococcus faecium	75_to_100x	false	chromosome	chromosome	0.0	2
SAMD00565567	155	UNRESOLVED	ambiguous	ambiguous	1394	1-5kb	Enterococcus faecium	75_to_100x	false	chromosome	chromosome	0.0	2
SAMD00565567	160	UNRESOLVED	ambiguous	ambiguous	1324	1-5kb	Enterococcus faecium	75_to_100x	false	chromosome	chromosome	0.0	2
SAMD00565567	168	UNRESOLVED	ambiguous	ambiguous	1063	1-5kb	Enterococcus faecium	75_to_100x	false	chromosome	chromosome	0.0	2
SAMD00577372	65	UNRESOLVED	ambiguous	ambiguous	1066	1-5kb	Enterococcus faecium	ge_100x	false	chromosome	chromosome	0.0	2
SAMD00577373	32	UNRESOLVED	unmapped	failed	5143	5-20kb	Enterococcus faecalis	50_to_75x	false	plasmid	plasmid	0.0	0
SAMD00623430	103	UNRESOLVED	ambiguous	ambiguous	4816	1-5kb	Enterococcus faecium	ge_100x	false	chromosome	chromosome	0.0	2
SAMD00623430	123	UNRESOLVED	ambiguous	ambiguous	1683	1-5kb	Enterococcus faecium	ge_100x	false	chromosome	chromosome	0.0	2
SAMD00623430	126	UNRESOLVED	ambiguous	ambiguous	1514	1-5kb	Enterococcus faecium	ge_100x	false	chromosome	chromosome	0.0	2
SAMD00623430	132	UNRESOLVED	ambiguous	ambiguous	1418	1-5kb	Enterococcus faecium	ge_100x	false	chromosome	chromosome	0.0	2
SAMD00623430	137	UNRESOLVED	ambiguous	ambiguous	1195	1-5kb	Enterococcus faecium	ge_100x	false	chromosome	chromosome	0.0	2
SAMD00623430	140	UNRESOLVED	ambiguous	ambiguous	1074	1-5kb	Enterococcus faecium	ge_100x	false	chromosome	chromosome	0.0	2
SAMD00623430	142	UNRESOLVED	ambiguous	ambiguous	1061	1-5kb	Enterococcus faecium	ge_100x	false	chromosome	chromosome	0.0	2
SAMD00748008	44	UNRESOLVED	ambiguous	ambiguous	1301	1-5kb	Enterococcus faecalis	ge_100x	false	chromosome	chromosome	0.0	2
SAMEA117852477	9	UNRESOLVED	unmapped	failed	77404	20-100kb	Enterococcus faecium	75_to_100x	false	chromosome	chromosome	0.0	0
SAMEA117852477	86	UNRESOLVED	unmapped	failed	5084	5-20kb	Enterococcus faecium	75_to_100x	false	chromosome	chromosome	0.0	0
SAMEA117852477	117	UNRESOLVED	ambiguous	ambiguous	1792	1-5kb	Enterococcus faecium	75_to_100x	false	chromosome	chromosome	0.0	2
SAMEA117852477	127	UNRESOLVED	ambiguous	ambiguous	1347	1-5kb	Enterococcus faecium	75_to_100x	false	chromosome	chromosome	0.0	2
SAMEA121008655	26	UNRESOLVED	ambiguous	ambiguous	3804	1-5kb	Serratia spp.	ge_100x	false	chromosome	chromosome	0.0	2
SAMN10435572	71	UNRESOLVED	ambiguous	ambiguous	5320	5-20kb	Citrobacter spp.	50_to_75x	false	plasmid	plasmid	0.0	2
SAMN10435572	98	UNRESOLVED	ambiguous	ambiguous	1366	1-5kb	Citrobacter spp.	50_to_75x	false	chromosome	chromosome	0.0	2
SAMN10435572	102	UNRESOLVED	ambiguous	ambiguous	1170	1-5kb	Citrobacter spp.	50_to_75x	false	plasmid	plasmid	0.0	2
SAMN12405233	19	UNRESOLVED	unmapped	failed	1140	1-5kb	Serratia spp.	75_to_100x	false	chromosome	chromosome	0.0	0
SAMN13382572	80	UNRESOLVED	ambiguous	ambiguous	2455	1-5kb	Klebsiella pneumoniae	50_to_75x	false	chromosome	chromosome	0.0	2
SAMN13382572	81	UNRESOLVED	ambiguous	ambiguous	2278	1-5kb	Klebsiella pneumoniae	50_to_75x	false	chromosome	chromosome	0.0	2
SAMN13382572	94	UNRESOLVED	ambiguous	ambiguous	1125	1-5kb	Klebsiella pneumoniae	50_to_75x	false	plasmid	plasmid	0.0	3
SAMN13382579	36	UNRESOLVED	unmapped	failed	5641	5-20kb	Klebsiella pneumoniae	50_to_75x	false	chromosome	chromosome	0.0	0
SAMN13382579	50	UNRESOLVED	ambiguous	ambiguous	2699	1-5kb	Klebsiella pneumoniae	50_to_75x	false	chromosome	chromosome	0.0	3
SAMN13382579	54	UNRESOLVED	unmapped	failed	2461	1-5kb	Klebsiella pneumoniae	50_to_75x	false	chromosome	chromosome	0.0	0
SAMN13382579	86	UNRESOLVED	ambiguous	ambiguous	1117	1-5kb	Klebsiella pneumoniae	50_to_75x	false	chromosome	chromosome	0.0	3
SAMN13382581	53	UNRESOLVED	unmapped	failed	12468	5-20kb	Klebsiella pneumoniae	ge_100x	false	plasmid	plasmid	0.0	0
SAMN13382581	83	UNRESOLVED	ambiguous	ambiguous	2493	1-5kb	Klebsiella pneumoniae	ge_100x	false	plasmid	plasmid	0.0	3
SAMN13382581	84	UNRESOLVED	ambiguous	ambiguous	2432	1-5kb	Klebsiella pneumoniae	ge_100x	false	plasmid	plasmid	0.0	2
SAMN13382581	90	UNRESOLVED	ambiguous	ambiguous	1466	1-5kb	Klebsiella pneumoniae	ge_100x	false	chromosome	chromosome	0.0	2
SAMN13382581	91	UNRESOLVED	ambiguous	ambiguous	1391	1-5kb	Klebsiella pneumoniae	ge_100x	false	chromosome	chromosome	0.0	3
SAMN13382581	95	UNRESOLVED	ambiguous	ambiguous	1323	1-5kb	Klebsiella pneumoniae	ge_100x	false	chromosome	chromosome	0.0	2
SAMN13382597	88	UNRESOLVED	ambiguous	ambiguous	2454	1-5kb	Klebsiella pneumoniae	50_to_75x	false	chromosome	chromosome	0.0	3
SAMN13382597	103	UNRESOLVED	ambiguous	ambiguous	1380	1-5kb	Klebsiella pneumoniae	50_to_75x	false	chromosome	chromosome	0.0	3
SAMN13382597	104	UNRESOLVED	ambiguous	ambiguous	1369	1-5kb	Klebsiella pneumoniae	50_to_75x	false	plasmid	plasmid	0.0	3
SAMN13382597	105	UNRESOLVED	ambiguous	ambiguous	1335	1-5kb	Klebsiella pneumoniae	50_to_75x	false	plasmid	plasmid	0.0	3
SAMN13382597	107	UNRESOLVED	ambiguous	ambiguous	1197	1-5kb	Klebsiella pneumoniae	50_to_75x	false	chromosome	chromosome	0.0	2
SAMN17766463	52	UNRESOLVED	ambiguous	ambiguous	1761	1-5kb	Klebsiella pneumoniae	30_to_50x	false	plasmid	plasmid	0.0	2
SAMN17766463	58	UNRESOLVED	ambiguous	ambiguous	1198	1-5kb	Klebsiella pneumoniae	30_to_50x	false	chromosome	chromosome	0.0	2
SAMN17766463	59	UNRESOLVED	ambiguous	ambiguous	1096	1-5kb	Klebsiella pneumoniae	30_to_50x	false	chromosome	chromosome	0.0	2
SAMN17766480	46	UNRESOLVED	unmapped	failed	4579	1-5kb	Klebsiella pneumoniae	50_to_75x	false	plasmid	plasmid	0.0	0
SAMN17766480	60	UNRESOLVED	unmapped	failed	2489	1-5kb	Klebsiella pneumoniae	50_to_75x	false	plasmid	plasmid	0.0	0
SAMN17766480	62	UNRESOLVED	unmapped	failed	2275	1-5kb	Klebsiella pneumoniae	50_to_75x	false	chromosome	chromosome	0.0	0
SAMN17766480	65	UNRESOLVED	unmapped	failed	1974	1-5kb	Klebsiella pneumoniae	50_to_75x	false	plasmid	plasmid	0.0	0
SAMN17766480	67	UNRESOLVED	unmapped	failed	1819	1-5kb	Klebsiella pneumoniae	50_to_75x	false	plasmid	plasmid	0.0	0
SAMN17766480	72	UNRESOLVED	unmapped	failed	1476	1-5kb	Klebsiella pneumoniae	50_to_75x	false	chromosome	chromosome	0.0	0
SAMN17766480	75	UNRESOLVED	ambiguous	ambiguous	1382	1-5kb	Klebsiella pneumoniae	50_to_75x	false	chromosome	chromosome	0.0	2
SAMN17766507	64	UNRESOLVED	ambiguous	ambiguous	1599	1-5kb	Klebsiella pneumoniae	ge_100x	false	plasmid	plasmid	0.0	2
SAMN17766507	66	UNRESOLVED	ambiguous	ambiguous	1457	1-5kb	Klebsiella pneumoniae	ge_100x	false	chromosome	chromosome	0.0	2
SAMN17766507	75	UNRESOLVED	ambiguous	ambiguous	1045	1-5kb	Klebsiella pneumoniae	ge_100x	false	chromosome	chromosome	0.0	2
SAMN18917024	15	UNRESOLVED	unmapped	failed	149533	ge100kb	Serratia spp.	ge_100x	false	plasmid	plasmid	0.0	0
SAMN22837217	26	UNRESOLVED	ambiguous	ambiguous	13678	5-20kb	Citrobacter spp.	75_to_100x	true	plasmid	chromosome	0.0	2
SAMN23424528	35	UNRESOLVED	ambiguous	ambiguous	1066	1-5kb	Enterococcus faecium	ge_100x	false	chromosome	chromosome	0.0	2
SAMN23424532	55	UNRESOLVED	ambiguous	ambiguous	2139	1-5kb	Enterococcus faecium	75_to_100x	false	chromosome	chromosome	0.0	2
SAMN23424532	61	UNRESOLVED	ambiguous	ambiguous	1387	1-5kb	Enterococcus faecium	75_to_100x	false	chromosome	chromosome	0.0	2
SAMN23424532	67	UNRESOLVED	ambiguous	ambiguous	1031	1-5kb	Enterococcus faecium	75_to_100x	false	chromosome	chromosome	0.0	2
SAMN23424534	83	UNRESOLVED	ambiguous	ambiguous	1466	1-5kb	Enterococcus faecium	75_to_100x	false	chromosome	chromosome	0.0	2
SAMN23424534	88	UNRESOLVED	ambiguous	ambiguous	1176	1-5kb	Enterococcus faecium	75_to_100x	false	chromosome	chromosome	0.0	2
SAMN26198497	85	UNRESOLVED	ambiguous	ambiguous	1388	1-5kb	Citrobacter spp.	50_to_75x	false	chromosome	chromosome	0.0	2
SAMN26198498	62	UNRESOLVED	ambiguous	ambiguous	1221	1-5kb	Citrobacter spp.	75_to_100x	false	chromosome	chromosome	0.0	2
SAMN26198498	64	UNRESOLVED	ambiguous	ambiguous	1160	1-5kb	Citrobacter spp.	75_to_100x	false	chromosome	chromosome	0.0	2
SAMN26567300	89	UNRESOLVED	ambiguous	ambiguous	4793	1-5kb	Klebsiella pneumoniae	ge_100x	false	plasmid	plasmid	0.0	3
SAMN26567300	121	UNRESOLVED	ambiguous	ambiguous	1382	1-5kb	Klebsiella pneumoniae	ge_100x	false	chromosome	chromosome	0.0	2
SAMN26567300	122	UNRESOLVED	ambiguous	ambiguous	1319	1-5kb	Klebsiella pneumoniae	ge_100x	false	chromosome	chromosome	0.0	2
SAMN26567300	126	UNRESOLVED	ambiguous	ambiguous	1120	1-5kb	Klebsiella pneumoniae	ge_100x	false	chromosome	chromosome	0.0	2
SAMN26567300	127	UNRESOLVED	ambiguous	ambiguous	1105	1-5kb	Klebsiella pneumoniae	ge_100x	false	plasmid	plasmid	0.0	2
SAMN26567300	128	UNRESOLVED	ambiguous	ambiguous	1081	1-5kb	Klebsiella pneumoniae	ge_100x	false	chromosome	chromosome	0.0	2
SAMN26567300	130	UNRESOLVED	ambiguous	ambiguous	1039	1-5kb	Klebsiella pneumoniae	ge_100x	true	chromosome	chromosome	0.0	3
SAMN26567301	86	UNRESOLVED	ambiguous	ambiguous	2852	1-5kb	Klebsiella pneumoniae	50_to_75x	false	chromosome	chromosome	0.0	2
SAMN26567301	89	UNRESOLVED	ambiguous	ambiguous	2278	1-5kb	Klebsiella pneumoniae	50_to_75x	false	chromosome	chromosome	0.0	2
SAMN26567301	93	UNRESOLVED	ambiguous	ambiguous	1444	1-5kb	Klebsiella pneumoniae	50_to_75x	false	chromosome	chromosome	0.0	2
SAMN26567301	96	UNRESOLVED	ambiguous	ambiguous	1221	1-5kb	Klebsiella pneumoniae	50_to_75x	false	chromosome	chromosome	0.0	2
SAMN26567301	98	UNRESOLVED	ambiguous	ambiguous	1180	1-5kb	Klebsiella pneumoniae	50_to_75x	false	chromosome	chromosome	0.0	3
SAMN26567301	100	UNRESOLVED	ambiguous	ambiguous	1120	1-5kb	Klebsiella pneumoniae	50_to_75x	false	chromosome	chromosome	0.0	2
SAMN26567301	101	UNRESOLVED	ambiguous	ambiguous	1102	1-5kb	Klebsiella pneumoniae	50_to_75x	false	chromosome	chromosome	0.0	2
SAMN26567301	102	UNRESOLVED	ambiguous	ambiguous	1049	1-5kb	Klebsiella pneumoniae	50_to_75x	false	chromosome	chromosome	0.0	2
SAMN26796324	45	UNRESOLVED	unmapped	failed	47099	20-100kb	Serratia spp.	ge_100x	true	plasmid	plasmid	0.0	0
SAMN26796324	50	UNRESOLVED	unmapped	failed	41543	20-100kb	Serratia spp.	ge_100x	false	plasmid	plasmid	0.0	0
SAMN26796324	66	UNRESOLVED	unmapped	failed	25778	20-100kb	Serratia spp.	ge_100x	false	plasmid	plasmid	0.0	0
SAMN26796324	70	UNRESOLVED	unmapped	failed	22046	20-100kb	Serratia spp.	ge_100x	false	plasmid	plasmid	0.0	0
SAMN26796324	74	UNRESOLVED	unmapped	failed	19853	5-20kb	Serratia spp.	ge_100x	false	plasmid	plasmid	0.0	0
SAMN26796324	76	UNRESOLVED	unmapped	failed	14972	5-20kb	Serratia spp.	ge_100x	false	plasmid	plasmid	0.0	0
SAMN26796324	78	UNRESOLVED	unmapped	failed	11854	5-20kb	Serratia spp.	ge_100x	true	plasmid	plasmid	0.0	0
SAMN26796324	82	UNRESOLVED	unmapped	failed	9657	5-20kb	Serratia spp.	ge_100x	false	plasmid	plasmid	0.0	0
SAMN26796324	83	UNRESOLVED	unmapped	failed	8788	5-20kb	Serratia spp.	ge_100x	true	plasmid	plasmid	0.0	0
SAMN26796324	88	UNRESOLVED	unmapped	failed	6933	5-20kb	Serratia spp.	ge_100x	false	plasmid	plasmid	0.0	0
SAMN26796324	89	UNRESOLVED	ambiguous	ambiguous	6253	5-20kb	Serratia spp.	ge_100x	false	chromosome	chromosome	0.0	2
SAMN26796324	91	UNRESOLVED	unmapped	failed	5605	5-20kb	Serratia spp.	ge_100x	false	chromosome	chromosome	0.0	0
SAMN26796324	99	UNRESOLVED	unmapped	failed	3223	1-5kb	Serratia spp.	ge_100x	false	plasmid	plasmid	0.0	0
SAMN26796324	100	UNRESOLVED	unmapped	failed	2733	1-5kb	Serratia spp.	ge_100x	false	plasmid	plasmid	0.0	0
SAMN26796324	116	UNRESOLVED	unmapped	failed	1107	1-5kb	Serratia spp.	ge_100x	false	chromosome	chromosome	0.0	0
SAMN26796377	124	UNRESOLVED	ambiguous	ambiguous	3496	1-5kb	Citrobacter spp.	ge_100x	false	plasmid	plasmid	0.0	4
SAMN26796377	129	UNRESOLVED	ambiguous	ambiguous	2990	1-5kb	Citrobacter spp.	ge_100x	false	chromosome	chromosome	0.0	4
SAMN26796377	135	UNRESOLVED	ambiguous	ambiguous	2056	1-5kb	Citrobacter spp.	ge_100x	false	chromosome	chromosome	0.0	2
SAMN26796377	139	UNRESOLVED	ambiguous	ambiguous	1814	1-5kb	Citrobacter spp.	ge_100x	false	chromosome	chromosome	0.0	3
SAMN26796377	144	UNRESOLVED	ambiguous	ambiguous	1383	1-5kb	Citrobacter spp.	ge_100x	false	chromosome	chromosome	0.0	2
SAMN26796377	147	UNRESOLVED	ambiguous	ambiguous	1250	1-5kb	Citrobacter spp.	ge_100x	false	chromosome	chromosome	0.0	4
SAMN26796377	149	UNRESOLVED	ambiguous	ambiguous	1231	1-5kb	Citrobacter spp.	ge_100x	false	chromosome	chromosome	0.0	2
SAMN26796377	151	UNRESOLVED	ambiguous	ambiguous	1221	1-5kb	Citrobacter spp.	ge_100x	false	chromosome	chromosome	0.0	2
SAMN26796377	155	UNRESOLVED	ambiguous	ambiguous	1077	1-5kb	Citrobacter spp.	ge_100x	false	plasmid	plasmid	0.0	4
SAMN26796439	50	UNRESOLVED	ambiguous	ambiguous	1374	1-5kb	Citrobacter spp.	ge_100x	false	chromosome	chromosome	0.0	2
SAMN26796439	53	UNRESOLVED	ambiguous	ambiguous	1221	1-5kb	Citrobacter spp.	ge_100x	false	chromosome	chromosome	0.0	2
SAMN29503689	44	UNRESOLVED	unmapped	failed	24484	20-100kb	Citrobacter spp.	ge_100x	false	plasmid	plasmid	0.0	0
SAMN29503689	49	UNRESOLVED	unmapped	failed	17140	5-20kb	Citrobacter spp.	ge_100x	false	plasmid	plasmid	0.0	0
SAMN29503689	58	UNRESOLVED	unmapped	failed	10008	5-20kb	Citrobacter spp.	ge_100x	true	plasmid	plasmid	0.0	0
SAMN29503689	79	UNRESOLVED	ambiguous	ambiguous	3372	1-5kb	Citrobacter spp.	ge_100x	false	chromosome	chromosome	0.0	2
SAMN29503689	83	UNRESOLVED	ambiguous	ambiguous	2457	1-5kb	Citrobacter spp.	ge_100x	false	chromosome	chromosome	0.0	2
SAMN29503689	92	UNRESOLVED	unmapped	failed	1470	1-5kb	Citrobacter spp.	ge_100x	false	plasmid	plasmid	0.0	0
SAMN29503689	96	UNRESOLVED	ambiguous	ambiguous	1355	1-5kb	Citrobacter spp.	ge_100x	false	plasmid	plasmid	0.0	3
SAMN29503689	98	UNRESOLVED	ambiguous	ambiguous	1327	1-5kb	Citrobacter spp.	ge_100x	false	plasmid	plasmid	0.0	2
SAMN29503689	104	UNRESOLVED	ambiguous	ambiguous	1167	1-5kb	Citrobacter spp.	ge_100x	false	chromosome	chromosome	0.0	2
SAMN29503689	105	UNRESOLVED	unmapped	failed	1167	1-5kb	Citrobacter spp.	ge_100x	false	plasmid	plasmid	0.0	0
SAMN29503815	46	UNRESOLVED	unmapped	failed	13296	5-20kb	Citrobacter spp.	ge_100x	true	plasmid	plasmid	0.0	0
SAMN29503815	48	UNRESOLVED	unmapped	failed	12076	5-20kb	Citrobacter spp.	ge_100x	false	plasmid	plasmid	0.0	0
SAMN29503815	51	UNRESOLVED	unmapped	failed	10006	5-20kb	Citrobacter spp.	ge_100x	true	chromosome	chromosome	0.0	0
SAMN29503815	53	UNRESOLVED	unmapped	failed	9294	5-20kb	Citrobacter spp.	ge_100x	false	plasmid	plasmid	0.0	0
SAMN29503815	54	UNRESOLVED	unmapped	failed	8443	5-20kb	Citrobacter spp.	ge_100x	false	plasmid	plasmid	0.0	0
SAMN29503815	57	UNRESOLVED	unmapped	failed	6496	5-20kb	Citrobacter spp.	ge_100x	false	plasmid	plasmid	0.0	0
SAMN29503815	62	UNRESOLVED	unmapped	failed	3035	1-5kb	Citrobacter spp.	ge_100x	false	plasmid	plasmid	0.0	0
SAMN29503815	63	UNRESOLVED	unmapped	failed	2145	1-5kb	Citrobacter spp.	ge_100x	false	plasmid	plasmid	0.0	0
SAMN29503815	65	UNRESOLVED	ambiguous	ambiguous	1496	1-5kb	Citrobacter spp.	ge_100x	false	chromosome	chromosome	0.0	2
SAMN29503815	72	UNRESOLVED	ambiguous	ambiguous	1281	1-5kb	Citrobacter spp.	ge_100x	false	chromosome	chromosome	0.0	2
SAMN29503815	76	UNRESOLVED	ambiguous	ambiguous	1056	1-5kb	Citrobacter spp.	ge_100x	false	chromosome	chromosome	0.0	2
SAMN29503815	77	UNRESOLVED	ambiguous	ambiguous	1017	1-5kb	Citrobacter spp.	ge_100x	false	chromosome	chromosome	0.0	2
SAMN30692055	119	UNRESOLVED	ambiguous	ambiguous	2345	1-5kb	Enterococcus faecium	ge_100x	false	chromosome	chromosome	0.0	2
SAMN30692055	125	UNRESOLVED	ambiguous	ambiguous	1794	1-5kb	Enterococcus faecium	ge_100x	false	chromosome	chromosome	0.0	2
SAMN30692055	128	UNRESOLVED	ambiguous	ambiguous	1678	1-5kb	Enterococcus faecium	ge_100x	false	chromosome	chromosome	0.0	2
SAMN30692055	137	UNRESOLVED	ambiguous	ambiguous	1359	1-5kb	Enterococcus faecium	ge_100x	false	chromosome	chromosome	0.0	3
SAMN30692055	144	UNRESOLVED	ambiguous	ambiguous	1038	1-5kb	Enterococcus faecium	ge_100x	false	chromosome	chromosome	0.0	2
SAMN30692055	146	UNRESOLVED	ambiguous	ambiguous	1017	1-5kb	Enterococcus faecium	ge_100x	false	chromosome	chromosome	0.0	2
SAMN30974101	52	UNRESOLVED	unmapped	failed	7162	5-20kb	Citrobacter spp.	50_to_75x	true	plasmid	chromosome	0.0	0
SAMN30974101	56	UNRESOLVED	unmapped	failed	5386	5-20kb	Citrobacter spp.	50_to_75x	false	chromosome	chromosome	0.0	0
SAMN30974101	70	UNRESOLVED	ambiguous	ambiguous	1339	1-5kb	Citrobacter spp.	50_to_75x	false	plasmid	plasmid	0.0	2
SAMN30974101	72	UNRESOLVED	ambiguous	ambiguous	1245	1-5kb	Citrobacter spp.	50_to_75x	false	chromosome	chromosome	0.0	2
SAMN30974103	85	UNRESOLVED	unmapped	failed	5386	5-20kb	Serratia spp.	50_to_75x	false	chromosome	chromosome	0.0	0
SAMN30974103	90	UNRESOLVED	unmapped	failed	3228	1-5kb	Serratia spp.	50_to_75x	false	plasmid	plasmid	0.0	0
SAMN30974103	96	UNRESOLVED	ambiguous	ambiguous	2410	1-5kb	Serratia spp.	50_to_75x	false	chromosome	chromosome	0.0	2
SAMN30974103	97	UNRESOLVED	ambiguous	ambiguous	2278	1-5kb	Serratia spp.	50_to_75x	false	chromosome	chromosome	0.0	2
SAMN30974103	105	UNRESOLVED	ambiguous	ambiguous	1658	1-5kb	Serratia spp.	50_to_75x	false	chromosome	chromosome	0.0	2
SAMN30974103	107	UNRESOLVED	ambiguous	ambiguous	1555	1-5kb	Serratia spp.	50_to_75x	true	chromosome	plasmid	0.0	2
SAMN30974103	111	UNRESOLVED	ambiguous	ambiguous	1194	1-5kb	Serratia spp.	50_to_75x	false	chromosome	chromosome	0.0	3
SAMN30974103	112	UNRESOLVED	ambiguous	ambiguous	1159	1-5kb	Serratia spp.	50_to_75x	false	chromosome	chromosome	0.0	2
SAMN32542113	49	UNRESOLVED	ambiguous	ambiguous	1983	1-5kb	Klebsiella pneumoniae	ge_100x	false	plasmid	plasmid	0.0	2
SAMN32542113	54	UNRESOLVED	ambiguous	ambiguous	1336	1-5kb	Klebsiella pneumoniae	ge_100x	false	plasmid	plasmid	0.0	2
SAMN32542113	61	UNRESOLVED	ambiguous	ambiguous	1003	1-5kb	Klebsiella pneumoniae	ge_100x	false	chromosome	chromosome	0.0	2
SAMN32676082	62	UNRESOLVED	ambiguous	ambiguous	2489	1-5kb	Klebsiella pneumoniae	75_to_100x	false	chromosome	chromosome	0.0	2
SAMN33741209	33	UNRESOLVED	ambiguous	ambiguous	1158	1-5kb	Enterococcus faecalis	ge_100x	false	chromosome	chromosome	0.0	2
SAMN35677795	108	UNRESOLVED	ambiguous	ambiguous	1380	1-5kb	Enterobacter spp.	ge_100x	false	chromosome	chromosome	0.0	3
SAMN35677795	110	UNRESOLVED	ambiguous	ambiguous	1335	1-5kb	Enterobacter spp.	ge_100x	false	chromosome	chromosome	0.0	3
SAMN35677795	111	UNRESOLVED	ambiguous	ambiguous	1320	1-5kb	Enterobacter spp.	ge_100x	false	chromosome	chromosome	0.0	2
SAMN35677795	112	UNRESOLVED	ambiguous	ambiguous	1317	1-5kb	Enterobacter spp.	ge_100x	false	chromosome	chromosome	0.0	2
SAMN35677795	120	UNRESOLVED	ambiguous	ambiguous	1015	1-5kb	Enterobacter spp.	ge_100x	false	chromosome	chromosome	0.0	2
SAMN36766197	95	UNRESOLVED	unmapped	failed	5212	5-20kb	Enterococcus faecium	50_to_75x	false	plasmid	plasmid	0.0	0
SAMN36766197	103	UNRESOLVED	unmapped	failed	4461	1-5kb	Enterococcus faecium	50_to_75x	false	plasmid	plasmid	0.0	0
SAMN36766197	122	UNRESOLVED	ambiguous	ambiguous	2796	1-5kb	Enterococcus faecium	50_to_75x	false	chromosome	chromosome	0.0	2
SAMN36766197	143	UNRESOLVED	ambiguous	ambiguous	1896	1-5kb	Enterococcus faecium	50_to_75x	false	chromosome	chromosome	0.0	2
SAMN36766197	145	UNRESOLVED	ambiguous	ambiguous	1678	1-5kb	Enterococcus faecium	50_to_75x	false	chromosome	chromosome	0.0	2
SAMN36766197	146	UNRESOLVED	ambiguous	ambiguous	1566	1-5kb	Enterococcus faecium	50_to_75x	false	chromosome	chromosome	0.0	2
SAMN36766197	149	UNRESOLVED	ambiguous	ambiguous	1505	1-5kb	Enterococcus faecium	50_to_75x	false	chromosome	chromosome	0.0	2
SAMN36766197	150	UNRESOLVED	ambiguous	ambiguous	1493	1-5kb	Enterococcus faecium	50_to_75x	false	chromosome	chromosome	0.0	2
SAMN36766197	151	UNRESOLVED	ambiguous	ambiguous	1466	1-5kb	Enterococcus faecium	50_to_75x	false	chromosome	chromosome	0.0	2
SAMN36766197	153	UNRESOLVED	ambiguous	ambiguous	1382	1-5kb	Enterococcus faecium	50_to_75x	false	chromosome	chromosome	0.0	3
SAMN36766197	156	UNRESOLVED	ambiguous	ambiguous	1344	1-5kb	Enterococcus faecium	50_to_75x	false	chromosome	chromosome	0.0	2
SAMN36766197	158	UNRESOLVED	ambiguous	ambiguous	1234	1-5kb	Enterococcus faecium	50_to_75x	false	chromosome	chromosome	0.0	2
SAMN36766202	107	UNRESOLVED	ambiguous	ambiguous	4819	1-5kb	Enterococcus faecium	ge_100x	false	chromosome	chromosome	0.0	2
SAMN36766202	136	UNRESOLVED	ambiguous	ambiguous	2267	1-5kb	Enterococcus faecium	ge_100x	false	chromosome	chromosome	0.0	2
SAMN36766202	139	UNRESOLVED	ambiguous	ambiguous	1936	1-5kb	Enterococcus faecium	ge_100x	false	chromosome	chromosome	0.0	2
SAMN36766202	151	UNRESOLVED	ambiguous	ambiguous	1499	1-5kb	Enterococcus faecium	ge_100x	false	chromosome	chromosome	0.0	3
SAMN36766202	153	UNRESOLVED	ambiguous	ambiguous	1477	1-5kb	Enterococcus faecium	ge_100x	false	chromosome	chromosome	0.0	3
SAMN36766202	154	UNRESOLVED	ambiguous	ambiguous	1466	1-5kb	Enterococcus faecium	ge_100x	false	chromosome	chromosome	0.0	3
SAMN36766202	158	UNRESOLVED	ambiguous	ambiguous	1305	1-5kb	Enterococcus faecium	ge_100x	false	chromosome	chromosome	0.0	2
SAMN36766202	161	UNRESOLVED	ambiguous	ambiguous	1235	1-5kb	Enterococcus faecium	ge_100x	false	chromosome	chromosome	0.0	2
SAMN36766202	164	UNRESOLVED	ambiguous	ambiguous	1161	1-5kb	Enterococcus faecium	ge_100x	false	chromosome	chromosome	0.0	2
SAMN36766202	171	UNRESOLVED	ambiguous	ambiguous	1061	1-5kb	Enterococcus faecium	ge_100x	false	chromosome	chromosome	0.0	2
SAMN36766202	174	UNRESOLVED	ambiguous	ambiguous	1042	1-5kb	Enterococcus faecium	ge_100x	false	chromosome	chromosome	0.0	3
SAMN36766205	108	UNRESOLVED	ambiguous	ambiguous	2415	1-5kb	Enterococcus faecium	50_to_75x	false	chromosome	chromosome	0.0	2
SAMN36766205	114	UNRESOLVED	ambiguous	ambiguous	2250	1-5kb	Enterococcus faecium	50_to_75x	false	chromosome	chromosome	0.0	2
SAMN36766205	121	UNRESOLVED	ambiguous	ambiguous	1794	1-5kb	Enterococcus faecium	50_to_75x	false	chromosome	chromosome	0.0	2
SAMN36766205	124	UNRESOLVED	ambiguous	ambiguous	1566	1-5kb	Enterococcus faecium	50_to_75x	false	chromosome	chromosome	0.0	2
SAMN36766205	127	UNRESOLVED	ambiguous	ambiguous	1499	1-5kb	Enterococcus faecium	50_to_75x	false	chromosome	chromosome	0.0	2
SAMN36766205	132	UNRESOLVED	ambiguous	ambiguous	1365	1-5kb	Enterococcus faecium	50_to_75x	false	chromosome	chromosome	0.0	2
SAMN36766205	133	UNRESOLVED	ambiguous	ambiguous	1330	1-5kb	Enterococcus faecium	50_to_75x	false	chromosome	chromosome	0.0	2
SAMN36766205	134	UNRESOLVED	ambiguous	ambiguous	1328	1-5kb	Enterococcus faecium	50_to_75x	false	chromosome	chromosome	0.0	2
SAMN36766205	136	UNRESOLVED	ambiguous	ambiguous	1169	1-5kb	Enterococcus faecium	50_to_75x	false	chromosome	chromosome	0.0	2
SAMN36766205	142	UNRESOLVED	ambiguous	ambiguous	1074	1-5kb	Enterococcus faecium	50_to_75x	false	chromosome	chromosome	0.0	2
SAMN36766227	19	UNRESOLVED	unmapped	failed	87608	20-100kb	Klebsiella pneumoniae	30_to_50x	true	plasmid	chromosome	0.0	0
SAMN37639060	55	UNRESOLVED	ambiguous	ambiguous	2149	1-5kb	Enterococcus faecalis	ge_100x	false	chromosome	chromosome	0.0	2
SAMN37639060	59	UNRESOLVED	ambiguous	ambiguous	1788	1-5kb	Enterococcus faecalis	ge_100x	false	chromosome	chromosome	0.0	2
SAMN37639060	66	UNRESOLVED	ambiguous	ambiguous	1501	1-5kb	Enterococcus faecalis	ge_100x	false	chromosome	chromosome	0.0	2
SAMN37639060	67	UNRESOLVED	ambiguous	ambiguous	1338	1-5kb	Enterococcus faecalis	ge_100x	false	chromosome	chromosome	0.0	2
SAMN37639060	68	UNRESOLVED	ambiguous	ambiguous	1315	1-5kb	Enterococcus faecalis	ge_100x	false	plasmid	plasmid	0.0	2
SAMN38562723	27	UNRESOLVED	ambiguous	ambiguous	1256	1-5kb	Serratia spp.	ge_100x	false	chromosome	chromosome	0.0	2
SAMN38673182	20	UNRESOLVED	ambiguous	ambiguous	1338	1-5kb	Enterococcus faecalis	ge_100x	false	chromosome	chromosome	0.0	2
SAMN38999337	49	UNRESOLVED	ambiguous	ambiguous	1065	1-5kb	Enterococcus faecium	ge_100x	false	chromosome	chromosome	0.0	2
SAMN38999338	118	UNRESOLVED	ambiguous	ambiguous	1731	1-5kb	Enterococcus faecium	ge_100x	false	chromosome	chromosome	0.0	3
SAMN38999338	122	UNRESOLVED	ambiguous	ambiguous	1514	1-5kb	Enterococcus faecium	ge_100x	false	chromosome	chromosome	0.0	2
SAMN38999338	124	UNRESOLVED	ambiguous	ambiguous	1493	1-5kb	Enterococcus faecium	ge_100x	false	chromosome	chromosome	0.0	2
SAMN38999338	125	UNRESOLVED	ambiguous	ambiguous	1466	1-5kb	Enterococcus faecium	ge_100x	false	chromosome	chromosome	0.0	2
SAMN38999338	127	UNRESOLVED	ambiguous	ambiguous	1309	1-5kb	Enterococcus faecium	ge_100x	false	chromosome	chromosome	0.0	3
SAMN38999338	133	UNRESOLVED	ambiguous	ambiguous	1236	1-5kb	Enterococcus faecium	ge_100x	false	chromosome	chromosome	0.0	3
SAMN39551839	79	UNRESOLVED	ambiguous	ambiguous	2272	1-5kb	Enterobacter spp.	ge_100x	false	chromosome	chromosome	0.0	3
SAMN39634308	51	UNRESOLVED	ambiguous	ambiguous	2812	1-5kb	Enterococcus faecalis	ge_100x	false	chromosome	chromosome	0.0	2
SAMN39634308	57	UNRESOLVED	ambiguous	ambiguous	1603	1-5kb	Enterococcus faecalis	ge_100x	false	chromosome	chromosome	0.0	2
SAMN39634308	58	UNRESOLVED	ambiguous	ambiguous	1324	1-5kb	Enterococcus faecalis	ge_100x	false	chromosome	chromosome	0.0	2
SAMN39634310	37	UNRESOLVED	ambiguous	ambiguous	6523	5-20kb	Enterococcus faecalis	ge_100x	false	chromosome	chromosome	0.0	2
SAMN39634310	39	UNRESOLVED	ambiguous	ambiguous	5065	5-20kb	Enterococcus faecalis	ge_100x	false	chromosome	chromosome	0.0	2
SAMN39634310	43	UNRESOLVED	ambiguous	ambiguous	3283	1-5kb	Enterococcus faecalis	ge_100x	false	chromosome	chromosome	0.0	2
SAMN39634310	44	UNRESOLVED	ambiguous	ambiguous	2391	1-5kb	Enterococcus faecalis	ge_100x	false	chromosome	chromosome	0.0	2
SAMN39634310	45	UNRESOLVED	ambiguous	ambiguous	1699	1-5kb	Enterococcus faecalis	ge_100x	false	chromosome	chromosome	0.0	2
SAMN39634310	46	UNRESOLVED	ambiguous	ambiguous	1513	1-5kb	Enterococcus faecalis	ge_100x	false	chromosome	chromosome	0.0	2
SAMN39634310	47	UNRESOLVED	ambiguous	ambiguous	1338	1-5kb	Enterococcus faecalis	ge_100x	false	chromosome	chromosome	0.0	3
SAMN39634310	48	UNRESOLVED	ambiguous	ambiguous	1263	1-5kb	Enterococcus faecalis	ge_100x	false	chromosome	chromosome	0.0	2
SAMN39634310	49	UNRESOLVED	ambiguous	ambiguous	1117	1-5kb	Enterococcus faecalis	ge_100x	false	chromosome	chromosome	0.0	2
SAMN39634310	50	UNRESOLVED	unmapped	failed	1058	1-5kb	Enterococcus faecalis	ge_100x	false	chromosome	chromosome	0.0	0
SAMN39634310	51	UNRESOLVED	ambiguous	ambiguous	1048	1-5kb	Enterococcus faecalis	ge_100x	false	chromosome	chromosome	0.0	2
SAMN39724761	54	UNRESOLVED	ambiguous	ambiguous	2581	1-5kb	Klebsiella pneumoniae	ge_100x	false	chromosome	chromosome	0.0	3
SAMN39724761	57	UNRESOLVED	ambiguous	ambiguous	1956	1-5kb	Klebsiella pneumoniae	ge_100x	false	plasmid	plasmid	0.0	2
SAMN39724761	68	UNRESOLVED	ambiguous	ambiguous	1028	1-5kb	Klebsiella pneumoniae	ge_100x	true	plasmid	chromosome	0.0	2
SAMN40123770	59	UNRESOLVED	unmapped	failed	2587	1-5kb	Klebsiella pneumoniae	ge_100x	false	plasmid	plasmid	0.0	0
SAMN40123770	62	UNRESOLVED	unmapped	failed	2351	1-5kb	Klebsiella pneumoniae	ge_100x	false	plasmid	plasmid	0.0	0
SAMN40123770	65	UNRESOLVED	ambiguous	ambiguous	1983	1-5kb	Klebsiella pneumoniae	ge_100x	false	plasmid	plasmid	0.0	2
SAMN40123770	70	UNRESOLVED	ambiguous	ambiguous	1443	1-5kb	Klebsiella pneumoniae	ge_100x	false	chromosome	chromosome	0.0	2
SAMN40323371	83	UNRESOLVED	ambiguous	ambiguous	1124	1-5kb	Enterococcus faecium	50_to_75x	false	chromosome	chromosome	0.0	3
SAMN40323371	84	UNRESOLVED	ambiguous	ambiguous	1113	1-5kb	Enterococcus faecium	50_to_75x	false	chromosome	chromosome	0.0	2
SAMN42392509	25	UNRESOLVED	ambiguous	ambiguous	2411	1-5kb	Enterobacter spp.	30_to_50x	false	chromosome	chromosome	0.0	2
SAMN43047201	20	UNRESOLVED	ambiguous	ambiguous	1319	1-5kb	Enterobacter spp.	ge_100x	false	chromosome	chromosome	0.0	2
SAMN43844647	48	UNRESOLVED	ambiguous	ambiguous	1162	1-5kb	Klebsiella pneumoniae	ge_100x	false	chromosome	chromosome	0.0	2
SAMN43844647	49	UNRESOLVED	ambiguous	ambiguous	1105	1-5kb	Klebsiella pneumoniae	ge_100x	false	plasmid	plasmid	0.0	3
SAMN44510955	20	UNRESOLVED	unmapped	failed	72317	20-100kb	Citrobacter spp.	75_to_100x	false	plasmid	plasmid	0.0	0
SAMN44510955	21	UNRESOLVED	unmapped	failed	40297	20-100kb	Citrobacter spp.	75_to_100x	false	plasmid	plasmid	0.0	0
SAMN44510955	25	UNRESOLVED	unmapped	failed	31984	20-100kb	Citrobacter spp.	75_to_100x	false	plasmid	plasmid	0.0	0
SAMN44510955	27	UNRESOLVED	unmapped	failed	21476	20-100kb	Citrobacter spp.	75_to_100x	false	plasmid	plasmid	0.0	0
SAMN44510955	29	UNRESOLVED	unmapped	failed	20129	20-100kb	Citrobacter spp.	75_to_100x	false	chromosome	chromosome	0.0	0
SAMN44510955	33	UNRESOLVED	unmapped	failed	10293	5-20kb	Citrobacter spp.	75_to_100x	true	plasmid	plasmid	0.0	0
SAMN44510955	38	UNRESOLVED	unmapped	failed	5504	5-20kb	Citrobacter spp.	75_to_100x	false	plasmid	plasmid	0.0	0
SAMN44510955	39	UNRESOLVED	unmapped	failed	5029	5-20kb	Citrobacter spp.	75_to_100x	false	plasmid	plasmid	0.0	0
SAMN44510955	40	UNRESOLVED	unmapped	failed	4157	1-5kb	Citrobacter spp.	75_to_100x	false	plasmid	plasmid	0.0	0
SAMN44510955	41	UNRESOLVED	unmapped	failed	4006	1-5kb	Citrobacter spp.	75_to_100x	false	plasmid	plasmid	0.0	0
SAMN44510955	43	UNRESOLVED	unmapped	failed	3657	1-5kb	Citrobacter spp.	75_to_100x	true	plasmid	chromosome	0.0	0
SAMN44510955	44	UNRESOLVED	unmapped	failed	3461	1-5kb	Citrobacter spp.	75_to_100x	false	plasmid	plasmid	0.0	0
SAMN44510955	45	UNRESOLVED	unmapped	failed	3367	1-5kb	Citrobacter spp.	75_to_100x	true	plasmid	chromosome	0.0	0
SAMN44510955	46	UNRESOLVED	unmapped	failed	3187	1-5kb	Citrobacter spp.	75_to_100x	true	plasmid	chromosome	0.0	0
SAMN44510955	47	UNRESOLVED	unmapped	failed	2788	1-5kb	Citrobacter spp.	75_to_100x	false	plasmid	plasmid	0.0	0
SAMN44510955	48	UNRESOLVED	unmapped	failed	2726	1-5kb	Citrobacter spp.	75_to_100x	false	plasmid	plasmid	0.0	0
SAMN44510955	49	UNRESOLVED	unmapped	failed	2455	1-5kb	Citrobacter spp.	75_to_100x	false	plasmid	plasmid	0.0	0
SAMN44510955	51	UNRESOLVED	unmapped	failed	2075	1-5kb	Citrobacter spp.	75_to_100x	false	plasmid	plasmid	0.0	0
SAMN44510955	53	UNRESOLVED	unmapped	failed	1947	1-5kb	Citrobacter spp.	75_to_100x	false	plasmid	plasmid	0.0	0
SAMN44510955	57	UNRESOLVED	unmapped	failed	1399	1-5kb	Citrobacter spp.	75_to_100x	true	plasmid	chromosome	0.0	0
SAMN44510955	59	UNRESOLVED	unmapped	failed	1284	1-5kb	Citrobacter spp.	75_to_100x	false	plasmid	plasmid	0.0	0
SAMN44510955	62	UNRESOLVED	ambiguous	ambiguous	1108	1-5kb	Citrobacter spp.	75_to_100x	false	plasmid	plasmid	0.0	2
SAMN46230708	35	UNRESOLVED	ambiguous	ambiguous	1324	1-5kb	Enterococcus faecalis	ge_100x	false	chromosome	chromosome	0.0	2
SAMN46230709	8	UNRESOLVED	unmapped	failed	114702	ge100kb	Enterococcus faecalis	30_to_50x	false	chromosome	chromosome	0.0	0
SAMN46230709	25	UNRESOLVED	ambiguous	ambiguous	1228	1-5kb	Enterococcus faecalis	30_to_50x	false	chromosome	chromosome	0.0	2
SAMN46343359	16	UNRESOLVED	unmapped	failed	27706	20-100kb	Citrobacter spp.	75_to_100x	false	plasmid	plasmid	0.0	0
SAMN46343359	17	UNRESOLVED	unmapped	failed	17222	5-20kb	Citrobacter spp.	75_to_100x	false	plasmid	plasmid	0.0	0
SAMN46343359	19	UNRESOLVED	unmapped	failed	15377	5-20kb	Citrobacter spp.	75_to_100x	false	plasmid	plasmid	0.0	0
SAMN46343359	20	UNRESOLVED	unmapped	failed	8761	5-20kb	Citrobacter spp.	75_to_100x	false	plasmid	plasmid	0.0	0
SAMN46343359	21	UNRESOLVED	unmapped	failed	8641	5-20kb	Citrobacter spp.	75_to_100x	true	plasmid	chromosome	0.0	0
SAMN46343359	22	UNRESOLVED	unmapped	failed	6389	5-20kb	Citrobacter spp.	75_to_100x	false	plasmid	plasmid	0.0	0
SAMN46343359	23	UNRESOLVED	unmapped	failed	4107	1-5kb	Citrobacter spp.	75_to_100x	false	plasmid	plasmid	0.0	0
SAMN46343359	24	UNRESOLVED	unmapped	failed	3612	1-5kb	Citrobacter spp.	75_to_100x	false	plasmid	plasmid	0.0	0
SAMN46343359	25	UNRESOLVED	unmapped	failed	3232	1-5kb	Citrobacter spp.	75_to_100x	true	plasmid	chromosome	0.0	0
SAMN46343359	26	UNRESOLVED	unmapped	failed	2853	1-5kb	Citrobacter spp.	75_to_100x	false	plasmid	plasmid	0.0	0
SAMN46343359	29	UNRESOLVED	unmapped	failed	2220	1-5kb	Citrobacter spp.	75_to_100x	true	plasmid	chromosome	0.0	0
SAMN46343359	33	UNRESOLVED	unmapped	failed	1697	1-5kb	Citrobacter spp.	75_to_100x	false	plasmid	plasmid	0.0	0
SAMN46343359	34	UNRESOLVED	unmapped	failed	1438	1-5kb	Citrobacter spp.	75_to_100x	false	plasmid	plasmid	0.0	0
SAMN46343359	36	UNRESOLVED	unmapped	failed	1356	1-5kb	Citrobacter spp.	75_to_100x	false	plasmid	plasmid	0.0	0
SAMN46343359	39	UNRESOLVED	unmapped	failed	1040	1-5kb	Citrobacter spp.	75_to_100x	true	chromosome	chromosome	0.0	0
SAMN46474773	43	UNRESOLVED	unmapped	failed	3223	1-5kb	Serratia spp.	ge_100x	false	plasmid	plasmid	0.0	0
SAMN46474773	53	UNRESOLVED	ambiguous	ambiguous	1159	1-5kb	Serratia spp.	ge_100x	false	chromosome	chromosome	0.0	3
SAMN46474823	58	UNRESOLVED	ambiguous	ambiguous	1229	1-5kb	Serratia spp.	ge_100x	false	chromosome	chromosome	0.0	2
SAMN46474823	60	UNRESOLVED	ambiguous	ambiguous	1201	1-5kb	Serratia spp.	ge_100x	false	chromosome	chromosome	0.0	2
SAMN46474823	63	UNRESOLVED	ambiguous	ambiguous	1055	1-5kb	Serratia spp.	ge_100x	false	chromosome	chromosome	0.0	2
SAMN46474952	49	UNRESOLVED	unmapped	failed	12879	5-20kb	Serratia spp.	ge_100x	false	plasmid	plasmid	0.0	0
SAMN46474952	58	UNRESOLVED	unmapped	failed	3696	1-5kb	Serratia spp.	ge_100x	false	plasmid	plasmid	0.0	0
SAMN46474952	59	UNRESOLVED	unmapped	failed	3223	1-5kb	Serratia spp.	ge_100x	false	plasmid	plasmid	0.0	0
SAMN46544982	69	UNRESOLVED	ambiguous	ambiguous	7822	5-20kb	Klebsiella pneumoniae	50_to_75x	false	plasmid	plasmid	0.0	2
SAMN46544982	94	UNRESOLVED	ambiguous	ambiguous	1910	1-5kb	Klebsiella pneumoniae	50_to_75x	false	chromosome	chromosome	0.0	3
SAMN46544982	104	UNRESOLVED	ambiguous	ambiguous	1336	1-5kb	Klebsiella pneumoniae	50_to_75x	false	plasmid	plasmid	0.0	2
SAMN46716616	209	UNRESOLVED	ambiguous	ambiguous	1376	1-5kb	Enterococcus faecium	ge_100x	false	chromosome	chromosome	0.0	2
SAMN46716616	210	UNRESOLVED	ambiguous	ambiguous	1354	1-5kb	Enterococcus faecium	ge_100x	false	chromosome	chromosome	0.0	3
SAMN46716616	219	UNRESOLVED	ambiguous	ambiguous	1234	1-5kb	Enterococcus faecium	ge_100x	false	chromosome	chromosome	0.0	3
SAMN46716616	221	UNRESOLVED	ambiguous	ambiguous	1196	1-5kb	Enterococcus faecium	ge_100x	false	chromosome	chromosome	0.0	2
SAMN46716616	228	UNRESOLVED	ambiguous	ambiguous	1063	1-5kb	Enterococcus faecium	ge_100x	false	chromosome	chromosome	0.0	2
SAMN46716619	124	UNRESOLVED	ambiguous	ambiguous	1787	1-5kb	Enterococcus faecium	ge_100x	false	chromosome	chromosome	0.0	2
SAMN46716619	128	UNRESOLVED	ambiguous	ambiguous	1466	1-5kb	Enterococcus faecium	ge_100x	false	chromosome	chromosome	0.0	2
SAMN46716619	130	UNRESOLVED	ambiguous	ambiguous	1366	1-5kb	Enterococcus faecium	ge_100x	false	chromosome	chromosome	0.0	2
SAMN46716619	132	UNRESOLVED	ambiguous	ambiguous	1341	1-5kb	Enterococcus faecium	ge_100x	false	chromosome	chromosome	0.0	2
SAMN46716619	133	UNRESOLVED	ambiguous	ambiguous	1339	1-5kb	Enterococcus faecium	ge_100x	false	chromosome	chromosome	0.0	2
SAMN46716619	141	UNRESOLVED	ambiguous	ambiguous	1038	1-5kb	Enterococcus faecium	ge_100x	false	chromosome	chromosome	0.0	3
SAMN46716619	142	UNRESOLVED	ambiguous	ambiguous	1010	1-5kb	Enterococcus faecium	ge_100x	false	chromosome	chromosome	0.0	2
SAMN46716619	146	UNRESOLVED	ambiguous	ambiguous	1003	1-5kb	Enterococcus faecium	ge_100x	false	chromosome	chromosome	0.0	2
SAMN46716648	147	UNRESOLVED	ambiguous	ambiguous	1707	1-5kb	Enterococcus faecium	ge_100x	false	chromosome	chromosome	0.0	2
SAMN46716648	154	UNRESOLVED	ambiguous	ambiguous	1454	1-5kb	Enterococcus faecium	ge_100x	false	chromosome	chromosome	0.0	2
SAMN46716648	160	UNRESOLVED	ambiguous	ambiguous	1386	1-5kb	Enterococcus faecium	ge_100x	false	chromosome	chromosome	0.0	2
SAMN46716648	161	UNRESOLVED	ambiguous	ambiguous	1376	1-5kb	Enterococcus faecium	ge_100x	false	chromosome	chromosome	0.0	2
SAMN46716648	162	UNRESOLVED	ambiguous	ambiguous	1374	1-5kb	Enterococcus faecium	ge_100x	false	chromosome	chromosome	0.0	3
SAMN46716648	165	UNRESOLVED	ambiguous	ambiguous	1324	1-5kb	Enterococcus faecium	ge_100x	false	chromosome	chromosome	0.0	3
SAMN46716648	168	UNRESOLVED	ambiguous	ambiguous	1234	1-5kb	Enterococcus faecium	ge_100x	false	chromosome	chromosome	0.0	2
SAMN46716648	173	UNRESOLVED	ambiguous	ambiguous	1072	1-5kb	Enterococcus faecium	ge_100x	false	chromosome	chromosome	0.0	2
SAMN46716648	175	UNRESOLVED	ambiguous	ambiguous	1063	1-5kb	Enterococcus faecium	ge_100x	false	chromosome	chromosome	0.0	2
SAMN46716648	176	UNRESOLVED	ambiguous	ambiguous	1058	1-5kb	Enterococcus faecium	ge_100x	false	chromosome	chromosome	0.0	2
SAMN46716649	105	UNRESOLVED	ambiguous	ambiguous	2960	1-5kb	Enterococcus faecium	ge_100x	false	chromosome	chromosome	0.0	2
SAMN46716649	118	UNRESOLVED	ambiguous	ambiguous	1635	1-5kb	Enterococcus faecium	ge_100x	false	chromosome	chromosome	0.0	2
SAMN46716649	121	UNRESOLVED	ambiguous	ambiguous	1466	1-5kb	Enterococcus faecium	ge_100x	false	chromosome	chromosome	0.0	3
SAMN46716649	125	UNRESOLVED	ambiguous	ambiguous	1366	1-5kb	Enterococcus faecium	ge_100x	false	chromosome	chromosome	0.0	2
SAMN46716649	126	UNRESOLVED	ambiguous	ambiguous	1328	1-5kb	Enterococcus faecium	ge_100x	false	chromosome	chromosome	0.0	2
SAMN46716649	130	UNRESOLVED	ambiguous	ambiguous	1128	1-5kb	Enterococcus faecium	ge_100x	false	chromosome	chromosome	0.0	2
SAMN46716649	135	UNRESOLVED	ambiguous	ambiguous	1042	1-5kb	Enterococcus faecium	ge_100x	false	plasmid	plasmid	0.0	3
SAMN46716649	136	UNRESOLVED	ambiguous	ambiguous	1006	1-5kb	Enterococcus faecium	ge_100x	false	chromosome	chromosome	0.0	2
SAMN46778011	105	UNRESOLVED	ambiguous	ambiguous	2455	1-5kb	Klebsiella pneumoniae	50_to_75x	false	chromosome	chromosome	0.0	2
SAMN46778011	109	UNRESOLVED	ambiguous	ambiguous	2275	1-5kb	Klebsiella pneumoniae	50_to_75x	false	chromosome	chromosome	0.0	3
SAMN46778011	126	UNRESOLVED	ambiguous	ambiguous	1382	1-5kb	Klebsiella pneumoniae	50_to_75x	false	chromosome	chromosome	0.0	2
SAMN46778011	130	UNRESOLVED	ambiguous	ambiguous	1258	1-5kb	Klebsiella pneumoniae	50_to_75x	false	chromosome	chromosome	0.0	2
SAMN46862811	60	UNRESOLVED	ambiguous	ambiguous	1059	1-5kb	Klebsiella pneumoniae	50_to_75x	false	plasmid	plasmid	0.0	2
SAMN46862817	91	UNRESOLVED	ambiguous	ambiguous	1202	1-5kb	Klebsiella pneumoniae	50_to_75x	false	chromosome	chromosome	0.0	2
SAMN46862817	92	UNRESOLVED	ambiguous	ambiguous	1200	1-5kb	Klebsiella pneumoniae	50_to_75x	false	chromosome	chromosome	0.0	2
SAMN46862834	52	UNRESOLVED	ambiguous	ambiguous	1915	1-5kb	Klebsiella pneumoniae	30_to_50x	false	chromosome	chromosome	0.0	2
SAMN46862848	38	UNRESOLVED	ambiguous	ambiguous	1096	1-5kb	Klebsiella pneumoniae	30_to_50x	false	chromosome	chromosome	0.0	2
SAMN46897905	46	UNRESOLVED	ambiguous	ambiguous	1056	1-5kb	Klebsiella pneumoniae	ge_100x	false	chromosome	chromosome	0.0	2
SAMN47264607	29	UNRESOLVED	unmapped	failed	2567	1-5kb	Enterococcus faecalis	ge_100x	false	plasmid	plasmid	0.0	0
SAMN47264607	32	UNRESOLVED	unmapped	failed	1454	1-5kb	Enterococcus faecalis	ge_100x	false	plasmid	plasmid	0.0	0
SAMN47264607	34	UNRESOLVED	ambiguous	ambiguous	1301	1-5kb	Enterococcus faecalis	ge_100x	false	chromosome	chromosome	0.0	2
SAMN47264642	20	UNRESOLVED	unmapped	failed	2603	1-5kb	Serratia spp.	ge_100x	false	chromosome	chromosome	0.0	0
SAMN47264642	21	UNRESOLVED	unmapped	failed	2586	1-5kb	Serratia spp.	ge_100x	false	chromosome	chromosome	0.0	0
SAMN47264642	24	UNRESOLVED	unmapped	failed	1277	1-5kb	Serratia spp.	ge_100x	false	chromosome	chromosome	0.0	0
SAMN47264642	28	UNRESOLVED	unmapped	failed	1018	1-5kb	Serratia spp.	ge_100x	false	chromosome	chromosome	0.0	0
SAMN47788335	56	UNRESOLVED	ambiguous	ambiguous	2439	1-5kb	Citrobacter spp.	ge_100x	false	chromosome	chromosome	0.0	2
SAMN47788335	67	UNRESOLVED	ambiguous	ambiguous	1195	1-5kb	Citrobacter spp.	ge_100x	false	chromosome	chromosome	0.0	2
SAMN47788335	68	UNRESOLVED	ambiguous	ambiguous	1104	1-5kb	Citrobacter spp.	ge_100x	false	plasmid	plasmid	0.0	2
SAMN48144070	109	UNRESOLVED	ambiguous	ambiguous	1514	1-5kb	Enterococcus faecium	ge_100x	false	chromosome	chromosome	0.0	2
SAMN48144070	111	UNRESOLVED	ambiguous	ambiguous	1503	1-5kb	Enterococcus faecium	ge_100x	false	chromosome	chromosome	0.0	2
SAMN48144070	115	UNRESOLVED	ambiguous	ambiguous	1284	1-5kb	Enterococcus faecium	ge_100x	false	chromosome	chromosome	0.0	3
SAMN48144070	120	UNRESOLVED	ambiguous	ambiguous	1236	1-5kb	Enterococcus faecium	ge_100x	false	chromosome	chromosome	0.0	2
SAMN48144087	45	UNRESOLVED	ambiguous	ambiguous	1324	1-5kb	Enterococcus faecium	ge_100x	false	chromosome	chromosome	0.0	2
SAMN48185768	48	UNRESOLVED	ambiguous	ambiguous	3575	1-5kb	Klebsiella pneumoniae	ge_100x	false	chromosome	chromosome	0.0	2
SAMN48185768	58	UNRESOLVED	ambiguous	ambiguous	1137	1-5kb	Klebsiella pneumoniae	ge_100x	false	chromosome	chromosome	0.0	2
SAMN48324032	85	UNRESOLVED	ambiguous	ambiguous	2913	1-5kb	Klebsiella pneumoniae	75_to_100x	true	plasmid	plasmid	0.0	2
SAMN48324032	92	UNRESOLVED	ambiguous	ambiguous	2174	1-5kb	Klebsiella pneumoniae	75_to_100x	false	chromosome	chromosome	0.0	2
SAMN48324032	106	UNRESOLVED	ambiguous	ambiguous	1175	1-5kb	Klebsiella pneumoniae	75_to_100x	false	plasmid	plasmid	0.0	2
SAMN48324061	138	UNRESOLVED	ambiguous	ambiguous	1787	1-5kb	Enterococcus faecium	ge_100x	false	chromosome	chromosome	0.0	2
SAMN48324061	144	UNRESOLVED	ambiguous	ambiguous	1498	1-5kb	Enterococcus faecium	ge_100x	false	chromosome	chromosome	0.0	2
SAMN48324061	148	UNRESOLVED	ambiguous	ambiguous	1466	1-5kb	Enterococcus faecium	ge_100x	false	chromosome	chromosome	0.0	2
SAMN48324061	155	UNRESOLVED	ambiguous	ambiguous	1222	1-5kb	Enterococcus faecium	ge_100x	false	chromosome	chromosome	0.0	3
SAMN48324061	163	UNRESOLVED	ambiguous	ambiguous	1040	1-5kb	Enterococcus faecium	ge_100x	false	chromosome	chromosome	0.0	2
SAMN48324061	164	UNRESOLVED	ambiguous	ambiguous	1014	1-5kb	Enterococcus faecium	ge_100x	false	chromosome	chromosome	0.0	3
SAMN48387105	52	UNRESOLVED	ambiguous	ambiguous	1113	1-5kb	Enterococcus faecalis	ge_100x	false	chromosome	chromosome	0.0	2
SAMN48451385	118	UNRESOLVED	unmapped	failed	2323	1-5kb	Citrobacter spp.	75_to_100x	false	plasmid	plasmid	0.0	0
SAMN48451385	120	UNRESOLVED	ambiguous	ambiguous	2271	1-5kb	Citrobacter spp.	75_to_100x	false	chromosome	chromosome	0.0	2
SAMN48451385	125	UNRESOLVED	ambiguous	ambiguous	1819	1-5kb	Citrobacter spp.	75_to_100x	false	plasmid	plasmid	0.0	2
SAMN48451385	133	UNRESOLVED	ambiguous	ambiguous	1484	1-5kb	Citrobacter spp.	75_to_100x	false	chromosome	chromosome	0.0	2
SAMN48451385	138	UNRESOLVED	ambiguous	ambiguous	1323	1-5kb	Citrobacter spp.	75_to_100x	false	chromosome	chromosome	0.0	2
SAMN48451385	139	UNRESOLVED	ambiguous	ambiguous	1316	1-5kb	Citrobacter spp.	75_to_100x	false	chromosome	chromosome	0.0	3
SAMN48451385	144	UNRESOLVED	ambiguous	ambiguous	1221	1-5kb	Citrobacter spp.	75_to_100x	false	chromosome	chromosome	0.0	2
SAMN48451385	145	UNRESOLVED	ambiguous	ambiguous	1200	1-5kb	Citrobacter spp.	75_to_100x	false	chromosome	chromosome	0.0	3
SAMN48451385	149	UNRESOLVED	ambiguous	ambiguous	1110	1-5kb	Citrobacter spp.	75_to_100x	false	chromosome	chromosome	0.0	2
SAMN48451385	150	UNRESOLVED	ambiguous	ambiguous	1100	1-5kb	Citrobacter spp.	75_to_100x	false	chromosome	chromosome	0.0	2
SAMN48541670	131	UNRESOLVED	ambiguous	ambiguous	1792	1-5kb	Enterococcus faecium	ge_100x	false	chromosome	chromosome	0.0	3
SAMN48541670	137	UNRESOLVED	ambiguous	ambiguous	1566	1-5kb	Enterococcus faecium	ge_100x	false	chromosome	chromosome	0.0	2
SAMN48541670	140	UNRESOLVED	ambiguous	ambiguous	1493	1-5kb	Enterococcus faecium	ge_100x	false	chromosome	chromosome	0.0	2
SAMN48541670	141	UNRESOLVED	ambiguous	ambiguous	1466	1-5kb	Enterococcus faecium	ge_100x	false	chromosome	chromosome	0.0	2
SAMN48541670	144	UNRESOLVED	ambiguous	ambiguous	1365	1-5kb	Enterococcus faecium	ge_100x	false	chromosome	chromosome	0.0	2
SAMN48541670	146	UNRESOLVED	ambiguous	ambiguous	1344	1-5kb	Enterococcus faecium	ge_100x	false	chromosome	chromosome	0.0	2
SAMN48541670	153	UNRESOLVED	ambiguous	ambiguous	1193	1-5kb	Enterococcus faecium	ge_100x	false	chromosome	chromosome	0.0	2
SAMN48668204	114	UNRESOLVED	unmapped	failed	4228	1-5kb	Enterococcus faecium	ge_100x	false	plasmid	plasmid	0.0	0
SAMN48668204	142	UNRESOLVED	ambiguous	ambiguous	1787	1-5kb	Enterococcus faecium	ge_100x	false	chromosome	chromosome	0.0	3
SAMN48668204	150	UNRESOLVED	ambiguous	ambiguous	1503	1-5kb	Enterococcus faecium	ge_100x	false	chromosome	chromosome	0.0	2
SAMN48668204	151	UNRESOLVED	ambiguous	ambiguous	1499	1-5kb	Enterococcus faecium	ge_100x	false	chromosome	chromosome	0.0	4
SAMN48668204	153	UNRESOLVED	ambiguous	ambiguous	1466	1-5kb	Enterococcus faecium	ge_100x	false	chromosome	chromosome	0.0	2
SAMN48668204	155	UNRESOLVED	ambiguous	ambiguous	1416	1-5kb	Enterococcus faecium	ge_100x	false	chromosome	chromosome	0.0	2
SAMN48668204	156	UNRESOLVED	ambiguous	ambiguous	1325	1-5kb	Enterococcus faecium	ge_100x	false	chromosome	chromosome	0.0	2
SAMN48668204	165	UNRESOLVED	ambiguous	ambiguous	1040	1-5kb	Enterococcus faecium	ge_100x	false	chromosome	chromosome	0.0	2
SAMN48668204	166	UNRESOLVED	ambiguous	ambiguous	1036	1-5kb	Enterococcus faecium	ge_100x	false	chromosome	chromosome	0.0	2
SAMN48668204	168	UNRESOLVED	ambiguous	ambiguous	1010	1-5kb	Enterococcus faecium	ge_100x	false	chromosome	chromosome	0.0	2
SAMN49384630	57	UNRESOLVED	ambiguous	ambiguous	14490	5-20kb	Enterococcus faecium	ge_100x	false	chromosome	chromosome	0.0	2
SAMN49384630	110	UNRESOLVED	unmapped	failed	4984	1-5kb	Enterococcus faecium	ge_100x	false	chromosome	chromosome	0.0	0
SAMN49384630	149	UNRESOLVED	ambiguous	ambiguous	1891	1-5kb	Enterococcus faecium	ge_100x	false	chromosome	chromosome	0.0	3
SAMN49384630	162	UNRESOLVED	ambiguous	ambiguous	1514	1-5kb	Enterococcus faecium	ge_100x	false	chromosome	chromosome	0.0	2
SAMN49384630	164	UNRESOLVED	ambiguous	ambiguous	1493	1-5kb	Enterococcus faecium	ge_100x	false	chromosome	chromosome	0.0	4
SAMN49384630	167	UNRESOLVED	ambiguous	ambiguous	1475	1-5kb	Enterococcus faecium	ge_100x	false	chromosome	chromosome	0.0	4
SAMN49384630	170	UNRESOLVED	ambiguous	ambiguous	1466	1-5kb	Enterococcus faecium	ge_100x	false	chromosome	chromosome	0.0	2
SAMN49384630	173	UNRESOLVED	ambiguous	ambiguous	1366	1-5kb	Enterococcus faecium	ge_100x	false	chromosome	chromosome	0.0	3
SAMN49384630	176	UNRESOLVED	ambiguous	ambiguous	1324	1-5kb	Enterococcus faecium	ge_100x	false	chromosome	chromosome	0.0	3
SAMN49384630	177	UNRESOLVED	ambiguous	ambiguous	1271	1-5kb	Enterococcus faecium	ge_100x	false	chromosome	chromosome	0.0	2
SAMN49384630	180	UNRESOLVED	ambiguous	ambiguous	1232	1-5kb	Enterococcus faecium	ge_100x	false	chromosome	chromosome	0.0	2
SAMN49947234	74	UNRESOLVED	ambiguous	ambiguous	1681	1-5kb	Enterococcus faecium	ge_100x	false	chromosome	chromosome	0.0	2
SAMN50584031	80	UNRESOLVED	unmapped	failed	3864	1-5kb	Enterobacter spp.	75_to_100x	false	plasmid	plasmid	0.0	0
SAMN50584031	87	UNRESOLVED	ambiguous	ambiguous	2743	1-5kb	Enterobacter spp.	75_to_100x	false	chromosome	chromosome	0.0	2
SAMN50584031	104	UNRESOLVED	ambiguous	ambiguous	1377	1-5kb	Enterobacter spp.	75_to_100x	false	chromosome	chromosome	0.0	2
SAMN50584031	105	UNRESOLVED	ambiguous	ambiguous	1295	1-5kb	Enterobacter spp.	75_to_100x	false	chromosome	chromosome	0.0	2
SAMN50584031	109	UNRESOLVED	ambiguous	ambiguous	1090	1-5kb	Enterobacter spp.	75_to_100x	false	chromosome	chromosome	0.0	2
SAMN51335551	51	UNRESOLVED	ambiguous	ambiguous	7416	5-20kb	Citrobacter spp.	75_to_100x	false	chromosome	chromosome	0.0	2
SAMN51335551	54	UNRESOLVED	ambiguous	ambiguous	6176	5-20kb	Citrobacter spp.	75_to_100x	false	chromosome	chromosome	0.0	2
SAMN51335576	37	UNRESOLVED	unmapped	failed	32658	20-100kb	Enterobacter spp.	75_to_100x	false	chromosome	chromosome	0.0	0
SAMN51335576	58	UNRESOLVED	unmapped	failed	4096	1-5kb	Enterobacter spp.	75_to_100x	false	plasmid	plasmid	0.0	0
SAMN51335576	61	UNRESOLVED	ambiguous	ambiguous	2439	1-5kb	Enterobacter spp.	75_to_100x	false	chromosome	chromosome	0.0	2
SAMN51335576	65	UNRESOLVED	ambiguous	ambiguous	1406	1-5kb	Enterobacter spp.	75_to_100x	false	chromosome	chromosome	0.0	2
SAMN51335576	69	UNRESOLVED	unmapped	failed	1147	1-5kb	Enterobacter spp.	75_to_100x	false	chromosome	chromosome	0.0	0
