predictor	TP	FP	TN	FN	abstained	n_evaluated
v1.2-General@0.9285	1486	35	7095	755	0	9371
v1.1@0.9524	627	19	7111	1614	0	9371
v1.1@0.9605_high_conf	563	17	7113	1678	0	9371
router	1354	26	7104	887	0	9371
tool:HyAsP	1544	284	6846	697	0	9371
tool:MOB-recon	1873	241	6033	368	856	9371
tool:PLASMe	2191	1182	5948	50	0	9371
tool:PlaScope	1245	1252	3344	87	3443	9371
tool:Plasmer	2152	381	6749	89	0	9371
tool:PlasmidEC	2020	755	6375	221	0	9371
tool:PlasmidFinder	290	27	6929	1901	224	9371
tool:Platon	1748	119	7011	493	0	9371
tool:RFPlasmid	1884	945	6185	357	0	9371
tool:geNomad	1399	904	6226	842	0	9371
tool:gplas2	1770	568	4892	179	1962	9371
tool:plASgraph2	1300	185	6721	620	545	9371
baseline:majority_vote	2029	231	6899	212	0	9371
baseline:any_tool_plasmid	2226	3092	4038	15	0	9371
baseline:all_chromosome	0	0	7130	2241	0	9371
