claim_id	claim	manuscript_location	category	evidential_status	denominator	estimate	interval_95	source_artefact	artefact_paths	artefact_sha256_prefix	reproduce_with	verbatim_anchor_present_in_manuscript	wording_fully_supported	permission_status
C01	PlasmidCall v1.2-General met the prespecified primary endpoint: precision 0.9770 (95% CI 0.9642–0.9872) at recall 0.6631 (0.6205–0.7052), coverage 1.0000, zero abstentions.	Abstract; Results 'The prespecified primary endpoint was met'	primary endpoint	prespecified primary (confirmatory)	9,371 truth-resolved eligible contigs	PPV 0.9770; recall 0.6631	PPV 0.9642–0.9872; recall 0.6205–0.7052	P113_PRIMARY_GATE.json; P113_PRIMARY_METRICS.tsv	docs/evidence/P1.13_results/P113_PRIMARY_GATE.json ; docs/evidence/P1.13_results/P113_PRIMARY_METRICS.tsv	8b304b67e4f74ce2 ; e574dbfb4ca4b347	python scripts/manuscript/build_canonical_numbers.py; python scripts/manuscript/claim_audit.py	yes	yes	released
C02	The lower bound of the isolate-clustered confidence interval, not merely the point estimate, cleared the prespecified 0.95 floor.	Results 'The prespecified primary endpoint was met'	primary endpoint	prespecified primary (confirmatory)	4,000 isolate-clustered bootstrap replicates	CI lower bound 0.9642	P(PPV ≥ 0.95) = 0.99975	P113_PRIMARY_GATE.json	docs/evidence/P1.13_results/P113_PRIMARY_GATE.json	8b304b67e4f74ce2	python scripts/manuscript/build_canonical_numbers.py; python scripts/manuscript/claim_audit.py	yes	yes	released
C03	No third-party tool or predeclared baseline reached precision 0.95 at any observed coverage on the pooled truth-resolved set.	Abstract; Results 'No third-party tool or predeclared baseline reached'	comparative	prespecified secondary	18 comparator rows on 9,371 contigs	highest third-party precision 0.9363 (Platon)	—	P113_ARG_PARETO_AND_CORE_CLAIM.json core_claim_pooled	docs/evidence/P1.13_results/P113_ARG_PARETO_AND_CORE_CLAIM.json	1386c862699d0aa1	python scripts/manuscript/build_canonical_numbers.py; python scripts/manuscript/claim_audit.py	yes	yes	released
C04	Four rows met precision ≥ 0.95 with coverage 1.0000 and all four were PlasmidCall's.	Results 'No third-party tool or predeclared baseline reached'	comparative	prespecified secondary	19 predictor rows	4 of 19	—	P113_ARG_PARETO_AND_CORE_CLAIM.json rows_meeting_both	docs/evidence/P1.13_results/P113_ARG_PARETO_AND_CORE_CLAIM.json	1386c862699d0aa1	python scripts/manuscript/build_canonical_numbers.py; python scripts/manuscript/claim_audit.py	yes	yes	released
C05	Six evaluated predictor rows achieved a higher pooled F1 than v1.2-General; PlasmidCall is not the highest-F1 method.	Results 'Conditional, failure-aware and matched comparisons diverge'	comparative, unfavourable	prespecified secondary	17 rows with defined F1	6 rows higher	—	derived from the frozen metric tables			python scripts/manuscript/build_canonical_numbers.py; python scripts/manuscript/claim_audit.py	yes	yes	released
C06	Requiring every row to return a call restricts the common denominator to 4,233 of 9,371 truth-resolved contigs, 45.2%.	Results 'Conditional, failure-aware and matched comparisons diverge'	comparative	exploratory / post hoc	9,371	4,233 (45.2%)	—	P113_COMPARISON_ACCOUNTING_SUMMARY.json	docs/evidence/P1.13_results/P113_COMPARISON_ACCOUNTING_SUMMARY.json	b81b7ac0e7fcc70a	python scripts/manuscript/build_canonical_numbers.py; python scripts/manuscript/claim_audit.py	yes	yes	released
C07	On the matched denominator five rows remain higher on F1 and Platon no longer exceeds the index row.	Results 'Conditional, failure-aware and matched comparisons diverge'	comparative, unfavourable	exploratory / post hoc	4,233	5 rows higher	—	P113_COMPARISON_ACCOUNTING_SUMMARY.json	docs/evidence/P1.13_results/P113_COMPARISON_ACCOUNTING_SUMMARY.json	b81b7ac0e7fcc70a	python scripts/manuscript/build_canonical_numbers.py; python scripts/manuscript/claim_audit.py	yes	yes	released
C08	On the 635 resistance-gene-bearing contigs v1.2-General reached precision 0.9409 at complete coverage, below the 0.95 floor.	Abstract; Results 'Performance on resistance-gene-bearing contigs'	secondary endpoint, unfavourable	prespecified secondary	635 ARG-bearing truth-resolved contigs	PPV 0.9409; recall 0.7782	PPV 0.8978–0.9729	P113_ARG_ALL_PREDICTORS.tsv; P113_ARG_PARETO_AND_CORE_CLAIM.json	docs/evidence/P1.13_results/P113_ARG_ALL_PREDICTORS.tsv ; docs/evidence/P1.13_results/P113_ARG_PARETO_AND_CORE_CLAIM.json	1c7e1968dcdd8096 ; 1386c862699d0aa1	python scripts/manuscript/build_canonical_numbers.py; python scripts/manuscript/claim_audit.py	yes	yes	released
C09	No row of any kind achieved precision ≥ 0.95 with complete coverage on the resistance-gene-bearing subset; plASgraph2 exceeded 0.95 precision at coverage 0.9213.	Results 'Performance on resistance-gene-bearing contigs'	secondary endpoint, unfavourable	prespecified secondary	635	plASgraph2 PPV 0.9563 at coverage 0.9213	—	P113_ARG_PARETO_AND_CORE_CLAIM.json core_claim_arg	docs/evidence/P1.13_results/P113_ARG_PARETO_AND_CORE_CLAIM.json	1386c862699d0aa1	python scripts/manuscript/build_canonical_numbers.py; python scripts/manuscript/claim_audit.py	yes	yes	released
C10	Ten of nineteen rows lie on the resistance-gene Pareto frontier, so Pareto membership alone is not evidence of superiority.	Results 'Performance on resistance-gene-bearing contigs'	scope limitation	prespecified secondary	19 rows	10 on the frontier	—	P113_ARG_PARETO_AND_CORE_CLAIM.json pareto_frontier	docs/evidence/P1.13_results/P113_ARG_PARETO_AND_CORE_CLAIM.json	1386c862699d0aa1	python scripts/manuscript/build_canonical_numbers.py; python scripts/manuscript/claim_audit.py	yes	yes	released
C11	The frozen router recovered 49.6 percentage points less plasmid-borne resistance-gene signal than v1.2-General, for 0.85 points of precision, and is not recommended for that use.	Results 'Performance on resistance-gene-bearing contigs'	negative result	prespecified secondary	635	router recall 0.2820 vs 0.7782; Δ 0.4962	—	P113_ARG_ALL_PREDICTORS.tsv	docs/evidence/P1.13_results/P113_ARG_ALL_PREDICTORS.tsv	1c7e1968dcdd8096	python scripts/manuscript/build_canonical_numbers.py; python scripts/manuscript/claim_audit.py	yes	yes	released
C12	Precision fell below the 0.95 floor in three of six taxa.	Abstract; Results 'Taxon-specific performance and error structure'	scope limitation	secondary (post-freeze)	six taxon strata	3 of 6: Citrobacter spp., Enterobacter spp., Enterococcus faecalis	per-taxon intervals in Table 4	PF01_TAXON_ROBUSTNESS.tsv	docs/postfreeze/tables/PF01_TAXON_ROBUSTNESS.tsv	fb79101ffa5d1c97	python scripts/manuscript/build_canonical_numbers.py; python scripts/manuscript/claim_audit.py	yes	yes	released
C13	Removing each taxon in turn from evaluation leaves both floors met; removing any single isolate changes pooled precision by at most 0.0036.	Results 'The conclusion does not depend on any single isolate or taxon'	robustness	sensitivity (post-freeze)	6 taxon exclusions; 150 isolate exclusions	PPV range 0.9649–0.9839; max isolate influence 0.00356	—	PF02_LEAVE_ONE_TAXON_OUT.tsv; PF_SUMMARIES.json	docs/postfreeze/tables/PF02_LEAVE_ONE_TAXON_OUT.tsv ; docs/postfreeze/tables/PF_SUMMARIES.json	a0b8d114e915ee04 ; 69da5d35b5a5d427	python scripts/manuscript/build_canonical_numbers.py; python scripts/manuscript/claim_audit.py	yes	yes	released
C14	This is an evaluation-set sensitivity analysis and is not unseen-species validation.	Results 'The conclusion does not depend on any single isolate or taxon'	non-claim	scope statement	—	—	—	PF_SUMMARIES.json leave_one_taxon_out.caveat	docs/postfreeze/tables/PF_SUMMARIES.json	69da5d35b5a5d427	python scripts/manuscript/build_canonical_numbers.py; python scripts/manuscript/claim_audit.py	yes	yes	released
C15	Standardised precision is 0.8767 at 5% plasmid prevalence and crosses the 0.95 floor at 12.3%.	Results 'Precision is prevalence-dependent'	bound, unfavourable	exploratory / post hoc	sensitivity and specificity held at observed values	0.8767 at 5%; crossing at 0.1233	—	PF05_PREVALENCE_SENSITIVITY.tsv; closed form	docs/postfreeze/tables/PF05_PREVALENCE_SENSITIVITY.tsv	d438782116ed24e4	python scripts/manuscript/build_canonical_numbers.py; python scripts/manuscript/claim_audit.py	yes	yes	released
C16	No label flips occurred under any of the four frozen alternative truth definitions; all differences were resolution-state transitions.	Results 'Truth-definition sensitivity'	robustness	sensitivity (post-freeze)	contigs resolved under both definitions	0 flips; resolved denominator 9,371 → 9,362 / 9,378 / 9,371 / 9,370	—	PF08_TRUTH_SENSITIVITY_RESULTS.tsv	docs/postfreeze/tables/PF08_TRUTH_SENSITIVITY_RESULTS.tsv	98f516a91daea32f	python scripts/manuscript/build_canonical_numbers.py; python scripts/manuscript/claim_audit.py	yes	yes	released
C17	Charging all 413 unresolved contigs adversarially gives precision 0.9055, below the floor.	Results 'Unresolved-truth bounds'	bound, unfavourable	sensitivity (post-freeze)	9,371 resolved + 413 unresolved	0.9055	—	PF_SUMMARIES.json unresolved_bounds	docs/postfreeze/tables/PF_SUMMARIES.json	69da5d35b5a5d427	python scripts/manuscript/build_canonical_numbers.py; python scripts/manuscript/claim_audit.py	yes	yes	released
C18	Precision on the complete-resolution isolate subset is 0.9082; the difference is attributable to cohort composition rather than truth quality.	Results 'Reference quality and the complete-resolution isolate subset'	sensitivity, unfavourable	sensitivity (post-freeze)	1,753 contigs in 59 isolates	PPV 0.9082 at prevalence 0.0747 vs cohort 0.2391	—	PF10a/PF10b			python scripts/manuscript/build_canonical_numbers.py; python scripts/manuscript/claim_audit.py	yes	yes	released
C19	Discrimination is strong and calibration good; permuting labels collapses precision.	Results 'Discrimination, calibration and negative controls'	secondary	secondary and integrity audit (post-freeze)	9,371	AUROC 0.9873; ECE 0.0068; permuted PPV max 0.2709	—	PF13_SCORE_AND_CALIBRATION.json; PF15_NEGATIVE_CONTROLS.json	docs/postfreeze/tables/PF13_SCORE_AND_CALIBRATION.json ; docs/postfreeze/tables/PF15_NEGATIVE_CONTROLS.json	fb55dcd89eddbc48 ; b7da2ad9f082cec0	python scripts/manuscript/build_canonical_numbers.py; python scripts/manuscript/claim_audit.py	yes	yes	released
C20	Zero exact identifier overlap with any consumed set and maximum ANI 99.48, below the 99.5 exclusion threshold.	Results 'Relatedness and leakage audit'	integrity audit	integrity audit (post-freeze)	583 consumed identifiers; 150 cohort isolates	0 overlaps; max ANI 99.48	—	PF11_RELATEDNESS_LEAKAGE_AUDIT.json	docs/postfreeze/tables/PF11_RELATEDNESS_LEAKAGE_AUDIT.json	d8ff54f1ab978c8c	python scripts/manuscript/build_canonical_numbers.py; python scripts/manuscript/claim_audit.py	yes	yes	released
C21	Per-tool peak resident memory was not measured and no value is reported or estimated.	Results 'Computational cost and independent verification'	non-claim	disclosure	—	NOT MEASURED	—	PF14_COMPUTATIONAL_DEPLOYMENT.tsv peak_RAM_measured	docs/postfreeze/tables/PF14_COMPUTATIONAL_DEPLOYMENT.tsv	fd05827da683a490	python scripts/manuscript/build_canonical_numbers.py; python scripts/manuscript/claim_audit.py	yes	yes	released
C22	385 values were recomputed at the primary results freeze and 34 further checks in the post-freeze package, with zero disagreements in both.	Results 'Computational cost and independent verification'	verification	verification	419 values and checks	0 disagreements	—	RESULTS_FROZEN.json; PF_VERIFICATION_RECEIPT.json	docs/evidence/P1.13_results/RESULTS_FROZEN.json ; docs/postfreeze/tables/PF_VERIFICATION_RECEIPT.json	5abd3df0aa46298a ; 8bed595927896cd8	python scripts/manuscript/build_canonical_numbers.py; python scripts/manuscript/claim_audit.py	yes	yes	released
C23	To our knowledge this is the first evaluation in this tool class to combine prospective prediction sealing, truth-blind multi-taxon external validation and independent deterministic verification.	Introduction; Discussion	scoped novelty	scoped and hedged claim	audited studies	—	—	PLASMIDCALL_PRIOR_ART_FIRST_CLAIM_AUDIT.tsv	docs/manuscript/PLASMIDCALL_PRIOR_ART_FIRST_CLAIM_AUDIT.tsv	7b98c8587f067e93	python scripts/manuscript/build_canonical_numbers.py; python scripts/manuscript/claim_audit.py	yes	yes — hedged with 'to our knowledge'; multi-species benchmarking is explicitly NOT claimed as novel and the 2025 benchmark is cited	released
C24	The 2025 multi-species benchmark is the most complete comparison available and is retrospective by construction.	Introduction	prior art	literature statement	—	—	—	Teixeira et al. 2025, Brief. Bioinform.			python scripts/manuscript/build_canonical_numbers.py; python scripts/manuscript/claim_audit.py	yes	yes	released
C25	PlasmidCall classifies contig origin and does not reconstruct plasmids, demonstrate mobility, transfer or transmission, estimate population prevalence, or claim clinical utility.	Discussion; Methods	non-claim	scope statement	—	—	—	PLASMIDCALL_LIMITATIONS_AND_NONCLAIMS.md			python scripts/manuscript/build_canonical_numbers.py; python scripts/manuscript/claim_audit.py	yes	yes	released
C26	Of 635 resistance-gene-bearing contigs in the cohort, 266 (41.9%) were plasmid-derived and the remaining 369 chromosomal.	Abstract; Results 'Genomic context of resistance determinants'	genomic context (biology)	post-freeze descriptive analysis of the frozen truth labels (not prespecified)	635 resistance-gene-bearing contigs among the 9,371 truth-resolved contigs	266/635 = 0.4189	not computed; descriptive count, no inferential claim is attached	PF04_ARG_COMPLETE.tsv truth columns; PLASMIDCALL_ARG_CONTEXT_BIOLOGY.json pooled	docs/postfreeze/tables/PF04_ARG_COMPLETE.tsv ; docs/manuscript/PLASMIDCALL_ARG_CONTEXT_BIOLOGY.json	0e9f8cba9f0efac1 ; 948ecc06e09f7bae	python scripts/manuscript/build_canonical_numbers.py; python scripts/manuscript/claim_audit.py	yes	yes	released
C27	The plasmid-derived proportion differed more than eightfold across the six taxa, from 57.5% in Citrobacter spp. to 7.1% in Serratia spp.	Results 'Genomic context of resistance determinants'; Table 5; Fig. 8a	genomic context (biology)	post-freeze descriptive analysis of the frozen truth labels (not prespecified)	94 contigs (Citrobacter) and 56 contigs (Serratia)	0.5745 vs 0.0714	not computed; the cohort is de-clustered by design and these are not prevalence estimates	PLASMIDCALL_ARG_CONTEXT_BIOLOGY.json by_taxon	docs/manuscript/PLASMIDCALL_ARG_CONTEXT_BIOLOGY.json	948ecc06e09f7bae	python scripts/manuscript/build_canonical_numbers.py; python scripts/manuscript/claim_audit.py	yes	yes	released
C28	Fosfomycin resistance and the nitrofuran/phenicol/quinolone/tetracycline efflux group were exclusively chromosomal, on 0 of 48 and 0 of 43 contigs respectively.	Results 'Genomic context of resistance determinants'; Fig. 8b	genomic context (biology)	post-freeze descriptive analysis of the frozen truth labels (not prespecified)	48 and 43 contigs; classes reported at a pre-stated minimum of 20 contigs	0.0000 and 0.0000	not computed; descriptive count	PLASMIDCALL_ARG_CONTEXT_BIOLOGY.json by_class	docs/manuscript/PLASMIDCALL_ARG_CONTEXT_BIOLOGY.json	948ecc06e09f7bae	python scripts/manuscript/build_canonical_numbers.py; python scripts/manuscript/claim_audit.py	yes	yes	released
C29	Across gene families the distribution is bimodal: of 40 families carrying at least 10 contigs, 15 were at or above 90% plasmid-derived and 14 at or below 10%, leaving 11 intermediate.	Results 'Genomic context of resistance determinants'	genomic context (biology)	post-freeze descriptive analysis of the frozen truth labels (not prespecified)	40 gene families at the pre-stated minimum of 10 contigs	0.725 of families at an extreme	not computed; descriptive count	PLASMIDCALL_ARG_CONTEXT_BIOLOGY.json family_distribution	docs/manuscript/PLASMIDCALL_ARG_CONTEXT_BIOLOGY.json	948ecc06e09f7bae	python scripts/manuscript/build_canonical_numbers.py; python scripts/manuscript/claim_audit.py	yes	yes	released
C30	vanA-type determinants were plasmid-derived on all 98 contigs carrying them while vanB-type and vanD-type were chromosomal on all 14 and 5. This is reported as an internal check on the truth labelling, not as a discovery: the mapping uses sequence alignment only and has no access to gene identity or function.	Results 'Genomic context of resistance determinants'; Fig. 8c	genomic context (biology); label validity	post-freeze internal validity check on the frozen truth labels (not prespecified, and not a claim of new genetics)	98 vanA-type, 14 vanB-type and 5 vanD-type contigs	1.0000, 0.0000, 0.0000	not computed; descriptive count	PLASMIDCALL_ARG_CONTEXT_BIOLOGY.json glycopeptide_operons	docs/manuscript/PLASMIDCALL_ARG_CONTEXT_BIOLOGY.json	948ecc06e09f7bae	python scripts/manuscript/build_canonical_numbers.py; python scripts/manuscript/claim_audit.py	yes	yes	released
