sample	contig_id	unresolved_class	truth_state	truth_confidence	taxon	contig_length	length_band	depth_stratum	ARG_bearing	v12_predicted	router_predicted	router_pathway	tool_agreement	n_tools_available	unresolved_or_shared_fraction	competing_hit_count
SAMD00499712	126	ambiguous	UNRESOLVED	ambiguous	Citrobacter spp.	2927	2-<5kb	50_to_75x	false	chromosome	chromosome	v1.2-General	0.9090909090909091	12	0.0	2
SAMD00499712	133	unmapped	UNRESOLVED	failed	Citrobacter spp.	2565	2-<5kb	50_to_75x	false	plasmid	plasmid	v1.2-General	0.8333333333333334	12	0.0	0
SAMD00565567	49	unmapped	UNRESOLVED	failed	Enterococcus faecium	20387	10-<50kb	75_to_100x	false	chromosome	chromosome	v1.2-General	1.0	12	0.0	0
SAMD00565567	80	unmapped	UNRESOLVED	failed	Enterococcus faecium	9702	5-<10kb	75_to_100x	false	plasmid	plasmid	v1.2-General	0.8181818181818182	12	0.0	0
SAMD00565567	98	ambiguous	UNRESOLVED	ambiguous	Enterococcus faecium	5954	5-<10kb	75_to_100x	false	chromosome	chromosome	v1.2-General	0.8888888888888888	12	0.0	2
SAMD00565567	108	unmapped	UNRESOLVED	failed	Enterococcus faecium	4530	2-<5kb	75_to_100x	false	plasmid	plasmid	v1.2-General	0.8181818181818182	12	0.0	0
SAMD00565567	116	unmapped	UNRESOLVED	failed	Enterococcus faecium	3929	2-<5kb	75_to_100x	false	plasmid	plasmid	v1.2-General	1.0	12	0.0	0
SAMD00565567	131	unmapped	UNRESOLVED	failed	Enterococcus faecium	2536	2-<5kb	75_to_100x	true	chromosome	chromosome	v1.1	0.7	12	0.0	0
SAMD00565567	139	unmapped	UNRESOLVED	failed	Enterococcus faecium	1980	1-<2kb	75_to_100x	false	plasmid	plasmid	v1.2-General	0.8181818181818182	12	0.0	0
SAMD00565567	145	ambiguous	UNRESOLVED	ambiguous	Enterococcus faecium	1792	1-<2kb	75_to_100x	false	chromosome	chromosome	v1.2-General	0.6	12	0.0	2
SAMD00565567	146	unmapped	UNRESOLVED	failed	Enterococcus faecium	1767	1-<2kb	75_to_100x	false	chromosome	chromosome	v1.2-General	0.7272727272727273	12	0.0	0
SAMD00565567	150	ambiguous	UNRESOLVED	ambiguous	Enterococcus faecium	1514	1-<2kb	75_to_100x	false	chromosome	chromosome	v1.2-General	0.6	12	0.0	2
SAMD00565567	155	ambiguous	UNRESOLVED	ambiguous	Enterococcus faecium	1394	1-<2kb	75_to_100x	false	chromosome	chromosome	v1.2-General	0.5	12	0.0	2
SAMD00565567	160	ambiguous	UNRESOLVED	ambiguous	Enterococcus faecium	1324	1-<2kb	75_to_100x	false	chromosome	chromosome	v1.2-General	0.6	12	0.0	2
SAMD00565567	168	ambiguous	UNRESOLVED	ambiguous	Enterococcus faecium	1063	1-<2kb	75_to_100x	false	chromosome	chromosome	v1.2-General	0.5555555555555556	12	0.0	2
SAMD00577372	65	ambiguous	UNRESOLVED	ambiguous	Enterococcus faecium	1066	1-<2kb	ge_100x	false	chromosome	chromosome	v1.2-General	0.7	12	0.0	2
SAMD00577373	32	unmapped	UNRESOLVED	failed	Enterococcus faecalis	5143	5-<10kb	50_to_75x	false	plasmid	plasmid	v1.2-General	1.0	12	0.0	0
SAMD00623430	103	ambiguous	UNRESOLVED	ambiguous	Enterococcus faecium	4816	2-<5kb	ge_100x	false	chromosome	chromosome	v1.2-General	0.8	12	0.0	2
SAMD00623430	123	ambiguous	UNRESOLVED	ambiguous	Enterococcus faecium	1683	1-<2kb	ge_100x	false	chromosome	chromosome	v1.2-General	0.5555555555555556	12	0.0	2
SAMD00623430	126	ambiguous	UNRESOLVED	ambiguous	Enterococcus faecium	1514	1-<2kb	ge_100x	false	chromosome	chromosome	v1.2-General	0.6	12	0.0	2
SAMD00623430	132	ambiguous	UNRESOLVED	ambiguous	Enterococcus faecium	1418	1-<2kb	ge_100x	false	chromosome	chromosome	v1.2-General	0.6	12	0.0	2
SAMD00623430	137	ambiguous	UNRESOLVED	ambiguous	Enterococcus faecium	1195	1-<2kb	ge_100x	false	chromosome	chromosome	v1.2-General	0.6666666666666666	12	0.0	2
SAMD00623430	140	ambiguous	UNRESOLVED	ambiguous	Enterococcus faecium	1074	1-<2kb	ge_100x	false	chromosome	chromosome	v1.2-General	0.6666666666666666	12	0.0	2
SAMD00623430	142	ambiguous	UNRESOLVED	ambiguous	Enterococcus faecium	1061	1-<2kb	ge_100x	false	chromosome	chromosome	v1.2-General	0.5	12	0.0	2
SAMD00748008	44	ambiguous	UNRESOLVED	ambiguous	Enterococcus faecalis	1301	1-<2kb	ge_100x	false	chromosome	chromosome	v1.2-General	0.5555555555555556	12	0.0	2
SAMEA117852477	9	unmapped	UNRESOLVED	failed	Enterococcus faecium	77404	>=50kb	75_to_100x	false	chromosome	chromosome	v1.2-General	0.9166666666666666	12	0.0	0
SAMEA117852477	86	unmapped	UNRESOLVED	failed	Enterococcus faecium	5084	5-<10kb	75_to_100x	false	chromosome	chromosome	v1.2-General	0.7272727272727273	12	0.0	0
SAMEA117852477	117	ambiguous	UNRESOLVED	ambiguous	Enterococcus faecium	1792	1-<2kb	75_to_100x	false	chromosome	chromosome	v1.2-General	0.6	12	0.0	2
SAMEA117852477	127	ambiguous	UNRESOLVED	ambiguous	Enterococcus faecium	1347	1-<2kb	75_to_100x	false	chromosome	chromosome	v1.2-General	0.5555555555555556	12	0.0	2
SAMEA121008655	26	ambiguous	UNRESOLVED	ambiguous	Serratia spp.	3804	2-<5kb	ge_100x	false	chromosome	chromosome	v1.2-General	0.8181818181818182	11	0.0	2
SAMN10435572	71	ambiguous	UNRESOLVED	ambiguous	Citrobacter spp.	5320	5-<10kb	50_to_75x	false	plasmid	plasmid	v1.2-General	0.9	12	0.0	2
SAMN10435572	98	ambiguous	UNRESOLVED	ambiguous	Citrobacter spp.	1366	1-<2kb	50_to_75x	false	chromosome	chromosome	v1.2-General	0.5555555555555556	12	0.0	2
SAMN10435572	102	ambiguous	UNRESOLVED	ambiguous	Citrobacter spp.	1170	1-<2kb	50_to_75x	false	plasmid	plasmid	v1.2-General	0.8	12	0.0	2
SAMN12405233	19	unmapped	UNRESOLVED	failed	Serratia spp.	1140	1-<2kb	75_to_100x	false	chromosome	chromosome	v1.2-General	0.8888888888888888	11	0.0	0
SAMN13382572	80	ambiguous	UNRESOLVED	ambiguous	Klebsiella pneumoniae	2455	2-<5kb	50_to_75x	false	chromosome	chromosome	v1.2-General	0.6666666666666666	12	0.0	2
SAMN13382572	81	ambiguous	UNRESOLVED	ambiguous	Klebsiella pneumoniae	2278	2-<5kb	50_to_75x	false	chromosome	chromosome	v1.2-General	0.7	12	0.0	2
SAMN13382572	94	ambiguous	UNRESOLVED	ambiguous	Klebsiella pneumoniae	1125	1-<2kb	50_to_75x	false	plasmid	plasmid	v1.2-General	0.8	12	0.0	3
SAMN13382579	36	unmapped	UNRESOLVED	failed	Klebsiella pneumoniae	5641	5-<10kb	50_to_75x	false	chromosome	chromosome	v1.2-General	0.5833333333333334	12	0.0	0
SAMN13382579	50	ambiguous	UNRESOLVED	ambiguous	Klebsiella pneumoniae	2699	2-<5kb	50_to_75x	false	chromosome	chromosome	v1.2-General	0.7	12	0.0	3
SAMN13382579	54	unmapped	UNRESOLVED	failed	Klebsiella pneumoniae	2461	2-<5kb	50_to_75x	false	chromosome	chromosome	v1.2-General	0.6666666666666666	12	0.0	0
SAMN13382579	86	ambiguous	UNRESOLVED	ambiguous	Klebsiella pneumoniae	1117	1-<2kb	50_to_75x	false	chromosome	chromosome	v1.2-General	0.7	12	0.0	3
SAMN13382581	53	unmapped	UNRESOLVED	failed	Klebsiella pneumoniae	12468	10-<50kb	ge_100x	false	plasmid	plasmid	v1.2-General	0.8333333333333334	12	0.0	0
SAMN13382581	83	ambiguous	UNRESOLVED	ambiguous	Klebsiella pneumoniae	2493	2-<5kb	ge_100x	false	plasmid	plasmid	v1.2-General	0.7	12	0.0	3
SAMN13382581	84	ambiguous	UNRESOLVED	ambiguous	Klebsiella pneumoniae	2432	2-<5kb	ge_100x	false	plasmid	plasmid	v1.2-General	0.8	12	0.0	2
SAMN13382581	90	ambiguous	UNRESOLVED	ambiguous	Klebsiella pneumoniae	1466	1-<2kb	ge_100x	false	chromosome	chromosome	v1.2-General	0.6363636363636364	12	0.0	2
SAMN13382581	91	ambiguous	UNRESOLVED	ambiguous	Klebsiella pneumoniae	1391	1-<2kb	ge_100x	false	chromosome	chromosome	v1.2-General	0.7	12	0.0	3
SAMN13382581	95	ambiguous	UNRESOLVED	ambiguous	Klebsiella pneumoniae	1323	1-<2kb	ge_100x	false	chromosome	chromosome	v1.2-General	0.7	12	0.0	2
SAMN13382597	88	ambiguous	UNRESOLVED	ambiguous	Klebsiella pneumoniae	2454	2-<5kb	50_to_75x	false	chromosome	chromosome	v1.2-General	0.7	12	0.0	3
SAMN13382597	103	ambiguous	UNRESOLVED	ambiguous	Klebsiella pneumoniae	1380	1-<2kb	50_to_75x	false	chromosome	chromosome	v1.2-General	0.7	12	0.0	3
SAMN13382597	104	ambiguous	UNRESOLVED	ambiguous	Klebsiella pneumoniae	1369	1-<2kb	50_to_75x	false	plasmid	plasmid	v1.2-General	0.8	12	0.0	3
SAMN13382597	105	ambiguous	UNRESOLVED	ambiguous	Klebsiella pneumoniae	1335	1-<2kb	50_to_75x	false	plasmid	plasmid	v1.2-General	0.8	12	0.0	3
SAMN13382597	107	ambiguous	UNRESOLVED	ambiguous	Klebsiella pneumoniae	1197	1-<2kb	50_to_75x	false	chromosome	chromosome	v1.2-General	0.8	12	0.0	2
SAMN17766463	52	ambiguous	UNRESOLVED	ambiguous	Klebsiella pneumoniae	1761	1-<2kb	30_to_50x	false	plasmid	plasmid	v1.2-General	0.8	12	0.0	2
SAMN17766463	58	ambiguous	UNRESOLVED	ambiguous	Klebsiella pneumoniae	1198	1-<2kb	30_to_50x	false	chromosome	chromosome	v1.2-General	0.7	12	0.0	2
SAMN17766463	59	ambiguous	UNRESOLVED	ambiguous	Klebsiella pneumoniae	1096	1-<2kb	30_to_50x	false	chromosome	chromosome	v1.2-General	0.5454545454545454	12	0.0	2
SAMN17766480	46	unmapped	UNRESOLVED	failed	Klebsiella pneumoniae	4579	2-<5kb	50_to_75x	false	plasmid	plasmid	v1.2-General	0.9166666666666666	12	0.0	0
SAMN17766480	60	unmapped	UNRESOLVED	failed	Klebsiella pneumoniae	2489	2-<5kb	50_to_75x	false	plasmid	plasmid	v1.2-General	0.8333333333333334	12	0.0	0
SAMN17766480	62	unmapped	UNRESOLVED	failed	Klebsiella pneumoniae	2275	2-<5kb	50_to_75x	false	chromosome	chromosome	v1.2-General	0.6363636363636364	12	0.0	0
SAMN17766480	65	unmapped	UNRESOLVED	failed	Klebsiella pneumoniae	1974	1-<2kb	50_to_75x	false	plasmid	plasmid	v1.2-General	0.75	12	0.0	0
SAMN17766480	67	unmapped	UNRESOLVED	failed	Klebsiella pneumoniae	1819	1-<2kb	50_to_75x	false	plasmid	plasmid	v1.2-General	0.5833333333333334	12	0.0	0
SAMN17766480	72	unmapped	UNRESOLVED	failed	Klebsiella pneumoniae	1476	1-<2kb	50_to_75x	false	chromosome	chromosome	v1.2-General	0.6	12	0.0	0
SAMN17766480	75	ambiguous	UNRESOLVED	ambiguous	Klebsiella pneumoniae	1382	1-<2kb	50_to_75x	false	chromosome	chromosome	v1.2-General	0.7272727272727273	12	0.0	2
SAMN17766507	64	ambiguous	UNRESOLVED	ambiguous	Klebsiella pneumoniae	1599	1-<2kb	ge_100x	false	plasmid	plasmid	v1.2-General	0.8	12	0.0	2
SAMN17766507	66	ambiguous	UNRESOLVED	ambiguous	Klebsiella pneumoniae	1457	1-<2kb	ge_100x	false	chromosome	chromosome	v1.2-General	0.5454545454545454	12	0.0	2
SAMN17766507	75	ambiguous	UNRESOLVED	ambiguous	Klebsiella pneumoniae	1045	1-<2kb	ge_100x	false	chromosome	chromosome	v1.2-General	0.5454545454545454	12	0.0	2
SAMN18917024	15	unmapped	UNRESOLVED	failed	Serratia spp.	149533	>=50kb	ge_100x	false	plasmid	plasmid	v1.2-General	1.0	12	0.0	0
SAMN22837217	26	ambiguous	UNRESOLVED	ambiguous	Citrobacter spp.	13678	10-<50kb	75_to_100x	true	plasmid	chromosome	v1.1	0.9	12	0.0	2
SAMN23424528	35	ambiguous	UNRESOLVED	ambiguous	Enterococcus faecium	1066	1-<2kb	ge_100x	false	chromosome	chromosome	v1.2-General	0.6666666666666666	12	0.0	2
SAMN23424532	55	ambiguous	UNRESOLVED	ambiguous	Enterococcus faecium	2139	2-<5kb	75_to_100x	false	chromosome	chromosome	v1.2-General	0.5	12	0.0	2
SAMN23424532	61	ambiguous	UNRESOLVED	ambiguous	Enterococcus faecium	1387	1-<2kb	75_to_100x	false	chromosome	chromosome	v1.2-General	0.6	12	0.0	2
SAMN23424532	67	ambiguous	UNRESOLVED	ambiguous	Enterococcus faecium	1031	1-<2kb	75_to_100x	false	chromosome	chromosome	v1.2-General	0.6	12	0.0	2
SAMN23424534	83	ambiguous	UNRESOLVED	ambiguous	Enterococcus faecium	1466	1-<2kb	75_to_100x	false	chromosome	chromosome	v1.2-General	0.6666666666666666	12	0.0	2
SAMN23424534	88	ambiguous	UNRESOLVED	ambiguous	Enterococcus faecium	1176	1-<2kb	75_to_100x	false	chromosome	chromosome	v1.2-General	0.6666666666666666	12	0.0	2
SAMN26198497	85	ambiguous	UNRESOLVED	ambiguous	Citrobacter spp.	1388	1-<2kb	50_to_75x	false	chromosome	chromosome	v1.2-General	0.6	12	0.0	2
SAMN26198498	62	ambiguous	UNRESOLVED	ambiguous	Citrobacter spp.	1221	1-<2kb	75_to_100x	false	chromosome	chromosome	v1.2-General	0.7272727272727273	12	0.0	2
SAMN26198498	64	ambiguous	UNRESOLVED	ambiguous	Citrobacter spp.	1160	1-<2kb	75_to_100x	false	chromosome	chromosome	v1.2-General	0.6	12	0.0	2
SAMN26567300	89	ambiguous	UNRESOLVED	ambiguous	Klebsiella pneumoniae	4793	2-<5kb	ge_100x	false	plasmid	plasmid	v1.2-General	0.9	12	0.0	3
SAMN26567300	121	ambiguous	UNRESOLVED	ambiguous	Klebsiella pneumoniae	1382	1-<2kb	ge_100x	false	chromosome	chromosome	v1.2-General	0.7	12	0.0	2
SAMN26567300	122	ambiguous	UNRESOLVED	ambiguous	Klebsiella pneumoniae	1319	1-<2kb	ge_100x	false	chromosome	chromosome	v1.2-General	0.6	12	0.0	2
SAMN26567300	126	ambiguous	UNRESOLVED	ambiguous	Klebsiella pneumoniae	1120	1-<2kb	ge_100x	false	chromosome	chromosome	v1.2-General	0.6363636363636364	12	0.0	2
SAMN26567300	127	ambiguous	UNRESOLVED	ambiguous	Klebsiella pneumoniae	1105	1-<2kb	ge_100x	false	plasmid	plasmid	v1.2-General	0.8	12	0.0	2
SAMN26567300	128	ambiguous	UNRESOLVED	ambiguous	Klebsiella pneumoniae	1081	1-<2kb	ge_100x	false	chromosome	chromosome	v1.2-General	0.5	12	0.0	2
SAMN26567300	130	ambiguous	UNRESOLVED	ambiguous	Klebsiella pneumoniae	1039	1-<2kb	ge_100x	true	chromosome	chromosome	v1.1	0.6	12	0.0	3
SAMN26567301	86	ambiguous	UNRESOLVED	ambiguous	Klebsiella pneumoniae	2852	2-<5kb	50_to_75x	false	chromosome	chromosome	v1.2-General	0.8181818181818182	12	0.0	2
SAMN26567301	89	ambiguous	UNRESOLVED	ambiguous	Klebsiella pneumoniae	2278	2-<5kb	50_to_75x	false	chromosome	chromosome	v1.2-General	0.5	12	0.0	2
SAMN26567301	93	ambiguous	UNRESOLVED	ambiguous	Klebsiella pneumoniae	1444	1-<2kb	50_to_75x	false	chromosome	chromosome	v1.2-General	0.6363636363636364	12	0.0	2
SAMN26567301	96	ambiguous	UNRESOLVED	ambiguous	Klebsiella pneumoniae	1221	1-<2kb	50_to_75x	false	chromosome	chromosome	v1.2-General	0.6363636363636364	12	0.0	2
SAMN26567301	98	ambiguous	UNRESOLVED	ambiguous	Klebsiella pneumoniae	1180	1-<2kb	50_to_75x	false	chromosome	chromosome	v1.2-General	0.7	12	0.0	3
SAMN26567301	100	ambiguous	UNRESOLVED	ambiguous	Klebsiella pneumoniae	1120	1-<2kb	50_to_75x	false	chromosome	chromosome	v1.2-General	0.6	12	0.0	2
SAMN26567301	101	ambiguous	UNRESOLVED	ambiguous	Klebsiella pneumoniae	1102	1-<2kb	50_to_75x	false	chromosome	chromosome	v1.2-General	0.7272727272727273	12	0.0	2
SAMN26567301	102	ambiguous	UNRESOLVED	ambiguous	Klebsiella pneumoniae	1049	1-<2kb	50_to_75x	false	chromosome	chromosome	v1.2-General	0.7272727272727273	12	0.0	2
SAMN26796324	45	unmapped	UNRESOLVED	failed	Serratia spp.	47099	10-<50kb	ge_100x	true	plasmid	plasmid	v1.1	1.0	12	0.0	0
SAMN26796324	50	unmapped	UNRESOLVED	failed	Serratia spp.	41543	10-<50kb	ge_100x	false	plasmid	plasmid	v1.2-General	0.7272727272727273	12	0.0	0
SAMN26796324	66	unmapped	UNRESOLVED	failed	Serratia spp.	25778	10-<50kb	ge_100x	false	plasmid	plasmid	v1.2-General	0.9090909090909091	12	0.0	0
SAMN26796324	70	unmapped	UNRESOLVED	failed	Serratia spp.	22046	10-<50kb	ge_100x	false	plasmid	plasmid	v1.2-General	0.9166666666666666	12	0.0	0
SAMN26796324	74	unmapped	UNRESOLVED	failed	Serratia spp.	19853	10-<50kb	ge_100x	false	plasmid	plasmid	v1.2-General	0.8333333333333334	12	0.0	0
SAMN26796324	76	unmapped	UNRESOLVED	failed	Serratia spp.	14972	10-<50kb	ge_100x	false	plasmid	plasmid	v1.2-General	1.0	12	0.0	0
SAMN26796324	78	unmapped	UNRESOLVED	failed	Serratia spp.	11854	10-<50kb	ge_100x	true	plasmid	plasmid	v1.1	0.9166666666666666	12	0.0	0
SAMN26796324	82	unmapped	UNRESOLVED	failed	Serratia spp.	9657	5-<10kb	ge_100x	false	plasmid	plasmid	v1.2-General	0.8333333333333334	12	0.0	0
SAMN26796324	83	unmapped	UNRESOLVED	failed	Serratia spp.	8788	5-<10kb	ge_100x	true	plasmid	plasmid	v1.1	0.9166666666666666	12	0.0	0
SAMN26796324	88	unmapped	UNRESOLVED	failed	Serratia spp.	6933	5-<10kb	ge_100x	false	plasmid	plasmid	v1.2-General	0.9166666666666666	12	0.0	0
SAMN26796324	89	ambiguous	UNRESOLVED	ambiguous	Serratia spp.	6253	5-<10kb	ge_100x	false	chromosome	chromosome	v1.2-General	0.6	12	0.0	2
SAMN26796324	91	unmapped	UNRESOLVED	failed	Serratia spp.	5605	5-<10kb	ge_100x	false	chromosome	chromosome	v1.2-General	0.7272727272727273	12	0.0	0
SAMN26796324	99	unmapped	UNRESOLVED	failed	Serratia spp.	3223	2-<5kb	ge_100x	false	plasmid	plasmid	v1.2-General	0.9166666666666666	12	0.0	0
SAMN26796324	100	unmapped	UNRESOLVED	failed	Serratia spp.	2733	2-<5kb	ge_100x	false	plasmid	plasmid	v1.2-General	0.8333333333333334	12	0.0	0
SAMN26796324	116	unmapped	UNRESOLVED	failed	Serratia spp.	1107	1-<2kb	ge_100x	false	chromosome	chromosome	v1.2-General	1.0	12	0.0	0
SAMN26796377	124	ambiguous	UNRESOLVED	ambiguous	Citrobacter spp.	3496	2-<5kb	ge_100x	false	plasmid	plasmid	v1.2-General	0.9	12	0.0	4
SAMN26796377	129	ambiguous	UNRESOLVED	ambiguous	Citrobacter spp.	2990	2-<5kb	ge_100x	false	chromosome	chromosome	v1.2-General	0.7	12	0.0	4
SAMN26796377	135	ambiguous	UNRESOLVED	ambiguous	Citrobacter spp.	2056	2-<5kb	ge_100x	false	chromosome	chromosome	v1.2-General	0.7	12	0.0	2
SAMN26796377	139	ambiguous	UNRESOLVED	ambiguous	Citrobacter spp.	1814	1-<2kb	ge_100x	false	chromosome	chromosome	v1.2-General	0.6	12	0.0	3
SAMN26796377	144	ambiguous	UNRESOLVED	ambiguous	Citrobacter spp.	1383	1-<2kb	ge_100x	false	chromosome	chromosome	v1.2-General	0.7777777777777778	12	0.0	2
SAMN26796377	147	ambiguous	UNRESOLVED	ambiguous	Citrobacter spp.	1250	1-<2kb	ge_100x	false	chromosome	chromosome	v1.2-General	0.5	12	0.0	4
SAMN26796377	149	ambiguous	UNRESOLVED	ambiguous	Citrobacter spp.	1231	1-<2kb	ge_100x	false	chromosome	chromosome	v1.2-General	0.6	12	0.0	2
SAMN26796377	151	ambiguous	UNRESOLVED	ambiguous	Citrobacter spp.	1221	1-<2kb	ge_100x	false	chromosome	chromosome	v1.2-General	0.5	12	0.0	2
SAMN26796377	155	ambiguous	UNRESOLVED	ambiguous	Citrobacter spp.	1077	1-<2kb	ge_100x	false	plasmid	plasmid	v1.2-General	0.8	12	0.0	4
SAMN26796439	50	ambiguous	UNRESOLVED	ambiguous	Citrobacter spp.	1374	1-<2kb	ge_100x	false	chromosome	chromosome	v1.2-General	0.6363636363636364	12	0.0	2
SAMN26796439	53	ambiguous	UNRESOLVED	ambiguous	Citrobacter spp.	1221	1-<2kb	ge_100x	false	chromosome	chromosome	v1.2-General	0.5454545454545454	12	0.0	2
SAMN29503689	44	unmapped	UNRESOLVED	failed	Citrobacter spp.	24484	10-<50kb	ge_100x	false	plasmid	plasmid	v1.2-General	0.8333333333333334	12	0.0	0
SAMN29503689	49	unmapped	UNRESOLVED	failed	Citrobacter spp.	17140	10-<50kb	ge_100x	false	plasmid	plasmid	v1.2-General	1.0	12	0.0	0
SAMN29503689	58	unmapped	UNRESOLVED	failed	Citrobacter spp.	10008	10-<50kb	ge_100x	true	plasmid	plasmid	v1.1	0.9	12	0.0	0
SAMN29503689	79	ambiguous	UNRESOLVED	ambiguous	Citrobacter spp.	3372	2-<5kb	ge_100x	false	chromosome	chromosome	v1.2-General	0.7272727272727273	12	0.0	2
SAMN29503689	83	ambiguous	UNRESOLVED	ambiguous	Citrobacter spp.	2457	2-<5kb	ge_100x	false	chromosome	chromosome	v1.2-General	0.7272727272727273	12	0.0	2
SAMN29503689	92	unmapped	UNRESOLVED	failed	Citrobacter spp.	1470	1-<2kb	ge_100x	false	plasmid	plasmid	v1.2-General	0.75	12	0.0	0
SAMN29503689	96	ambiguous	UNRESOLVED	ambiguous	Citrobacter spp.	1355	1-<2kb	ge_100x	false	plasmid	plasmid	v1.2-General	0.8	12	0.0	3
SAMN29503689	98	ambiguous	UNRESOLVED	ambiguous	Citrobacter spp.	1327	1-<2kb	ge_100x	false	plasmid	plasmid	v1.2-General	0.8	12	0.0	2
SAMN29503689	104	ambiguous	UNRESOLVED	ambiguous	Citrobacter spp.	1167	1-<2kb	ge_100x	false	chromosome	chromosome	v1.2-General	0.6	12	0.0	2
SAMN29503689	105	unmapped	UNRESOLVED	failed	Citrobacter spp.	1167	1-<2kb	ge_100x	false	plasmid	plasmid	v1.2-General	0.75	12	0.0	0
SAMN29503815	46	unmapped	UNRESOLVED	failed	Citrobacter spp.	13296	10-<50kb	ge_100x	true	plasmid	plasmid	v1.1	0.9166666666666666	12	0.0	0
SAMN29503815	48	unmapped	UNRESOLVED	failed	Citrobacter spp.	12076	10-<50kb	ge_100x	false	plasmid	plasmid	v1.2-General	0.9166666666666666	12	0.0	0
SAMN29503815	51	unmapped	UNRESOLVED	failed	Citrobacter spp.	10006	10-<50kb	ge_100x	true	chromosome	chromosome	v1.1	0.8181818181818182	12	0.0	0
SAMN29503815	53	unmapped	UNRESOLVED	failed	Citrobacter spp.	9294	5-<10kb	ge_100x	false	plasmid	plasmid	v1.2-General	0.9166666666666666	12	0.0	0
SAMN29503815	54	unmapped	UNRESOLVED	failed	Citrobacter spp.	8443	5-<10kb	ge_100x	false	plasmid	plasmid	v1.2-General	1.0	12	0.0	0
SAMN29503815	57	unmapped	UNRESOLVED	failed	Citrobacter spp.	6496	5-<10kb	ge_100x	false	plasmid	plasmid	v1.2-General	0.9166666666666666	12	0.0	0
SAMN29503815	62	unmapped	UNRESOLVED	failed	Citrobacter spp.	3035	2-<5kb	ge_100x	false	plasmid	plasmid	v1.2-General	0.9166666666666666	12	0.0	0
SAMN29503815	63	unmapped	UNRESOLVED	failed	Citrobacter spp.	2145	2-<5kb	ge_100x	false	plasmid	plasmid	v1.2-General	0.8333333333333334	12	0.0	0
SAMN29503815	65	ambiguous	UNRESOLVED	ambiguous	Citrobacter spp.	1496	1-<2kb	ge_100x	false	chromosome	chromosome	v1.2-General	0.6363636363636364	12	0.0	2
SAMN29503815	72	ambiguous	UNRESOLVED	ambiguous	Citrobacter spp.	1281	1-<2kb	ge_100x	false	chromosome	chromosome	v1.2-General	0.6363636363636364	12	0.0	2
SAMN29503815	76	ambiguous	UNRESOLVED	ambiguous	Citrobacter spp.	1056	1-<2kb	ge_100x	false	chromosome	chromosome	v1.2-General	0.5454545454545454	12	0.0	2
SAMN29503815	77	ambiguous	UNRESOLVED	ambiguous	Citrobacter spp.	1017	1-<2kb	ge_100x	false	chromosome	chromosome	v1.2-General	0.7	12	0.0	2
SAMN30692055	119	ambiguous	UNRESOLVED	ambiguous	Enterococcus faecium	2345	2-<5kb	ge_100x	false	chromosome	chromosome	v1.2-General	0.5555555555555556	12	0.0	2
SAMN30692055	125	ambiguous	UNRESOLVED	ambiguous	Enterococcus faecium	1794	1-<2kb	ge_100x	false	chromosome	chromosome	v1.2-General	0.6	12	0.0	2
SAMN30692055	128	ambiguous	UNRESOLVED	ambiguous	Enterococcus faecium	1678	1-<2kb	ge_100x	false	chromosome	chromosome	v1.2-General	0.6666666666666666	12	0.0	2
SAMN30692055	137	ambiguous	UNRESOLVED	ambiguous	Enterococcus faecium	1359	1-<2kb	ge_100x	false	chromosome	chromosome	v1.2-General	0.6666666666666666	12	0.0	3
SAMN30692055	144	ambiguous	UNRESOLVED	ambiguous	Enterococcus faecium	1038	1-<2kb	ge_100x	false	chromosome	chromosome	v1.2-General	0.6666666666666666	12	0.0	2
SAMN30692055	146	ambiguous	UNRESOLVED	ambiguous	Enterococcus faecium	1017	1-<2kb	ge_100x	false	chromosome	chromosome	v1.2-General	0.5555555555555556	12	0.0	2
SAMN30974101	52	unmapped	UNRESOLVED	failed	Citrobacter spp.	7162	5-<10kb	50_to_75x	true	plasmid	chromosome	v1.1	0.9166666666666666	12	0.0	0
SAMN30974101	56	unmapped	UNRESOLVED	failed	Citrobacter spp.	5386	5-<10kb	50_to_75x	false	chromosome	chromosome	v1.2-General	0.75	12	0.0	0
SAMN30974101	70	ambiguous	UNRESOLVED	ambiguous	Citrobacter spp.	1339	1-<2kb	50_to_75x	false	plasmid	plasmid	v1.2-General	0.7	12	0.0	2
SAMN30974101	72	ambiguous	UNRESOLVED	ambiguous	Citrobacter spp.	1245	1-<2kb	50_to_75x	false	chromosome	chromosome	v1.2-General	0.6666666666666666	12	0.0	2
SAMN30974103	85	unmapped	UNRESOLVED	failed	Serratia spp.	5386	5-<10kb	50_to_75x	false	chromosome	chromosome	v1.2-General	0.75	12	0.0	0
SAMN30974103	90	unmapped	UNRESOLVED	failed	Serratia spp.	3228	2-<5kb	50_to_75x	false	plasmid	plasmid	v1.2-General	0.9166666666666666	12	0.0	0
SAMN30974103	96	ambiguous	UNRESOLVED	ambiguous	Serratia spp.	2410	2-<5kb	50_to_75x	false	chromosome	chromosome	v1.2-General	0.6	12	0.0	2
SAMN30974103	97	ambiguous	UNRESOLVED	ambiguous	Serratia spp.	2278	2-<5kb	50_to_75x	false	chromosome	chromosome	v1.2-General	0.6363636363636364	12	0.0	2
SAMN30974103	105	ambiguous	UNRESOLVED	ambiguous	Serratia spp.	1658	1-<2kb	50_to_75x	false	chromosome	chromosome	v1.2-General	0.6363636363636364	12	0.0	2
SAMN30974103	107	ambiguous	UNRESOLVED	ambiguous	Serratia spp.	1555	1-<2kb	50_to_75x	true	chromosome	plasmid	v1.1	0.6363636363636364	12	0.0	2
SAMN30974103	111	ambiguous	UNRESOLVED	ambiguous	Serratia spp.	1194	1-<2kb	50_to_75x	false	chromosome	chromosome	v1.2-General	0.7	12	0.0	3
SAMN30974103	112	ambiguous	UNRESOLVED	ambiguous	Serratia spp.	1159	1-<2kb	50_to_75x	false	chromosome	chromosome	v1.2-General	0.6363636363636364	12	0.0	2
SAMN32542113	49	ambiguous	UNRESOLVED	ambiguous	Klebsiella pneumoniae	1983	1-<2kb	ge_100x	false	plasmid	plasmid	v1.2-General	0.8	12	0.0	2
SAMN32542113	54	ambiguous	UNRESOLVED	ambiguous	Klebsiella pneumoniae	1336	1-<2kb	ge_100x	false	plasmid	plasmid	v1.2-General	0.8	12	0.0	2
SAMN32542113	61	ambiguous	UNRESOLVED	ambiguous	Klebsiella pneumoniae	1003	1-<2kb	ge_100x	false	chromosome	chromosome	v1.2-General	0.5454545454545454	12	0.0	2
SAMN32676082	62	ambiguous	UNRESOLVED	ambiguous	Klebsiella pneumoniae	2489	2-<5kb	75_to_100x	false	chromosome	chromosome	v1.2-General	0.7	12	0.0	2
SAMN33741209	33	ambiguous	UNRESOLVED	ambiguous	Enterococcus faecalis	1158	1-<2kb	ge_100x	false	chromosome	chromosome	v1.2-General	0.5555555555555556	12	0.0	2
SAMN35677795	108	ambiguous	UNRESOLVED	ambiguous	Enterobacter spp.	1380	1-<2kb	ge_100x	false	chromosome	chromosome	v1.2-General	0.6	12	0.0	3
SAMN35677795	110	ambiguous	UNRESOLVED	ambiguous	Enterobacter spp.	1335	1-<2kb	ge_100x	false	chromosome	chromosome	v1.2-General	0.5454545454545454	12	0.0	3
SAMN35677795	111	ambiguous	UNRESOLVED	ambiguous	Enterobacter spp.	1320	1-<2kb	ge_100x	false	chromosome	chromosome	v1.2-General	0.8	12	0.0	2
SAMN35677795	112	ambiguous	UNRESOLVED	ambiguous	Enterobacter spp.	1317	1-<2kb	ge_100x	false	chromosome	chromosome	v1.2-General	0.6	12	0.0	2
SAMN35677795	120	ambiguous	UNRESOLVED	ambiguous	Enterobacter spp.	1015	1-<2kb	ge_100x	false	chromosome	chromosome	v1.2-General	0.7	12	0.0	2
SAMN36766197	95	unmapped	UNRESOLVED	failed	Enterococcus faecium	5212	5-<10kb	50_to_75x	false	plasmid	plasmid	v1.2-General	0.9090909090909091	12	0.0	0
SAMN36766197	103	unmapped	UNRESOLVED	failed	Enterococcus faecium	4461	2-<5kb	50_to_75x	false	plasmid	plasmid	v1.2-General	0.8181818181818182	12	0.0	0
SAMN36766197	122	ambiguous	UNRESOLVED	ambiguous	Enterococcus faecium	2796	2-<5kb	50_to_75x	false	chromosome	chromosome	v1.2-General	0.7777777777777778	12	0.0	2
SAMN36766197	143	ambiguous	UNRESOLVED	ambiguous	Enterococcus faecium	1896	1-<2kb	50_to_75x	false	chromosome	chromosome	v1.2-General	0.7	12	0.0	2
SAMN36766197	145	ambiguous	UNRESOLVED	ambiguous	Enterococcus faecium	1678	1-<2kb	50_to_75x	false	chromosome	chromosome	v1.2-General	0.6666666666666666	12	0.0	2
SAMN36766197	146	ambiguous	UNRESOLVED	ambiguous	Enterococcus faecium	1566	1-<2kb	50_to_75x	false	chromosome	chromosome	v1.2-General	0.6666666666666666	12	0.0	2
SAMN36766197	149	ambiguous	UNRESOLVED	ambiguous	Enterococcus faecium	1505	1-<2kb	50_to_75x	false	chromosome	chromosome	v1.2-General	0.6	12	0.0	2
SAMN36766197	150	ambiguous	UNRESOLVED	ambiguous	Enterococcus faecium	1493	1-<2kb	50_to_75x	false	chromosome	chromosome	v1.2-General	0.5	12	0.0	2
SAMN36766197	151	ambiguous	UNRESOLVED	ambiguous	Enterococcus faecium	1466	1-<2kb	50_to_75x	false	chromosome	chromosome	v1.2-General	0.6666666666666666	12	0.0	2
SAMN36766197	153	ambiguous	UNRESOLVED	ambiguous	Enterococcus faecium	1382	1-<2kb	50_to_75x	false	chromosome	chromosome	v1.2-General	0.6666666666666666	12	0.0	3
SAMN36766197	156	ambiguous	UNRESOLVED	ambiguous	Enterococcus faecium	1344	1-<2kb	50_to_75x	false	chromosome	chromosome	v1.2-General	0.6	12	0.0	2
SAMN36766197	158	ambiguous	UNRESOLVED	ambiguous	Enterococcus faecium	1234	1-<2kb	50_to_75x	false	chromosome	chromosome	v1.2-General	0.5555555555555556	12	0.0	2
SAMN36766202	107	ambiguous	UNRESOLVED	ambiguous	Enterococcus faecium	4819	2-<5kb	ge_100x	false	chromosome	chromosome	v1.2-General	0.7777777777777778	12	0.0	2
SAMN36766202	136	ambiguous	UNRESOLVED	ambiguous	Enterococcus faecium	2267	2-<5kb	ge_100x	false	chromosome	chromosome	v1.2-General	0.5555555555555556	12	0.0	2
SAMN36766202	139	ambiguous	UNRESOLVED	ambiguous	Enterococcus faecium	1936	1-<2kb	ge_100x	false	chromosome	chromosome	v1.2-General	0.5555555555555556	12	0.0	2
SAMN36766202	151	ambiguous	UNRESOLVED	ambiguous	Enterococcus faecium	1499	1-<2kb	ge_100x	false	chromosome	chromosome	v1.2-General	0.6666666666666666	12	0.0	3
SAMN36766202	153	ambiguous	UNRESOLVED	ambiguous	Enterococcus faecium	1477	1-<2kb	ge_100x	false	chromosome	chromosome	v1.2-General	0.6666666666666666	12	0.0	3
SAMN36766202	154	ambiguous	UNRESOLVED	ambiguous	Enterococcus faecium	1466	1-<2kb	ge_100x	false	chromosome	chromosome	v1.2-General	0.5555555555555556	12	0.0	3
SAMN36766202	158	ambiguous	UNRESOLVED	ambiguous	Enterococcus faecium	1305	1-<2kb	ge_100x	false	chromosome	chromosome	v1.2-General	0.6666666666666666	12	0.0	2
SAMN36766202	161	ambiguous	UNRESOLVED	ambiguous	Enterococcus faecium	1235	1-<2kb	ge_100x	false	chromosome	chromosome	v1.2-General	0.6666666666666666	12	0.0	2
SAMN36766202	164	ambiguous	UNRESOLVED	ambiguous	Enterococcus faecium	1161	1-<2kb	ge_100x	false	chromosome	chromosome	v1.2-General	0.6	12	0.0	2
SAMN36766202	171	ambiguous	UNRESOLVED	ambiguous	Enterococcus faecium	1061	1-<2kb	ge_100x	false	chromosome	chromosome	v1.2-General	0.6666666666666666	12	0.0	2
SAMN36766202	174	ambiguous	UNRESOLVED	ambiguous	Enterococcus faecium	1042	1-<2kb	ge_100x	false	chromosome	chromosome	v1.2-General	0.7777777777777778	12	0.0	3
SAMN36766205	108	ambiguous	UNRESOLVED	ambiguous	Enterococcus faecium	2415	2-<5kb	50_to_75x	false	chromosome	chromosome	v1.2-General	0.7	12	0.0	2
SAMN36766205	114	ambiguous	UNRESOLVED	ambiguous	Enterococcus faecium	2250	2-<5kb	50_to_75x	false	chromosome	chromosome	v1.2-General	0.6	12	0.0	2
SAMN36766205	121	ambiguous	UNRESOLVED	ambiguous	Enterococcus faecium	1794	1-<2kb	50_to_75x	false	chromosome	chromosome	v1.2-General	0.6666666666666666	12	0.0	2
SAMN36766205	124	ambiguous	UNRESOLVED	ambiguous	Enterococcus faecium	1566	1-<2kb	50_to_75x	false	chromosome	chromosome	v1.2-General	0.6666666666666666	12	0.0	2
SAMN36766205	127	ambiguous	UNRESOLVED	ambiguous	Enterococcus faecium	1499	1-<2kb	50_to_75x	false	chromosome	chromosome	v1.2-General	0.6666666666666666	12	0.0	2
SAMN36766205	132	ambiguous	UNRESOLVED	ambiguous	Enterococcus faecium	1365	1-<2kb	50_to_75x	false	chromosome	chromosome	v1.2-General	0.6666666666666666	12	0.0	2
SAMN36766205	133	ambiguous	UNRESOLVED	ambiguous	Enterococcus faecium	1330	1-<2kb	50_to_75x	false	chromosome	chromosome	v1.2-General	0.6666666666666666	12	0.0	2
SAMN36766205	134	ambiguous	UNRESOLVED	ambiguous	Enterococcus faecium	1328	1-<2kb	50_to_75x	false	chromosome	chromosome	v1.2-General	0.8	12	0.0	2
SAMN36766205	136	ambiguous	UNRESOLVED	ambiguous	Enterococcus faecium	1169	1-<2kb	50_to_75x	false	chromosome	chromosome	v1.2-General	0.6666666666666666	12	0.0	2
SAMN36766205	142	ambiguous	UNRESOLVED	ambiguous	Enterococcus faecium	1074	1-<2kb	50_to_75x	false	chromosome	chromosome	v1.2-General	0.8	12	0.0	2
SAMN36766227	19	unmapped	UNRESOLVED	failed	Klebsiella pneumoniae	87608	>=50kb	30_to_50x	true	plasmid	chromosome	v1.1	0.9166666666666666	12	0.0	0
SAMN37639060	55	ambiguous	UNRESOLVED	ambiguous	Enterococcus faecalis	2149	2-<5kb	ge_100x	false	chromosome	chromosome	v1.2-General	0.625	11	0.0	2
SAMN37639060	59	ambiguous	UNRESOLVED	ambiguous	Enterococcus faecalis	1788	1-<2kb	ge_100x	false	chromosome	chromosome	v1.2-General	0.7777777777777778	11	0.0	2
SAMN37639060	66	ambiguous	UNRESOLVED	ambiguous	Enterococcus faecalis	1501	1-<2kb	ge_100x	false	chromosome	chromosome	v1.2-General	0.5555555555555556	11	0.0	2
SAMN37639060	67	ambiguous	UNRESOLVED	ambiguous	Enterococcus faecalis	1338	1-<2kb	ge_100x	false	chromosome	chromosome	v1.2-General	0.625	11	0.0	2
SAMN37639060	68	ambiguous	UNRESOLVED	ambiguous	Enterococcus faecalis	1315	1-<2kb	ge_100x	false	plasmid	plasmid	v1.2-General	0.5	11	0.0	2
SAMN38562723	27	ambiguous	UNRESOLVED	ambiguous	Serratia spp.	1256	1-<2kb	ge_100x	false	chromosome	chromosome	v1.2-General	0.5454545454545454	12	0.0	2
SAMN38673182	20	ambiguous	UNRESOLVED	ambiguous	Enterococcus faecalis	1338	1-<2kb	ge_100x	false	chromosome	chromosome	v1.2-General	0.5	12	0.0	2
SAMN38999337	49	ambiguous	UNRESOLVED	ambiguous	Enterococcus faecium	1065	1-<2kb	ge_100x	false	chromosome	chromosome	v1.2-General	0.6666666666666666	12	0.0	2
SAMN38999338	118	ambiguous	UNRESOLVED	ambiguous	Enterococcus faecium	1731	1-<2kb	ge_100x	false	chromosome	chromosome	v1.2-General	0.6666666666666666	12	0.0	3
SAMN38999338	122	ambiguous	UNRESOLVED	ambiguous	Enterococcus faecium	1514	1-<2kb	ge_100x	false	chromosome	chromosome	v1.2-General	0.6	12	0.0	2
SAMN38999338	124	ambiguous	UNRESOLVED	ambiguous	Enterococcus faecium	1493	1-<2kb	ge_100x	false	chromosome	chromosome	v1.2-General	0.6	12	0.0	2
SAMN38999338	125	ambiguous	UNRESOLVED	ambiguous	Enterococcus faecium	1466	1-<2kb	ge_100x	false	chromosome	chromosome	v1.2-General	0.5555555555555556	12	0.0	2
SAMN38999338	127	ambiguous	UNRESOLVED	ambiguous	Enterococcus faecium	1309	1-<2kb	ge_100x	false	chromosome	chromosome	v1.2-General	0.6666666666666666	12	0.0	3
SAMN38999338	133	ambiguous	UNRESOLVED	ambiguous	Enterococcus faecium	1236	1-<2kb	ge_100x	false	chromosome	chromosome	v1.2-General	0.6666666666666666	12	0.0	3
SAMN39551839	79	ambiguous	UNRESOLVED	ambiguous	Enterobacter spp.	2272	2-<5kb	ge_100x	false	chromosome	chromosome	v1.2-General	0.5	12	0.0	3
SAMN39634308	51	ambiguous	UNRESOLVED	ambiguous	Enterococcus faecalis	2812	2-<5kb	ge_100x	false	chromosome	chromosome	v1.2-General	0.6666666666666666	12	0.0	2
SAMN39634308	57	ambiguous	UNRESOLVED	ambiguous	Enterococcus faecalis	1603	1-<2kb	ge_100x	false	chromosome	chromosome	v1.2-General	0.7777777777777778	12	0.0	2
SAMN39634308	58	ambiguous	UNRESOLVED	ambiguous	Enterococcus faecalis	1324	1-<2kb	ge_100x	false	chromosome	chromosome	v1.2-General	0.6	12	0.0	2
SAMN39634310	37	ambiguous	UNRESOLVED	ambiguous	Enterococcus faecalis	6523	5-<10kb	ge_100x	false	chromosome	chromosome	v1.2-General	1.0	12	0.0	2
SAMN39634310	39	ambiguous	UNRESOLVED	ambiguous	Enterococcus faecalis	5065	5-<10kb	ge_100x	false	chromosome	chromosome	v1.2-General	0.9	12	0.0	2
SAMN39634310	43	ambiguous	UNRESOLVED	ambiguous	Enterococcus faecalis	3283	2-<5kb	ge_100x	false	chromosome	chromosome	v1.2-General	0.9090909090909091	12	0.0	2
SAMN39634310	44	ambiguous	UNRESOLVED	ambiguous	Enterococcus faecalis	2391	2-<5kb	ge_100x	false	chromosome	chromosome	v1.2-General	0.7777777777777778	12	0.0	2
SAMN39634310	45	ambiguous	UNRESOLVED	ambiguous	Enterococcus faecalis	1699	1-<2kb	ge_100x	false	chromosome	chromosome	v1.2-General	0.9090909090909091	12	0.0	2
SAMN39634310	46	ambiguous	UNRESOLVED	ambiguous	Enterococcus faecalis	1513	1-<2kb	ge_100x	false	chromosome	chromosome	v1.2-General	0.9	12	0.0	2
SAMN39634310	47	ambiguous	UNRESOLVED	ambiguous	Enterococcus faecalis	1338	1-<2kb	ge_100x	false	chromosome	chromosome	v1.2-General	0.5555555555555556	12	0.0	3
SAMN39634310	48	ambiguous	UNRESOLVED	ambiguous	Enterococcus faecalis	1263	1-<2kb	ge_100x	false	chromosome	chromosome	v1.2-General	0.5454545454545454	12	0.0	2
SAMN39634310	49	ambiguous	UNRESOLVED	ambiguous	Enterococcus faecalis	1117	1-<2kb	ge_100x	false	chromosome	chromosome	v1.2-General	0.6666666666666666	12	0.0	2
SAMN39634310	50	unmapped	UNRESOLVED	failed	Enterococcus faecalis	1058	1-<2kb	ge_100x	false	chromosome	chromosome	v1.2-General	0.9090909090909091	12	0.0	0
SAMN39634310	51	ambiguous	UNRESOLVED	ambiguous	Enterococcus faecalis	1048	1-<2kb	ge_100x	false	chromosome	chromosome	v1.2-General	1.0	12	0.0	2
SAMN39724761	54	ambiguous	UNRESOLVED	ambiguous	Klebsiella pneumoniae	2581	2-<5kb	ge_100x	false	chromosome	chromosome	v1.2-General	0.6	12	0.0	3
SAMN39724761	57	ambiguous	UNRESOLVED	ambiguous	Klebsiella pneumoniae	1956	1-<2kb	ge_100x	false	plasmid	plasmid	v1.2-General	0.8	12	0.0	2
SAMN39724761	68	ambiguous	UNRESOLVED	ambiguous	Klebsiella pneumoniae	1028	1-<2kb	ge_100x	true	plasmid	chromosome	v1.1	0.5454545454545454	12	0.0	2
SAMN40123770	59	unmapped	UNRESOLVED	failed	Klebsiella pneumoniae	2587	2-<5kb	ge_100x	false	plasmid	plasmid	v1.2-General	0.8333333333333334	12	0.0	0
SAMN40123770	62	unmapped	UNRESOLVED	failed	Klebsiella pneumoniae	2351	2-<5kb	ge_100x	false	plasmid	plasmid	v1.2-General	0.9166666666666666	12	0.0	0
SAMN40123770	65	ambiguous	UNRESOLVED	ambiguous	Klebsiella pneumoniae	1983	1-<2kb	ge_100x	false	plasmid	plasmid	v1.2-General	0.8	12	0.0	2
SAMN40123770	70	ambiguous	UNRESOLVED	ambiguous	Klebsiella pneumoniae	1443	1-<2kb	ge_100x	false	chromosome	chromosome	v1.2-General	0.6363636363636364	12	0.0	2
SAMN40323371	83	ambiguous	UNRESOLVED	ambiguous	Enterococcus faecium	1124	1-<2kb	50_to_75x	false	chromosome	chromosome	v1.2-General	0.6	12	0.0	3
SAMN40323371	84	ambiguous	UNRESOLVED	ambiguous	Enterococcus faecium	1113	1-<2kb	50_to_75x	false	chromosome	chromosome	v1.2-General	0.6	12	0.0	2
SAMN42392509	25	ambiguous	UNRESOLVED	ambiguous	Enterobacter spp.	2411	2-<5kb	30_to_50x	false	chromosome	chromosome	v1.2-General	0.7272727272727273	12	0.0	2
SAMN43047201	20	ambiguous	UNRESOLVED	ambiguous	Enterobacter spp.	1319	1-<2kb	ge_100x	false	chromosome	chromosome	v1.2-General	0.6363636363636364	12	0.0	2
SAMN43844647	48	ambiguous	UNRESOLVED	ambiguous	Klebsiella pneumoniae	1162	1-<2kb	ge_100x	false	chromosome	chromosome	v1.2-General	0.7	12	0.0	2
SAMN43844647	49	ambiguous	UNRESOLVED	ambiguous	Klebsiella pneumoniae	1105	1-<2kb	ge_100x	false	plasmid	plasmid	v1.2-General	0.8	12	0.0	3
SAMN44510955	20	unmapped	UNRESOLVED	failed	Citrobacter spp.	72317	>=50kb	75_to_100x	false	plasmid	plasmid	v1.2-General	0.9166666666666666	12	0.0	0
SAMN44510955	21	unmapped	UNRESOLVED	failed	Citrobacter spp.	40297	10-<50kb	75_to_100x	false	plasmid	plasmid	v1.2-General	0.9166666666666666	12	0.0	0
SAMN44510955	25	unmapped	UNRESOLVED	failed	Citrobacter spp.	31984	10-<50kb	75_to_100x	false	plasmid	plasmid	v1.2-General	1.0	12	0.0	0
SAMN44510955	27	unmapped	UNRESOLVED	failed	Citrobacter spp.	21476	10-<50kb	75_to_100x	false	plasmid	plasmid	v1.2-General	1.0	12	0.0	0
SAMN44510955	29	unmapped	UNRESOLVED	failed	Citrobacter spp.	20129	10-<50kb	75_to_100x	false	chromosome	chromosome	v1.2-General	0.75	12	0.0	0
SAMN44510955	33	unmapped	UNRESOLVED	failed	Citrobacter spp.	10293	10-<50kb	75_to_100x	true	plasmid	plasmid	v1.1	0.9166666666666666	12	0.0	0
SAMN44510955	38	unmapped	UNRESOLVED	failed	Citrobacter spp.	5504	5-<10kb	75_to_100x	false	plasmid	plasmid	v1.2-General	0.9166666666666666	12	0.0	0
SAMN44510955	39	unmapped	UNRESOLVED	failed	Citrobacter spp.	5029	5-<10kb	75_to_100x	false	plasmid	plasmid	v1.2-General	0.9166666666666666	12	0.0	0
SAMN44510955	40	unmapped	UNRESOLVED	failed	Citrobacter spp.	4157	2-<5kb	75_to_100x	false	plasmid	plasmid	v1.2-General	0.9166666666666666	12	0.0	0
SAMN44510955	41	unmapped	UNRESOLVED	failed	Citrobacter spp.	4006	2-<5kb	75_to_100x	false	plasmid	plasmid	v1.2-General	0.8333333333333334	12	0.0	0
SAMN44510955	43	unmapped	UNRESOLVED	failed	Citrobacter spp.	3657	2-<5kb	75_to_100x	true	plasmid	chromosome	v1.1	0.9090909090909091	12	0.0	0
SAMN44510955	44	unmapped	UNRESOLVED	failed	Citrobacter spp.	3461	2-<5kb	75_to_100x	false	plasmid	plasmid	v1.2-General	0.9166666666666666	12	0.0	0
SAMN44510955	45	unmapped	UNRESOLVED	failed	Citrobacter spp.	3367	2-<5kb	75_to_100x	true	plasmid	chromosome	v1.1	0.9166666666666666	12	0.0	0
SAMN44510955	46	unmapped	UNRESOLVED	failed	Citrobacter spp.	3187	2-<5kb	75_to_100x	true	plasmid	chromosome	v1.1	0.6666666666666666	12	0.0	0
SAMN44510955	47	unmapped	UNRESOLVED	failed	Citrobacter spp.	2788	2-<5kb	75_to_100x	false	plasmid	plasmid	v1.2-General	0.9166666666666666	12	0.0	0
SAMN44510955	48	unmapped	UNRESOLVED	failed	Citrobacter spp.	2726	2-<5kb	75_to_100x	false	plasmid	plasmid	v1.2-General	0.8333333333333334	12	0.0	0
SAMN44510955	49	unmapped	UNRESOLVED	failed	Citrobacter spp.	2455	2-<5kb	75_to_100x	false	plasmid	plasmid	v1.2-General	0.8333333333333334	12	0.0	0
SAMN44510955	51	unmapped	UNRESOLVED	failed	Citrobacter spp.	2075	2-<5kb	75_to_100x	false	plasmid	plasmid	v1.2-General	0.8333333333333334	12	0.0	0
SAMN44510955	53	unmapped	UNRESOLVED	failed	Citrobacter spp.	1947	1-<2kb	75_to_100x	false	plasmid	plasmid	v1.2-General	0.75	12	0.0	0
SAMN44510955	57	unmapped	UNRESOLVED	failed	Citrobacter spp.	1399	1-<2kb	75_to_100x	true	plasmid	chromosome	v1.1	0.75	12	0.0	0
SAMN44510955	59	unmapped	UNRESOLVED	failed	Citrobacter spp.	1284	1-<2kb	75_to_100x	false	plasmid	plasmid	v1.2-General	0.8333333333333334	12	0.0	0
SAMN44510955	62	ambiguous	UNRESOLVED	ambiguous	Citrobacter spp.	1108	1-<2kb	75_to_100x	false	plasmid	plasmid	v1.2-General	0.8	12	0.0	2
SAMN46230708	35	ambiguous	UNRESOLVED	ambiguous	Enterococcus faecalis	1324	1-<2kb	ge_100x	false	chromosome	chromosome	v1.2-General	0.5	11	0.0	2
SAMN46230709	8	unmapped	UNRESOLVED	failed	Enterococcus faecalis	114702	>=50kb	30_to_50x	false	chromosome	chromosome	v1.2-General	0.7272727272727273	12	0.0	0
SAMN46230709	25	ambiguous	UNRESOLVED	ambiguous	Enterococcus faecalis	1228	1-<2kb	30_to_50x	false	chromosome	chromosome	v1.2-General	0.8181818181818182	12	0.0	2
SAMN46343359	16	unmapped	UNRESOLVED	failed	Citrobacter spp.	27706	10-<50kb	75_to_100x	false	plasmid	plasmid	v1.2-General	1.0	12	0.0	0
SAMN46343359	17	unmapped	UNRESOLVED	failed	Citrobacter spp.	17222	10-<50kb	75_to_100x	false	plasmid	plasmid	v1.2-General	0.9166666666666666	12	0.0	0
SAMN46343359	19	unmapped	UNRESOLVED	failed	Citrobacter spp.	15377	10-<50kb	75_to_100x	false	plasmid	plasmid	v1.2-General	0.9166666666666666	12	0.0	0
SAMN46343359	20	unmapped	UNRESOLVED	failed	Citrobacter spp.	8761	5-<10kb	75_to_100x	false	plasmid	plasmid	v1.2-General	0.9166666666666666	12	0.0	0
SAMN46343359	21	unmapped	UNRESOLVED	failed	Citrobacter spp.	8641	5-<10kb	75_to_100x	true	plasmid	chromosome	v1.1	0.8333333333333334	12	0.0	0
SAMN46343359	22	unmapped	UNRESOLVED	failed	Citrobacter spp.	6389	5-<10kb	75_to_100x	false	plasmid	plasmid	v1.2-General	1.0	12	0.0	0
SAMN46343359	23	unmapped	UNRESOLVED	failed	Citrobacter spp.	4107	2-<5kb	75_to_100x	false	plasmid	plasmid	v1.2-General	0.9166666666666666	12	0.0	0
SAMN46343359	24	unmapped	UNRESOLVED	failed	Citrobacter spp.	3612	2-<5kb	75_to_100x	false	plasmid	plasmid	v1.2-General	1.0	12	0.0	0
SAMN46343359	25	unmapped	UNRESOLVED	failed	Citrobacter spp.	3232	2-<5kb	75_to_100x	true	plasmid	chromosome	v1.1	0.9166666666666666	12	0.0	0
SAMN46343359	26	unmapped	UNRESOLVED	failed	Citrobacter spp.	2853	2-<5kb	75_to_100x	false	plasmid	plasmid	v1.2-General	0.9090909090909091	12	0.0	0
SAMN46343359	29	unmapped	UNRESOLVED	failed	Citrobacter spp.	2220	2-<5kb	75_to_100x	true	plasmid	chromosome	v1.1	0.8333333333333334	12	0.0	0
SAMN46343359	33	unmapped	UNRESOLVED	failed	Citrobacter spp.	1697	1-<2kb	75_to_100x	false	plasmid	plasmid	v1.2-General	0.75	12	0.0	0
SAMN46343359	34	unmapped	UNRESOLVED	failed	Citrobacter spp.	1438	1-<2kb	75_to_100x	false	plasmid	plasmid	v1.2-General	0.8333333333333334	12	0.0	0
SAMN46343359	36	unmapped	UNRESOLVED	failed	Citrobacter spp.	1356	1-<2kb	75_to_100x	false	plasmid	plasmid	v1.2-General	0.8181818181818182	12	0.0	0
SAMN46343359	39	unmapped	UNRESOLVED	failed	Citrobacter spp.	1040	1-<2kb	75_to_100x	true	chromosome	chromosome	v1.1	0.7272727272727273	12	0.0	0
SAMN46474773	43	unmapped	UNRESOLVED	failed	Serratia spp.	3223	2-<5kb	ge_100x	false	plasmid	plasmid	v1.2-General	0.9166666666666666	12	0.0	0
SAMN46474773	53	ambiguous	UNRESOLVED	ambiguous	Serratia spp.	1159	1-<2kb	ge_100x	false	chromosome	chromosome	v1.2-General	0.5454545454545454	12	0.0	3
SAMN46474823	58	ambiguous	UNRESOLVED	ambiguous	Serratia spp.	1229	1-<2kb	ge_100x	false	chromosome	chromosome	v1.2-General	0.8	12	0.0	2
SAMN46474823	60	ambiguous	UNRESOLVED	ambiguous	Serratia spp.	1201	1-<2kb	ge_100x	false	chromosome	chromosome	v1.2-General	0.6363636363636364	12	0.0	2
SAMN46474823	63	ambiguous	UNRESOLVED	ambiguous	Serratia spp.	1055	1-<2kb	ge_100x	false	chromosome	chromosome	v1.2-General	0.8181818181818182	12	0.0	2
SAMN46474952	49	unmapped	UNRESOLVED	failed	Serratia spp.	12879	10-<50kb	ge_100x	false	plasmid	plasmid	v1.2-General	0.75	12	0.0	0
SAMN46474952	58	unmapped	UNRESOLVED	failed	Serratia spp.	3696	2-<5kb	ge_100x	false	plasmid	plasmid	v1.2-General	0.8333333333333334	12	0.0	0
SAMN46474952	59	unmapped	UNRESOLVED	failed	Serratia spp.	3223	2-<5kb	ge_100x	false	plasmid	plasmid	v1.2-General	0.9166666666666666	12	0.0	0
SAMN46544982	69	ambiguous	UNRESOLVED	ambiguous	Klebsiella pneumoniae	7822	5-<10kb	50_to_75x	false	plasmid	plasmid	v1.2-General	0.9	12	0.0	2
SAMN46544982	94	ambiguous	UNRESOLVED	ambiguous	Klebsiella pneumoniae	1910	1-<2kb	50_to_75x	false	chromosome	chromosome	v1.2-General	0.5	12	0.0	3
SAMN46544982	104	ambiguous	UNRESOLVED	ambiguous	Klebsiella pneumoniae	1336	1-<2kb	50_to_75x	false	plasmid	plasmid	v1.2-General	0.8	12	0.0	2
SAMN46716616	209	ambiguous	UNRESOLVED	ambiguous	Enterococcus faecium	1376	1-<2kb	ge_100x	false	chromosome	chromosome	v1.2-General	0.5555555555555556	12	0.0	2
SAMN46716616	210	ambiguous	UNRESOLVED	ambiguous	Enterococcus faecium	1354	1-<2kb	ge_100x	false	chromosome	chromosome	v1.2-General	0.7777777777777778	12	0.0	3
SAMN46716616	219	ambiguous	UNRESOLVED	ambiguous	Enterococcus faecium	1234	1-<2kb	ge_100x	false	chromosome	chromosome	v1.2-General	0.6666666666666666	12	0.0	3
SAMN46716616	221	ambiguous	UNRESOLVED	ambiguous	Enterococcus faecium	1196	1-<2kb	ge_100x	false	chromosome	chromosome	v1.2-General	0.6666666666666666	12	0.0	2
SAMN46716616	228	ambiguous	UNRESOLVED	ambiguous	Enterococcus faecium	1063	1-<2kb	ge_100x	false	chromosome	chromosome	v1.2-General	0.6666666666666666	12	0.0	2
SAMN46716619	124	ambiguous	UNRESOLVED	ambiguous	Enterococcus faecium	1787	1-<2kb	ge_100x	false	chromosome	chromosome	v1.2-General	0.6	12	0.0	2
SAMN46716619	128	ambiguous	UNRESOLVED	ambiguous	Enterococcus faecium	1466	1-<2kb	ge_100x	false	chromosome	chromosome	v1.2-General	0.6666666666666666	12	0.0	2
SAMN46716619	130	ambiguous	UNRESOLVED	ambiguous	Enterococcus faecium	1366	1-<2kb	ge_100x	false	chromosome	chromosome	v1.2-General	0.6666666666666666	12	0.0	2
SAMN46716619	132	ambiguous	UNRESOLVED	ambiguous	Enterococcus faecium	1341	1-<2kb	ge_100x	false	chromosome	chromosome	v1.2-General	0.6666666666666666	12	0.0	2
SAMN46716619	133	ambiguous	UNRESOLVED	ambiguous	Enterococcus faecium	1339	1-<2kb	ge_100x	false	chromosome	chromosome	v1.2-General	0.6666666666666666	12	0.0	2
SAMN46716619	141	ambiguous	UNRESOLVED	ambiguous	Enterococcus faecium	1038	1-<2kb	ge_100x	false	chromosome	chromosome	v1.2-General	0.5555555555555556	12	0.0	3
SAMN46716619	142	ambiguous	UNRESOLVED	ambiguous	Enterococcus faecium	1010	1-<2kb	ge_100x	false	chromosome	chromosome	v1.2-General	0.6	12	0.0	2
SAMN46716619	146	ambiguous	UNRESOLVED	ambiguous	Enterococcus faecium	1003	1-<2kb	ge_100x	false	chromosome	chromosome	v1.2-General	0.9	12	0.0	2
SAMN46716648	147	ambiguous	UNRESOLVED	ambiguous	Enterococcus faecium	1707	1-<2kb	ge_100x	false	chromosome	chromosome	v1.2-General	0.5555555555555556	12	0.0	2
SAMN46716648	154	ambiguous	UNRESOLVED	ambiguous	Enterococcus faecium	1454	1-<2kb	ge_100x	false	chromosome	chromosome	v1.2-General	0.5555555555555556	12	0.0	2
SAMN46716648	160	ambiguous	UNRESOLVED	ambiguous	Enterococcus faecium	1386	1-<2kb	ge_100x	false	chromosome	chromosome	v1.2-General	0.7777777777777778	12	0.0	2
SAMN46716648	161	ambiguous	UNRESOLVED	ambiguous	Enterococcus faecium	1376	1-<2kb	ge_100x	false	chromosome	chromosome	v1.2-General	0.5	12	0.0	2
SAMN46716648	162	ambiguous	UNRESOLVED	ambiguous	Enterococcus faecium	1374	1-<2kb	ge_100x	false	chromosome	chromosome	v1.2-General	0.6666666666666666	12	0.0	3
SAMN46716648	165	ambiguous	UNRESOLVED	ambiguous	Enterococcus faecium	1324	1-<2kb	ge_100x	false	chromosome	chromosome	v1.2-General	0.7	12	0.0	3
SAMN46716648	168	ambiguous	UNRESOLVED	ambiguous	Enterococcus faecium	1234	1-<2kb	ge_100x	false	chromosome	chromosome	v1.2-General	0.5555555555555556	12	0.0	2
SAMN46716648	173	ambiguous	UNRESOLVED	ambiguous	Enterococcus faecium	1072	1-<2kb	ge_100x	false	chromosome	chromosome	v1.2-General	0.6666666666666666	12	0.0	2
SAMN46716648	175	ambiguous	UNRESOLVED	ambiguous	Enterococcus faecium	1063	1-<2kb	ge_100x	false	chromosome	chromosome	v1.2-General	0.6	12	0.0	2
SAMN46716648	176	ambiguous	UNRESOLVED	ambiguous	Enterococcus faecium	1058	1-<2kb	ge_100x	false	chromosome	chromosome	v1.2-General	0.6666666666666666	12	0.0	2
SAMN46716649	105	ambiguous	UNRESOLVED	ambiguous	Enterococcus faecium	2960	2-<5kb	ge_100x	false	chromosome	chromosome	v1.2-General	0.7	11	0.0	2
SAMN46716649	118	ambiguous	UNRESOLVED	ambiguous	Enterococcus faecium	1635	1-<2kb	ge_100x	false	chromosome	chromosome	v1.2-General	0.6666666666666666	11	0.0	2
SAMN46716649	121	ambiguous	UNRESOLVED	ambiguous	Enterococcus faecium	1466	1-<2kb	ge_100x	false	chromosome	chromosome	v1.2-General	0.6666666666666666	11	0.0	3
SAMN46716649	125	ambiguous	UNRESOLVED	ambiguous	Enterococcus faecium	1366	1-<2kb	ge_100x	false	chromosome	chromosome	v1.2-General	0.6666666666666666	11	0.0	2
SAMN46716649	126	ambiguous	UNRESOLVED	ambiguous	Enterococcus faecium	1328	1-<2kb	ge_100x	false	chromosome	chromosome	v1.2-General	0.7	11	0.0	2
SAMN46716649	130	ambiguous	UNRESOLVED	ambiguous	Enterococcus faecium	1128	1-<2kb	ge_100x	false	chromosome	chromosome	v1.2-General	0.7	11	0.0	2
SAMN46716649	135	ambiguous	UNRESOLVED	ambiguous	Enterococcus faecium	1042	1-<2kb	ge_100x	false	plasmid	plasmid	v1.2-General	0.7777777777777778	11	0.0	3
SAMN46716649	136	ambiguous	UNRESOLVED	ambiguous	Enterococcus faecium	1006	1-<2kb	ge_100x	false	chromosome	chromosome	v1.2-General	0.6	11	0.0	2
SAMN46778011	105	ambiguous	UNRESOLVED	ambiguous	Klebsiella pneumoniae	2455	2-<5kb	50_to_75x	false	chromosome	chromosome	v1.2-General	0.6	12	0.0	2
SAMN46778011	109	ambiguous	UNRESOLVED	ambiguous	Klebsiella pneumoniae	2275	2-<5kb	50_to_75x	false	chromosome	chromosome	v1.2-General	0.7	12	0.0	3
SAMN46778011	126	ambiguous	UNRESOLVED	ambiguous	Klebsiella pneumoniae	1382	1-<2kb	50_to_75x	false	chromosome	chromosome	v1.2-General	0.6363636363636364	12	0.0	2
SAMN46778011	130	ambiguous	UNRESOLVED	ambiguous	Klebsiella pneumoniae	1258	1-<2kb	50_to_75x	false	chromosome	chromosome	v1.2-General	0.5	12	0.0	2
SAMN46862811	60	ambiguous	UNRESOLVED	ambiguous	Klebsiella pneumoniae	1059	1-<2kb	50_to_75x	false	plasmid	plasmid	v1.2-General	0.8	12	0.0	2
SAMN46862817	91	ambiguous	UNRESOLVED	ambiguous	Klebsiella pneumoniae	1202	1-<2kb	50_to_75x	false	chromosome	chromosome	v1.2-General	0.8	12	0.0	2
SAMN46862817	92	ambiguous	UNRESOLVED	ambiguous	Klebsiella pneumoniae	1200	1-<2kb	50_to_75x	false	chromosome	chromosome	v1.2-General	0.6	12	0.0	2
SAMN46862834	52	ambiguous	UNRESOLVED	ambiguous	Klebsiella pneumoniae	1915	1-<2kb	30_to_50x	false	chromosome	chromosome	v1.2-General	0.6363636363636364	12	0.0	2
SAMN46862848	38	ambiguous	UNRESOLVED	ambiguous	Klebsiella pneumoniae	1096	1-<2kb	30_to_50x	false	chromosome	chromosome	v1.2-General	0.5454545454545454	12	0.0	2
SAMN46897905	46	ambiguous	UNRESOLVED	ambiguous	Klebsiella pneumoniae	1056	1-<2kb	ge_100x	false	chromosome	chromosome	v1.2-General	0.7272727272727273	12	0.0	2
SAMN47264607	29	unmapped	UNRESOLVED	failed	Enterococcus faecalis	2567	2-<5kb	ge_100x	false	plasmid	plasmid	v1.2-General	0.9090909090909091	12	0.0	0
SAMN47264607	32	unmapped	UNRESOLVED	failed	Enterococcus faecalis	1454	1-<2kb	ge_100x	false	plasmid	plasmid	v1.2-General	0.8181818181818182	12	0.0	0
SAMN47264607	34	ambiguous	UNRESOLVED	ambiguous	Enterococcus faecalis	1301	1-<2kb	ge_100x	false	chromosome	chromosome	v1.2-General	0.6666666666666666	12	0.0	2
SAMN47264642	20	unmapped	UNRESOLVED	failed	Serratia spp.	2603	2-<5kb	ge_100x	false	chromosome	chromosome	v1.2-General	0.7777777777777778	10	0.0	0
SAMN47264642	21	unmapped	UNRESOLVED	failed	Serratia spp.	2586	2-<5kb	ge_100x	false	chromosome	chromosome	v1.2-General	0.7777777777777778	10	0.0	0
SAMN47264642	24	unmapped	UNRESOLVED	failed	Serratia spp.	1277	1-<2kb	ge_100x	false	chromosome	chromosome	v1.2-General	0.8888888888888888	10	0.0	0
SAMN47264642	28	unmapped	UNRESOLVED	failed	Serratia spp.	1018	1-<2kb	ge_100x	false	chromosome	chromosome	v1.2-General	0.8888888888888888	10	0.0	0
SAMN47788335	56	ambiguous	UNRESOLVED	ambiguous	Citrobacter spp.	2439	2-<5kb	ge_100x	false	chromosome	chromosome	v1.2-General	0.6363636363636364	12	0.0	2
SAMN47788335	67	ambiguous	UNRESOLVED	ambiguous	Citrobacter spp.	1195	1-<2kb	ge_100x	false	chromosome	chromosome	v1.2-General	0.5454545454545454	12	0.0	2
SAMN47788335	68	ambiguous	UNRESOLVED	ambiguous	Citrobacter spp.	1104	1-<2kb	ge_100x	false	plasmid	plasmid	v1.2-General	0.8	12	0.0	2
SAMN48144070	109	ambiguous	UNRESOLVED	ambiguous	Enterococcus faecium	1514	1-<2kb	ge_100x	false	chromosome	chromosome	v1.2-General	0.6	12	0.0	2
SAMN48144070	111	ambiguous	UNRESOLVED	ambiguous	Enterococcus faecium	1503	1-<2kb	ge_100x	false	chromosome	chromosome	v1.2-General	0.6	12	0.0	2
SAMN48144070	115	ambiguous	UNRESOLVED	ambiguous	Enterococcus faecium	1284	1-<2kb	ge_100x	false	chromosome	chromosome	v1.2-General	0.6666666666666666	12	0.0	3
SAMN48144070	120	ambiguous	UNRESOLVED	ambiguous	Enterococcus faecium	1236	1-<2kb	ge_100x	false	chromosome	chromosome	v1.2-General	0.6666666666666666	12	0.0	2
SAMN48144087	45	ambiguous	UNRESOLVED	ambiguous	Enterococcus faecium	1324	1-<2kb	ge_100x	false	chromosome	chromosome	v1.2-General	0.5454545454545454	12	0.0	2
SAMN48185768	48	ambiguous	UNRESOLVED	ambiguous	Klebsiella pneumoniae	3575	2-<5kb	ge_100x	false	chromosome	chromosome	v1.2-General	0.8	12	0.0	2
SAMN48185768	58	ambiguous	UNRESOLVED	ambiguous	Klebsiella pneumoniae	1137	1-<2kb	ge_100x	false	chromosome	chromosome	v1.2-General	0.5	12	0.0	2
SAMN48324032	85	ambiguous	UNRESOLVED	ambiguous	Klebsiella pneumoniae	2913	2-<5kb	75_to_100x	true	plasmid	plasmid	v1.1	0.9	12	0.0	2
SAMN48324032	92	ambiguous	UNRESOLVED	ambiguous	Klebsiella pneumoniae	2174	2-<5kb	75_to_100x	false	chromosome	chromosome	v1.2-General	0.6666666666666666	12	0.0	2
SAMN48324032	106	ambiguous	UNRESOLVED	ambiguous	Klebsiella pneumoniae	1175	1-<2kb	75_to_100x	false	plasmid	plasmid	v1.2-General	0.7	12	0.0	2
SAMN48324061	138	ambiguous	UNRESOLVED	ambiguous	Enterococcus faecium	1787	1-<2kb	ge_100x	false	chromosome	chromosome	v1.2-General	0.6666666666666666	12	0.0	2
SAMN48324061	144	ambiguous	UNRESOLVED	ambiguous	Enterococcus faecium	1498	1-<2kb	ge_100x	false	chromosome	chromosome	v1.2-General	0.5555555555555556	12	0.0	2
SAMN48324061	148	ambiguous	UNRESOLVED	ambiguous	Enterococcus faecium	1466	1-<2kb	ge_100x	false	chromosome	chromosome	v1.2-General	0.6666666666666666	12	0.0	2
SAMN48324061	155	ambiguous	UNRESOLVED	ambiguous	Enterococcus faecium	1222	1-<2kb	ge_100x	false	chromosome	chromosome	v1.2-General	0.6	12	0.0	3
SAMN48324061	163	ambiguous	UNRESOLVED	ambiguous	Enterococcus faecium	1040	1-<2kb	ge_100x	false	chromosome	chromosome	v1.2-General	0.5555555555555556	12	0.0	2
SAMN48324061	164	ambiguous	UNRESOLVED	ambiguous	Enterococcus faecium	1014	1-<2kb	ge_100x	false	chromosome	chromosome	v1.2-General	0.5555555555555556	12	0.0	3
SAMN48387105	52	ambiguous	UNRESOLVED	ambiguous	Enterococcus faecalis	1113	1-<2kb	ge_100x	false	chromosome	chromosome	v1.2-General	0.5555555555555556	12	0.0	2
SAMN48451385	118	unmapped	UNRESOLVED	failed	Citrobacter spp.	2323	2-<5kb	75_to_100x	false	plasmid	plasmid	v1.2-General	0.9166666666666666	12	0.0	0
SAMN48451385	120	ambiguous	UNRESOLVED	ambiguous	Citrobacter spp.	2271	2-<5kb	75_to_100x	false	chromosome	chromosome	v1.2-General	0.6	12	0.0	2
SAMN48451385	125	ambiguous	UNRESOLVED	ambiguous	Citrobacter spp.	1819	1-<2kb	75_to_100x	false	plasmid	plasmid	v1.2-General	0.7	12	0.0	2
SAMN48451385	133	ambiguous	UNRESOLVED	ambiguous	Citrobacter spp.	1484	1-<2kb	75_to_100x	false	chromosome	chromosome	v1.2-General	1.0	12	0.0	2
SAMN48451385	138	ambiguous	UNRESOLVED	ambiguous	Citrobacter spp.	1323	1-<2kb	75_to_100x	false	chromosome	chromosome	v1.2-General	0.6666666666666666	12	0.0	2
SAMN48451385	139	ambiguous	UNRESOLVED	ambiguous	Citrobacter spp.	1316	1-<2kb	75_to_100x	false	chromosome	chromosome	v1.2-General	0.7	12	0.0	3
SAMN48451385	144	ambiguous	UNRESOLVED	ambiguous	Citrobacter spp.	1221	1-<2kb	75_to_100x	false	chromosome	chromosome	v1.2-General	0.6363636363636364	12	0.0	2
SAMN48451385	145	ambiguous	UNRESOLVED	ambiguous	Citrobacter spp.	1200	1-<2kb	75_to_100x	false	chromosome	chromosome	v1.2-General	0.6	12	0.0	3
SAMN48451385	149	ambiguous	UNRESOLVED	ambiguous	Citrobacter spp.	1110	1-<2kb	75_to_100x	false	chromosome	chromosome	v1.2-General	1.0	12	0.0	2
SAMN48451385	150	ambiguous	UNRESOLVED	ambiguous	Citrobacter spp.	1100	1-<2kb	75_to_100x	false	chromosome	chromosome	v1.2-General	0.7	12	0.0	2
SAMN48541670	131	ambiguous	UNRESOLVED	ambiguous	Enterococcus faecium	1792	1-<2kb	ge_100x	false	chromosome	chromosome	v1.2-General	0.6666666666666666	12	0.0	3
SAMN48541670	137	ambiguous	UNRESOLVED	ambiguous	Enterococcus faecium	1566	1-<2kb	ge_100x	false	chromosome	chromosome	v1.2-General	0.6666666666666666	12	0.0	2
SAMN48541670	140	ambiguous	UNRESOLVED	ambiguous	Enterococcus faecium	1493	1-<2kb	ge_100x	false	chromosome	chromosome	v1.2-General	0.6666666666666666	12	0.0	2
SAMN48541670	141	ambiguous	UNRESOLVED	ambiguous	Enterococcus faecium	1466	1-<2kb	ge_100x	false	chromosome	chromosome	v1.2-General	0.6666666666666666	12	0.0	2
SAMN48541670	144	ambiguous	UNRESOLVED	ambiguous	Enterococcus faecium	1365	1-<2kb	ge_100x	false	chromosome	chromosome	v1.2-General	0.6666666666666666	12	0.0	2
SAMN48541670	146	ambiguous	UNRESOLVED	ambiguous	Enterococcus faecium	1344	1-<2kb	ge_100x	false	chromosome	chromosome	v1.2-General	0.6666666666666666	12	0.0	2
SAMN48541670	153	ambiguous	UNRESOLVED	ambiguous	Enterococcus faecium	1193	1-<2kb	ge_100x	false	chromosome	chromosome	v1.2-General	0.6666666666666666	12	0.0	2
SAMN48668204	114	unmapped	UNRESOLVED	failed	Enterococcus faecium	4228	2-<5kb	ge_100x	false	plasmid	plasmid	v1.2-General	0.8181818181818182	12	0.0	0
SAMN48668204	142	ambiguous	UNRESOLVED	ambiguous	Enterococcus faecium	1787	1-<2kb	ge_100x	false	chromosome	chromosome	v1.2-General	0.6666666666666666	12	0.0	3
SAMN48668204	150	ambiguous	UNRESOLVED	ambiguous	Enterococcus faecium	1503	1-<2kb	ge_100x	false	chromosome	chromosome	v1.2-General	0.6666666666666666	12	0.0	2
SAMN48668204	151	ambiguous	UNRESOLVED	ambiguous	Enterococcus faecium	1499	1-<2kb	ge_100x	false	chromosome	chromosome	v1.2-General	0.6666666666666666	12	0.0	4
SAMN48668204	153	ambiguous	UNRESOLVED	ambiguous	Enterococcus faecium	1466	1-<2kb	ge_100x	false	chromosome	chromosome	v1.2-General	0.6	12	0.0	2
SAMN48668204	155	ambiguous	UNRESOLVED	ambiguous	Enterococcus faecium	1416	1-<2kb	ge_100x	false	chromosome	chromosome	v1.2-General	0.6666666666666666	12	0.0	2
SAMN48668204	156	ambiguous	UNRESOLVED	ambiguous	Enterococcus faecium	1325	1-<2kb	ge_100x	false	chromosome	chromosome	v1.2-General	0.6	12	0.0	2
SAMN48668204	165	ambiguous	UNRESOLVED	ambiguous	Enterococcus faecium	1040	1-<2kb	ge_100x	false	chromosome	chromosome	v1.2-General	0.6666666666666666	12	0.0	2
SAMN48668204	166	ambiguous	UNRESOLVED	ambiguous	Enterococcus faecium	1036	1-<2kb	ge_100x	false	chromosome	chromosome	v1.2-General	0.6666666666666666	12	0.0	2
SAMN48668204	168	ambiguous	UNRESOLVED	ambiguous	Enterococcus faecium	1010	1-<2kb	ge_100x	false	chromosome	chromosome	v1.2-General	0.6	12	0.0	2
SAMN49384630	57	ambiguous	UNRESOLVED	ambiguous	Enterococcus faecium	14490	10-<50kb	ge_100x	false	chromosome	chromosome	v1.2-General	0.8	12	0.0	2
SAMN49384630	110	unmapped	UNRESOLVED	failed	Enterococcus faecium	4984	2-<5kb	ge_100x	false	chromosome	chromosome	v1.2-General	0.9166666666666666	12	0.0	0
SAMN49384630	149	ambiguous	UNRESOLVED	ambiguous	Enterococcus faecium	1891	1-<2kb	ge_100x	false	chromosome	chromosome	v1.2-General	0.7777777777777778	12	0.0	3
SAMN49384630	162	ambiguous	UNRESOLVED	ambiguous	Enterococcus faecium	1514	1-<2kb	ge_100x	false	chromosome	chromosome	v1.2-General	0.7	12	0.0	2
SAMN49384630	164	ambiguous	UNRESOLVED	ambiguous	Enterococcus faecium	1493	1-<2kb	ge_100x	false	chromosome	chromosome	v1.2-General	0.6666666666666666	12	0.0	4
SAMN49384630	167	ambiguous	UNRESOLVED	ambiguous	Enterococcus faecium	1475	1-<2kb	ge_100x	false	chromosome	chromosome	v1.2-General	0.6	12	0.0	4
SAMN49384630	170	ambiguous	UNRESOLVED	ambiguous	Enterococcus faecium	1466	1-<2kb	ge_100x	false	chromosome	chromosome	v1.2-General	0.6666666666666666	12	0.0	2
SAMN49384630	173	ambiguous	UNRESOLVED	ambiguous	Enterococcus faecium	1366	1-<2kb	ge_100x	false	chromosome	chromosome	v1.2-General	0.6666666666666666	12	0.0	3
SAMN49384630	176	ambiguous	UNRESOLVED	ambiguous	Enterococcus faecium	1324	1-<2kb	ge_100x	false	chromosome	chromosome	v1.2-General	0.6666666666666666	12	0.0	3
SAMN49384630	177	ambiguous	UNRESOLVED	ambiguous	Enterococcus faecium	1271	1-<2kb	ge_100x	false	chromosome	chromosome	v1.2-General	0.5555555555555556	12	0.0	2
SAMN49384630	180	ambiguous	UNRESOLVED	ambiguous	Enterococcus faecium	1232	1-<2kb	ge_100x	false	chromosome	chromosome	v1.2-General	0.6666666666666666	12	0.0	2
SAMN49947234	74	ambiguous	UNRESOLVED	ambiguous	Enterococcus faecium	1681	1-<2kb	ge_100x	false	chromosome	chromosome	v1.2-General	0.5555555555555556	12	0.0	2
SAMN50584031	80	unmapped	UNRESOLVED	failed	Enterobacter spp.	3864	2-<5kb	75_to_100x	false	plasmid	plasmid	v1.2-General	0.5454545454545454	12	0.0	0
SAMN50584031	87	ambiguous	UNRESOLVED	ambiguous	Enterobacter spp.	2743	2-<5kb	75_to_100x	false	chromosome	chromosome	v1.2-General	0.8181818181818182	12	0.0	2
SAMN50584031	104	ambiguous	UNRESOLVED	ambiguous	Enterobacter spp.	1377	1-<2kb	75_to_100x	false	chromosome	chromosome	v1.2-General	0.5454545454545454	12	0.0	2
SAMN50584031	105	ambiguous	UNRESOLVED	ambiguous	Enterobacter spp.	1295	1-<2kb	75_to_100x	false	chromosome	chromosome	v1.2-General	0.5454545454545454	12	0.0	2
SAMN50584031	109	ambiguous	UNRESOLVED	ambiguous	Enterobacter spp.	1090	1-<2kb	75_to_100x	false	chromosome	chromosome	v1.2-General	0.6	12	0.0	2
SAMN51335551	51	ambiguous	UNRESOLVED	ambiguous	Citrobacter spp.	7416	5-<10kb	75_to_100x	false	chromosome	chromosome	v1.2-General	0.6363636363636364	12	0.0	2
SAMN51335551	54	ambiguous	UNRESOLVED	ambiguous	Citrobacter spp.	6176	5-<10kb	75_to_100x	false	chromosome	chromosome	v1.2-General	0.5555555555555556	12	0.0	2
SAMN51335576	37	unmapped	UNRESOLVED	failed	Enterobacter spp.	32658	10-<50kb	75_to_100x	false	chromosome	chromosome	v1.2-General	0.75	12	0.0	0
SAMN51335576	58	unmapped	UNRESOLVED	failed	Enterobacter spp.	4096	2-<5kb	75_to_100x	false	plasmid	plasmid	v1.2-General	1.0	12	0.0	0
SAMN51335576	61	ambiguous	UNRESOLVED	ambiguous	Enterobacter spp.	2439	2-<5kb	75_to_100x	false	chromosome	chromosome	v1.2-General	0.6363636363636364	12	0.0	2
SAMN51335576	65	ambiguous	UNRESOLVED	ambiguous	Enterobacter spp.	1406	1-<2kb	75_to_100x	false	chromosome	chromosome	v1.2-General	0.6363636363636364	12	0.0	2
SAMN51335576	69	unmapped	UNRESOLVED	failed	Enterobacter spp.	1147	1-<2kb	75_to_100x	false	chromosome	chromosome	v1.2-General	0.5833333333333334	12	0.0	0
