tool	prior_Enterobacterales_F1_pct	prior_precision_pct	prior_recall_pct	P1.11_F1_pct_per_isolate_median	P1.11_precision_pct_per_isolate_median	P1.11_recall_pct_per_isolate_median	P1.11_F1_pct_pooled	P1.11_precision_pct_pooled	P1.11_recall_pct_pooled	delta_F1_pct	delta_precision_pct	delta_recall_pct
PlaScope	93.5	94.2	92.8	94.7	97.0	100.0	92.8	92.2	93.4	1.2	2.8	7.2
PlasmidEC	92.6	92.4	92.8	92.3	100.0	95.4	89.3	91.0	87.6	-0.3	7.6	2.6
Plasmer	90.7	83.6	99.1	90.6	87.2	100.0	87.7	81.3	95.2	-0.1	3.6	0.9
gplas2	87.7	92.3	83.6	93.0	100.0	97.4	90.4	93.0	87.9	5.3	7.7	13.8
MOB-recon	86.4	84.7	88.2	84.0	90.0	93.0	82.9	84.3	81.5	-2.4	5.3	4.8
Platon	85.9	92.1	80.6	88.0	100.0	84.6	85.1	92.4	78.9	2.1	7.9	4.0
HyAsP	81.4	81.5	81.4	80.0	84.2	83.8	77.1	78.4	75.8	-1.4	2.7	2.4
RFPlasmid	80.8	73.8	89.2	80.0	88.0	84.8	80.5	82.1	79.1	-0.8	14.2	-4.4
PLASMe	71.9	56.2	99.6	58.8	41.7	100.0	57.9	41.1	98.2	-13.1	-14.5	0.4
plASgraph2	69.5	84.4	59.1	79.3	97.1	72.0	74.1	86.1	65.0	9.8	12.7	12.9
geNomad	59.1	52.3	67.9	53.8	44.7	75.0	54.6	45.3	68.8	-5.3	-7.6	7.1
PlasmidFinder	29.1	97.7	17.1	38.1	100.0	23.1	33.4	98.3	20.1	9.0	2.3	6.0
