tool	their_Ecoli_F1	their_Ecoli_F1_CI	our_Ecoli_F1	our_Ecoli_F1_CI	delta_F1_species_controlled	their_Enterobacterales_F1	delta_F1_uncontrolled	their_Ecoli_prec	our_Ecoli_prec	delta_prec_species_controlled	their_Ecoli_rec	our_Ecoli_rec	delta_rec_species_controlled
PlaScope	97.9	[97.1, 99.0]	94.7	[92.3, 97.1]	-3.2	100.0	-5.3	100.0	97.0	-3.0	100.0	100.0	0.0
PlasmidEC	97.3	[96.8, 97.9]	92.3	[86.5, 94.4]	-5.0	95.7	-3.4	100.0	100.0	0.0	95.2	95.4	0.2
gplas2	97.0	[95.2, 98.2]	93.0	[90.9, 96.1]	-4.0	96.4	-3.4	100.0	100.0	0.0	94.3	97.4	3.1
Plasmer	94.1	[92.7, 97.0]	90.6	[88.0, 93.0]	-3.5	93.9	-3.3	91.3	87.2	-4.1	100.0	100.0	0.0
Platon	93.0	[90.3, 95.5]	88.0	[84.6, 90.9]	-5.0	89.0	-1.0	100.0	100.0	0.0	87.5	84.6	-2.9
RFPlasmid	89.7	[83.5, 95.0]	80.0	[75.0, 82.6]	-9.7	82.5	-2.5	92.0	88.0	-4.0	90.6	84.8	-5.8
MOB-recon	89.5	[84.5, 94.1]	84.0	[80.0, 89.7]	-5.5	90.4	-6.4	91.7	90.0	-1.7	89.3	93.0	3.7
HyAsP	86.1	[72.2, 88.9]	80.0	[71.1, 84.2]	-6.1	85.7	-5.7	81.5	84.2	2.7	89.3	83.8	-5.5
plASgraph2	72.7	[31.6, 86.0]	79.3	[66.7, 88.1]	6.6	84.1	-4.8	94.7	97.1	2.4	82.4	72.0	-10.4
PLASMe	67.7	[57.6, 70.4]	58.8	[51.9, 64.3]	-8.9	70.4	-11.6	51.8	41.7	-10.1	100.0	100.0	0.0
geNomad	60.8	[52.2, 70.0]	53.8	[47.3, 63.4]	-7.0	61.5	-7.7	55.0	44.7	-10.3	73.3	75.0	1.7
PlasmidFinder	30.2	[28.6, 38.1]	38.1	[34.6, 44.4]	7.9	33.3	4.8	100.0	100.0	0.0	17.8	23.1	5.3
